# Rhino

g object_1
v 631.5455322265625 -18.32500076293945 -470.508056640625
v 631.5455322265625 -18.32500076293945 -466.7994079589844
v 631.5608520507812 -18.32500076293945 -466.4864501953125
v 631.6068115234375 -18.32500076293945 -466.2010498046875
v 631.683349609375 -18.32500076293945 -465.9432373046875
v 631.7905883789062 -18.32500076293945 -465.7129516601562
v 631.8892211914062 -18.32500076293945 -465.5597839355469
v 632.0034790039062 -18.32500076293945 -465.4270629882812
v 632.13330078125 -18.32500076293945 -465.3147277832031
v 632.2786865234375 -18.32500076293945 -465.2228393554688
v 632.4396362304688 -18.32500076293945 -465.1513671875
v 632.6161499023438 -18.32500076293945 -465.1003112792969
v 632.8082275390625 -18.32500076293945 -465.0696716308594
v 633.0159301757812 -18.32500076293945 -465.0594482421875
v 633.263916015625 -18.32500076293945 -465.0704956054688
v 633.4912109375 -18.32500076293945 -465.1036071777344
v 633.6978759765625 -18.32500076293945 -465.1588134765625
v 633.8838500976562 -18.32500076293945 -465.2361145019531
v 634.0491333007812 -18.32500076293945 -465.3354797363281
v 634.1937255859375 -18.32500076293945 -465.4569091796875
v 634.3176879882812 -18.32500076293945 -465.6004638671875
v 634.4209594726562 -18.32500076293945 -465.7660522460938
v 634.5084838867188 -18.32500076293945 -465.974609375
v 634.571044921875 -18.32500076293945 -466.2163696289062
v 634.6085815429688 -18.32500076293945 -466.4913024902344
v 634.62109375 -18.32500076293945 -466.7994079589844
v 634.62109375 -18.32500076293945 -470.508056640625
v 630.720458984375 -18.32500076293945 -470.508056640625
v 635.4461059570312 -18.32500076293945 -470.508056640625
v 635.4461059570312 -18.32500076293945 -467.138427734375
v 635.427490234375 -18.32500076293945 -466.6168823242188
v 635.37158203125 -18.32500076293945 -466.1591796875
v 635.2784423828125 -18.32500076293945 -465.7652893066406
v 635.14794921875 -18.32500076293945 -465.4352111816406
v 634.9959716796875 -18.32500076293945 -465.1805725097656
v 634.8135375976562 -18.32500076293945 -464.9598999023438
v 634.6007690429688 -18.32500076293945 -464.7731628417969
v 634.357666015625 -18.32500076293945 -464.6203918457031
v 634.0841064453125 -18.32500076293945 -464.5015563964844
v 633.7802124023438 -18.32500076293945 -464.4166870117188
v 633.4459228515625 -18.32500076293945 -464.3657531738281
v 633.0812377929688 -18.32500076293945 -464.3487854003906
v 632.7166748046875 -18.32500076293945 -464.3657531738281
v 632.382568359375 -18.32500076293945 -464.4166870117188
v 632.0789794921875 -18.32500076293945 -464.5015563964844
v 631.805908203125 -18.32500076293945 -464.6203918457031
v 631.5633544921875 -18.32500076293945 -464.7731628417969
v 631.3512573242188 -18.32500076293945 -464.9598999023438
v 631.169677734375 -18.32500076293945 -465.1805725097656
v 631.0186157226562 -18.32500076293945 -465.4352111816406
v 630.88818359375 -18.32500076293945 -465.7652893066406
v 630.7949829101562 -18.32500076293945 -466.1591796875
v 630.7391357421875 -18.32500076293945 -466.6168823242188
v 630.720458984375 -18.32500076293945 -467.138427734375
v 634.62109375 -18.32500076293945 -470.508056640625
v 634.62109375 -17.32500076293945 -470.508056640625
v 634.62109375 -18.32500076293945 -466.7994079589844
v 634.62109375 -17.32500076293945 -466.7994079589844
v 634.6085815429688 -18.32500076293945 -466.4913024902344
v 634.6085815429688 -17.32500076293945 -466.4913024902344
v 634.571044921875 -18.32500076293945 -466.2163696289062
v 634.571044921875 -17.32500076293945 -466.2163696289062
v 634.5084838867188 -18.32500076293945 -465.974609375
v 634.5084838867188 -17.32500076293945 -465.974609375
v 634.4209594726562 -18.32500076293945 -465.7660522460938
v 634.4209594726562 -17.32500076293945 -465.7660522460938
v 634.3176879882812 -18.32500076293945 -465.6004638671875
v 634.3176879882812 -17.32500076293945 -465.6004638671875
v 634.1937255859375 -18.32500076293945 -465.4569091796875
v 634.1937255859375 -17.32500076293945 -465.4569091796875
v 634.0491333007812 -18.32500076293945 -465.3354797363281
v 634.0491333007812 -17.32500076293945 -465.3354797363281
v 633.8838500976562 -18.32500076293945 -465.2361145019531
v 633.8838500976562 -17.32500076293945 -465.2361145019531
v 633.6978759765625 -18.32500076293945 -465.1588134765625
v 633.6978759765625 -17.32500076293945 -465.1588134765625
v 633.4912109375 -18.32500076293945 -465.1036071777344
v 633.4912109375 -17.32500076293945 -465.1036071777344
v 633.263916015625 -18.32500076293945 -465.0704956054688
v 633.263916015625 -17.32500076293945 -465.0704956054688
v 633.0159301757812 -18.32500076293945 -465.0594482421875
v 633.0159301757812 -17.32500076293945 -465.0594482421875
v 632.8082275390625 -18.32500076293945 -465.0696716308594
v 632.8082275390625 -17.32500076293945 -465.0696716308594
v 632.6161499023438 -18.32500076293945 -465.1003112792969
v 632.6161499023438 -17.32500076293945 -465.1003112792969
v 632.4396362304688 -18.32500076293945 -465.1513671875
v 632.4396362304688 -17.32500076293945 -465.1513671875
v 632.2786865234375 -18.32500076293945 -465.2228393554688
v 632.2786865234375 -17.32500076293945 -465.2228393554688
v 632.13330078125 -18.32500076293945 -465.3147277832031
v 632.13330078125 -17.32500076293945 -465.3147277832031
v 632.0034790039062 -18.32500076293945 -465.4270629882812
v 632.0034790039062 -17.32500076293945 -465.4270629882812
v 631.8892211914062 -18.32500076293945 -465.5597839355469
v 631.8892211914062 -17.32500076293945 -465.5597839355469
v 631.7905883789062 -18.32500076293945 -465.7129516601562
v 631.7905883789062 -17.32500076293945 -465.7129516601562
v 631.683349609375 -18.32500076293945 -465.9432373046875
v 631.683349609375 -17.32500076293945 -465.9432373046875
v 631.6068115234375 -18.32500076293945 -466.2010498046875
v 631.6068115234375 -17.32500076293945 -466.2010498046875
v 631.5608520507812 -18.32500076293945 -466.4864501953125
v 631.5608520507812 -17.32500076293945 -466.4864501953125
v 631.5455322265625 -18.32500076293945 -466.7994079589844
v 631.5455322265625 -17.32500076293945 -466.7994079589844
v 631.5455322265625 -18.32500076293945 -470.508056640625
v 631.5455322265625 -17.32500076293945 -470.508056640625
v 631.5455322265625 -17.82500076293945 -470.508056640625
v 634.62109375 -17.82500076293945 -470.508056640625
v 635.4461059570312 -18.32500076293945 -470.508056640625
v 635.4461059570312 -17.32500076293945 -470.508056640625
v 634.62109375 -18.32500076293945 -470.508056640625
v 634.62109375 -17.32500076293945 -470.508056640625
v 634.62109375 -17.82500076293945 -470.508056640625
v 635.4461059570312 -17.82500076293945 -470.508056640625
v 630.720458984375 -18.32500076293945 -470.508056640625
v 630.720458984375 -17.32500076293945 -470.508056640625
v 630.720458984375 -18.32500076293945 -467.138427734375
v 630.720458984375 -17.32500076293945 -467.138427734375
v 630.7391357421875 -18.32500076293945 -466.6168823242188
v 630.7391357421875 -17.32500076293945 -466.6168823242188
v 630.7949829101562 -18.32500076293945 -466.1591796875
v 630.7949829101562 -17.32500076293945 -466.1591796875
v 630.88818359375 -18.32500076293945 -465.7652893066406
v 630.88818359375 -17.32500076293945 -465.7652893066406
v 631.0186157226562 -18.32500076293945 -465.4352111816406
v 631.0186157226562 -17.32500076293945 -465.4352111816406
v 631.169677734375 -18.32500076293945 -465.1805725097656
v 631.169677734375 -17.32500076293945 -465.1805725097656
v 631.3512573242188 -18.32500076293945 -464.9598999023438
v 631.3512573242188 -17.32500076293945 -464.9598999023438
v 631.5633544921875 -18.32500076293945 -464.7731628417969
v 631.5633544921875 -17.32500076293945 -464.7731628417969
v 631.805908203125 -18.32500076293945 -464.6203918457031
v 631.805908203125 -17.32500076293945 -464.6203918457031
v 632.0789794921875 -18.32500076293945 -464.5015563964844
v 632.0789794921875 -17.32500076293945 -464.5015563964844
v 632.382568359375 -18.32500076293945 -464.4166870117188
v 632.382568359375 -17.32500076293945 -464.4166870117188
v 632.7166748046875 -18.32500076293945 -464.3657531738281
v 632.7166748046875 -17.32500076293945 -464.3657531738281
v 633.0812377929688 -18.32500076293945 -464.3487854003906
v 633.0812377929688 -17.32500076293945 -464.3487854003906
v 633.4459228515625 -18.32500076293945 -464.3657531738281
v 633.4459228515625 -17.32500076293945 -464.3657531738281
v 633.7802124023438 -18.32500076293945 -464.4166870117188
v 633.7802124023438 -17.32500076293945 -464.4166870117188
v 634.0841064453125 -18.32500076293945 -464.5015563964844
v 634.0841064453125 -17.32500076293945 -464.5015563964844
v 634.357666015625 -18.32500076293945 -464.6203918457031
v 634.357666015625 -17.32500076293945 -464.6203918457031
v 634.6007690429688 -18.32500076293945 -464.7731628417969
v 634.6007690429688 -17.32500076293945 -464.7731628417969
v 634.8135375976562 -18.32500076293945 -464.9598999023438
v 634.8135375976562 -17.32500076293945 -464.9598999023438
v 634.9959716796875 -18.32500076293945 -465.1805725097656
v 634.9959716796875 -17.32500076293945 -465.1805725097656
v 635.14794921875 -18.32500076293945 -465.4352111816406
v 635.14794921875 -17.32500076293945 -465.4352111816406
v 635.2784423828125 -18.32500076293945 -465.7652893066406
v 635.2784423828125 -17.32500076293945 -465.7652893066406
v 635.37158203125 -18.32500076293945 -466.1591796875
v 635.37158203125 -17.32500076293945 -466.1591796875
v 635.427490234375 -18.32500076293945 -466.6168823242188
v 635.427490234375 -17.32500076293945 -466.6168823242188
v 635.4461059570312 -18.32500076293945 -467.138427734375
v 635.4461059570312 -17.32500076293945 -467.138427734375
v 635.4461059570312 -18.32500076293945 -470.508056640625
v 635.4461059570312 -17.32500076293945 -470.508056640625
v 635.4461059570312 -17.82500076293945 -470.508056640625
v 630.720458984375 -17.82500076293945 -470.508056640625
v 631.5455322265625 -18.32500076293945 -470.508056640625
v 631.5455322265625 -17.32500076293945 -470.508056640625
v 630.720458984375 -18.32500076293945 -470.508056640625
v 630.720458984375 -17.32500076293945 -470.508056640625
v 631.5455322265625 -17.82500076293945 -470.508056640625
v 630.720458984375 -17.82500076293945 -470.508056640625
v 631.5455322265625 -17.32500076293945 -470.508056640625
v 631.5455322265625 -17.32500076293945 -466.7994079589844
v 631.5608520507812 -17.32500076293945 -466.4864501953125
v 631.6068115234375 -17.32500076293945 -466.2010498046875
v 631.683349609375 -17.32500076293945 -465.9432373046875
v 631.7905883789062 -17.32500076293945 -465.7129516601562
v 631.8892211914062 -17.32500076293945 -465.5597839355469
v 632.0034790039062 -17.32500076293945 -465.4270629882812
v 632.13330078125 -17.32500076293945 -465.3147277832031
v 632.2786865234375 -17.32500076293945 -465.2228393554688
v 632.4396362304688 -17.32500076293945 -465.1513671875
v 632.6161499023438 -17.32500076293945 -465.1003112792969
v 632.8082275390625 -17.32500076293945 -465.0696716308594
v 633.0159301757812 -17.32500076293945 -465.0594482421875
v 633.263916015625 -17.32500076293945 -465.0704956054688
v 633.4912109375 -17.32500076293945 -465.1036071777344
v 633.6978759765625 -17.32500076293945 -465.1588134765625
v 633.8838500976562 -17.32500076293945 -465.2361145019531
v 634.0491333007812 -17.32500076293945 -465.3354797363281
v 634.1937255859375 -17.32500076293945 -465.4569091796875
v 634.3176879882812 -17.32500076293945 -465.6004638671875
v 634.4209594726562 -17.32500076293945 -465.7660522460938
v 634.5084838867188 -17.32500076293945 -465.974609375
v 634.571044921875 -17.32500076293945 -466.2163696289062
v 634.6085815429688 -17.32500076293945 -466.4913024902344
v 634.62109375 -17.32500076293945 -466.7994079589844
v 634.62109375 -17.32500076293945 -470.508056640625
v 635.4461059570312 -17.32500076293945 -470.508056640625
v 635.4461059570312 -17.32500076293945 -467.138427734375
v 635.427490234375 -17.32500076293945 -466.6168823242188
v 635.37158203125 -17.32500076293945 -466.1591796875
v 635.2784423828125 -17.32500076293945 -465.7652893066406
v 635.14794921875 -17.32500076293945 -465.4352111816406
v 634.9959716796875 -17.32500076293945 -465.1805725097656
v 634.8135375976562 -17.32500076293945 -464.9598999023438
v 634.6007690429688 -17.32500076293945 -464.7731628417969
v 634.357666015625 -17.32500076293945 -464.6203918457031
v 634.0841064453125 -17.32500076293945 -464.5015563964844
v 633.7802124023438 -17.32500076293945 -464.4166870117188
v 633.4459228515625 -17.32500076293945 -464.3657531738281
v 633.0812377929688 -17.32500076293945 -464.3487854003906
v 632.7166748046875 -17.32500076293945 -464.3657531738281
v 632.382568359375 -17.32500076293945 -464.4166870117188
v 632.0789794921875 -17.32500076293945 -464.5015563964844
v 631.805908203125 -17.32500076293945 -464.6203918457031
v 631.5633544921875 -17.32500076293945 -464.7731628417969
v 631.3512573242188 -17.32500076293945 -464.9598999023438
v 631.169677734375 -17.32500076293945 -465.1805725097656
v 631.0186157226562 -17.32500076293945 -465.4352111816406
v 630.88818359375 -17.32500076293945 -465.7652893066406
v 630.7949829101562 -17.32500076293945 -466.1591796875
v 630.7391357421875 -17.32500076293945 -466.6168823242188
v 630.720458984375 -17.32500076293945 -467.138427734375
v 630.720458984375 -17.32500076293945 -470.508056640625
vt 0.4411410093307495 0.004062391351908445
vt 0.4411410093307495 0.248667910695076
vt 0.4421465694904327 0.2693099081516266
vt 0.44516322016716 0.2881334722042084
vt 0.4501909911632538 0.3051386177539825
vt 0.457229882478714 0.3203254640102386
vt 0.4637073576450348 0.3304276168346405
vt 0.4712071120738983 0.3391827642917633
vt 0.479729175567627 0.3465909957885742
vt 0.4892735481262207 0.3526522219181061
vt 0.4998402297496796 0.357366532087326
vt 0.5114292502403259 0.3607338964939117
vt 0.5240406394004822 0.3627542853355408
vt 0.5376743078231812 0.3634277582168579
vt 0.5539559721946716 0.362699568271637
vt 0.5688801407814026 0.3605150282382965
vt 0.5824467539787292 0.3568740487098694
vt 0.5946558117866516 0.3517767488956451
vt 0.6055074334144592 0.3452230095863342
vt 0.6150014996528625 0.3372128903865814
vt 0.6231381297111511 0.3277463316917419
vt 0.6299172639846802 0.316823422908783
vt 0.6356657147407532 0.3030677139759064
vt 0.6397716999053955 0.2871232628822327
vt 0.6422353386878967 0.2689900100231171
vt 0.6430565118789673 0.248667910695076
vt 0.6430565118789673 0.004062391351908445
vt 0.3869750797748566 0.004062391351908445
vt 0.6972224116325378 0.004062391351908445
vt 0.6972224116325378 0.2263085842132568
vt 0.6959990262985229 0.2607063353061676
vt 0.6923287510871887 0.2908947169780731
vt 0.6862116456031799 0.3168739080429077
vt 0.677647590637207 0.3386439383029938
vt 0.6676674485206604 0.355438768863678
vt 0.655692994594574 0.3699942529201508
vt 0.641724169254303 0.3823103606700897
vt 0.6257610321044922 0.3923872113227844
vt 0.6078035235404968 0.4002247452735901
vt 0.5878516435623169 0.4058229625225067
vt 0.5659053921699524 0.4091818630695343
vt 0.5419647097587585 0.4103015065193176
vt 0.518028199672699 0.4091818630695343
vt 0.4960944652557373 0.4058229625225067
vt 0.4761635363101959 0.4002247452735901
vt 0.4582353532314301 0.3923872113227844
vt 0.4423099160194397 0.3823103606700897
vt 0.4283872246742249 0.3699942529201508
vt 0.4164672195911407 0.355438768863678
vt 0.4065499007701874 0.3386439383029938
vt 0.3979859054088593 0.3168739080429077
vt 0.3918687701225281 0.2908947169780731
vt 0.3881984949111938 0.2607063353061676
vt 0.3869750797748566 0.2263085842132568
vt 0.7662804126739502 0
vt 0.7017897367477417 0
vt 0.7662804126739502 0.1399075239896774
vt 0.7017897367477417 0.1399075239896774
vt 0.7662804126739502 0.1748843938112259
vt 0.7017897367477417 0.1748843938112259
vt 0.7662804126739502 0.2098612636327744
vt 0.7017897367477417 0.2098612636327744
vt 0.7662804126739502 0.2448381334543228
vt 0.7017897367477417 0.2448381334543228
vt 0.7662804126739502 0.2798150479793549
vt 0.7017897367477417 0.2798150479793549
vt 0.7662804126739502 0.2973034679889679
vt 0.7017897367477417 0.2973034679889679
vt 0.7662804126739502 0.3147919178009033
vt 0.7017897367477417 0.3147919178009033
vt 0.7662804126739502 0.3322803378105164
vt 0.7017897367477417 0.3322803378105164
vt 0.7662804126739502 0.3497687876224518
vt 0.7017897367477417 0.3497687876224518
vt 0.7662804126739502 0.3672572076320648
vt 0.7017897367477417 0.3672572076320648
vt 0.7662804126739502 0.3847456574440002
vt 0.7017897367477417 0.3847456574440002
vt 0.7662804126739502 0.4022340774536133
vt 0.7017897367477417 0.4022340774536133
vt 0.7662804126739502 0.4197225272655487
vt 0.7017897367477417 0.4197225272655487
vt 0.7662804126739502 0.4372109472751617
vt 0.7017897367477417 0.4372109472751617
vt 0.7662804126739502 0.4546994268894196
vt 0.7017897367477417 0.4546994268894196
vt 0.7662804126739502 0.4721878468990326
vt 0.7017897367477417 0.4721878468990326
vt 0.7662804126739502 0.4896762669086456
vt 0.7017897367477417 0.4896762669086456
vt 0.7662804126739502 0.5071647763252258
vt 0.7017897367477417 0.5071647763252258
vt 0.7662804126739502 0.5246531963348389
vt 0.7017897367477417 0.5246531963348389
vt 0.7662804126739502 0.5421416163444519
vt 0.7017897367477417 0.5421416163444519
vt 0.7662804126739502 0.5596300959587097
vt 0.7017897367477417 0.5596300959587097
vt 0.7662804126739502 0.5946069359779358
vt 0.7017897367477417 0.5946069359779358
vt 0.7662804126739502 0.6295838356018066
vt 0.7017897367477417 0.6295838356018066
vt 0.7662804126739502 0.6645606756210327
vt 0.7017897367477417 0.6645606756210327
vt 0.7662804126739502 0.6995375752449036
vt 0.7017897367477417 0.6995375752449036
vt 0.7662804126739502 0.8394450545310974
vt 0.7017897367477417 0.8394450545310974
vt 0.7340350747108459 0.8394450545310974
vt 0.7340350747108459 0
vt 0.06449064612388611 0.5
vt 0 0.5
vt 0.06449064612388611 0.5544166564941406
vt 0 0.5544166564941406
vt 0.03224532306194305 0.5544166564941406
vt 0.03224532306194305 0.5
vt 0.8322358727455139 0
vt 0.7677452564239502 0
vt 0.8322358727455139 0.1664225310087204
vt 0.7677452564239502 0.1664225310087204
vt 0.8322358727455139 0.2080281525850296
vt 0.7677452564239502 0.2080281525850296
vt 0.8322358727455139 0.2496337890625
vt 0.7677452564239502 0.2496337890625
vt 0.8322358727455139 0.2912394106388092
vt 0.7677452564239502 0.2912394106388092
vt 0.8322358727455139 0.3328450620174408
vt 0.7677452564239502 0.3328450620174408
vt 0.8322358727455139 0.3536478579044342
vt 0.7677452564239502 0.3536478579044342
vt 0.8322358727455139 0.37445068359375
vt 0.7677452564239502 0.37445068359375
vt 0.8322358727455139 0.3952535092830658
vt 0.7677452564239502 0.3952535092830658
vt 0.8322358727455139 0.4160563051700592
vt 0.7677452564239502 0.4160563051700592
vt 0.8322358727455139 0.436859130859375
vt 0.7677452564239502 0.436859130859375
vt 0.8322358727455139 0.4576619565486908
vt 0.7677452564239502 0.4576619565486908
vt 0.8322358727455139 0.4784647524356842
vt 0.7677452564239502 0.4784647524356842
vt 0.8322358727455139 0.499267578125
vt 0.7677452564239502 0.499267578125
vt 0.8322358727455139 0.5200703740119934
vt 0.7677452564239502 0.5200703740119934
vt 0.8322358727455139 0.5408732295036316
vt 0.7677452564239502 0.5408732295036316
vt 0.8322358727455139 0.561676025390625
vt 0.7677452564239502 0.561676025390625
vt 0.8322358727455139 0.5824788212776184
vt 0.7677452564239502 0.5824788212776184
vt 0.8322358727455139 0.6032816767692566
vt 0.7677452564239502 0.6032816767692566
vt 0.8322358727455139 0.62408447265625
vt 0.7677452564239502 0.62408447265625
vt 0.8322358727455139 0.6448872685432434
vt 0.7677452564239502 0.6448872685432434
vt 0.8322358727455139 0.6656901240348816
vt 0.7677452564239502 0.6656901240348816
vt 0.8322358727455139 0.7072957158088684
vt 0.7677452564239502 0.7072957158088684
vt 0.8322358727455139 0.7489013671875
vt 0.7677452564239502 0.7489013671875
vt 0.8322358727455139 0.7905070185661316
vt 0.7677452564239502 0.7905070185661316
vt 0.8322358727455139 0.8321126103401184
vt 0.7677452564239502 0.8321126103401184
vt 0.8322358727455139 0.99853515625
vt 0.7677452564239502 0.99853515625
vt 0.7999905347824097 0.99853515625
vt 0.7999905347824097 0
vt 0.06449064612388611 0
vt 0 0
vt 0.06449064612388611 0.05441664531826973
vt 0 0.05441664531826973
vt 0.03224532306194305 0
vt 0.03224532306194305 0.05441664531826973
vt 0.1232238784432411 0.004062391351908445
vt 0.1232238784432411 0.248667910695076
vt 0.1242294237017632 0.2693099081516266
vt 0.127246081829071 0.2881334722042084
vt 0.1322738528251648 0.3051386177539825
vt 0.1393127590417862 0.3203254640102386
vt 0.145790234208107 0.3304276168346405
vt 0.1532899886369705 0.3391827642917633
vt 0.1618120521306992 0.3465909957885742
vt 0.1713564097881317 0.3526522219181061
vt 0.1819231063127518 0.357366532087326
vt 0.1935121268033981 0.3607338964939117
vt 0.206123486161232 0.3627542853355408
vt 0.2197571843862534 0.3634277582168579
vt 0.236038863658905 0.362699568271637
vt 0.2509630024433136 0.3605150282382965
vt 0.2645296156406403 0.3568740487098694
vt 0.276738703250885 0.3517767488956451
vt 0.2875902950763702 0.3452230095863342
vt 0.2970843911170959 0.3372128903865814
vt 0.3052209913730621 0.3277463316917419
vt 0.3120001256465912 0.316823422908783
vt 0.3177485764026642 0.3030677139759064
vt 0.3218545913696289 0.2871232628822327
vt 0.3243181705474854 0.2689900100231171
vt 0.3251393735408783 0.248667910695076
vt 0.3251393735408783 0.004062391351908445
vt 0.3793053030967712 0.004062391351908445
vt 0.3793053030967712 0.2263085842132568
vt 0.378081887960434 0.2607063353061676
vt 0.3744116127490997 0.2908947169780731
vt 0.3682944774627686 0.3168739080429077
vt 0.3597304821014404 0.3386439383029938
vt 0.3497503399848938 0.355438768863678
vt 0.337775856256485 0.3699942529201508
vt 0.3238070607185364 0.3823103606700897
vt 0.3078439235687256 0.3923872113227844
vt 0.2898864150047302 0.4002247452735901
vt 0.2699345350265503 0.4058229625225067
vt 0.2479882389307022 0.4091818630695343
vt 0.2240475565195084 0.4103015065193176
vt 0.20011106133461 0.4091818630695343
vt 0.1781773418188095 0.4058229625225067
vt 0.1582464128732681 0.4002247452735901
vt 0.1403182297945023 0.3923872113227844
vt 0.1243928000330925 0.3823103606700897
vt 0.1104700863361359 0.3699942529201508
vt 0.09855008125305176 0.355438768863678
vt 0.08863276988267899 0.3386439383029938
vt 0.08006876707077026 0.3168739080429077
vt 0.07395163923501968 0.2908947169780731
vt 0.07028137892484665 0.2607063353061676
vt 0.06905796378850937 0.2263085842132568
vt 0.06905796378850937 0.004062391351908445
vn 0 -1 0
vn 0 -1 0
vn 0 -1 0
vn 0 -1 0
vn 0 -1 0
vn 0 -1 0
vn 0 -1 0
vn 0 -1 0
vn 0 -1 0
vn 0 -1 0
vn 0 -1 0
vn 0 -1 0
vn 0 -1 0
vn 0 -1 0
vn 0 -1 0
vn 0 -1 0
vn 0 -1 0
vn 0 -1 0
vn 0 -1 0
vn 0 -1 0
vn 0 -1 0
vn 0 -1 0
vn 0 -1 0
vn 0 -1 0
vn 0 -1 0
vn 0 -1 0
vn 0 -1 0
vn 0 -1 0
vn 0 -1 0
vn 0 -1 0
vn 0 -1 0
vn 0 -1 0
vn 0 -1 0
vn 0 -1 0
vn 0 -1 0
vn 0 -1 0
vn 0 -1 0
vn 0 -1 0
vn 0 -1 0
vn 0 -1 0
vn 0 -1 0
vn 0 -1 0
vn 0 -1 0
vn 0 -1 0
vn 0 -1 0
vn 0 -1 0
vn 0 -1 0
vn 0 -1 0
vn 0 -1 0
vn 0 -1 0
vn 0 -1 0
vn 0 -1 0
vn 0 -1 0
vn 0 -1 0
vn -1 0 0
vn -1 0 0
vn -1 0 0
vn -1 0 0
vn -0.9963381886482239 0 -0.0854995921254158
vn -0.9963381886482239 0 -0.0854995921254158
vn -0.9817565083503723 0 -0.1901425570249557
vn -0.9817565083503723 0 -0.1901425570249557
vn -0.9486830234527588 0 -0.3162285387516022
vn -0.9486830234527588 0 -0.3162285387516022
vn -0.8850291967391968 0 -0.465535581111908
vn -0.8850291967391968 0 -0.465535581111908
vn -0.805791974067688 0 -0.5921986699104309
vn -0.805791974067688 0 -0.5921986699104309
vn -0.702355682849884 0 -0.7118261456489563
vn -0.702355682849884 0 -0.7118261456489563
vn -0.5802868008613586 0 -0.8144121766090393
vn -0.5802868008613586 0 -0.8144121766090393
vn -0.4492900371551514 0 -0.8933859467506409
vn -0.4492900371551514 0 -0.8933859467506409
vn -0.3197362720966339 0 -0.9475065469741821
vn -0.3197362720966339 0 -0.9475065469741821
vn -0.199439212679863 0 -0.9799101948738098
vn -0.199439212679863 0 -0.9799101948738098
vn -0.09251142293214798 0 -0.995711624622345
vn -0.09251142293214798 0 -0.995711624622345
vn 0 0 -1
vn 0 0 -1
vn 0.1016409322619438 0 -0.9948211312294006
vn 0.1016409322619438 0 -0.9948211312294006
vn 0.2163563519716263 0 -0.9763144850730896
vn 0.2163563519716263 0 -0.9763144850730896
vn 0.3412854075431824 0 -0.939959704875946
vn 0.3412854075431824 0 -0.939959704875946
vn 0.4705882370471954 0 -0.8823529481887817
vn 0.4705882370471954 0 -0.8823529481887817
vn 0.5959407687187195 0 -0.803028404712677
vn 0.5959407687187195 0 -0.803028404712677
vn 0.7085826396942139 0 -0.7056278586387634
vn 0.7085826396942139 0 -0.7056278586387634
vn 0.8020585179328918 0 -0.597245454788208
vn 0.8020585179328918 0 -0.597245454788208
vn 0.8702568411827087 0 -0.4925982058048248
vn 0.8702568411827087 0 -0.4925982058048248
vn 0.9358452558517456 0 -0.3524112403392792
vn 0.9358452558517456 0 -0.3524112403392792
vn 0.9754918217658997 0 -0.2200357466936111
vn 0.9754918217658997 0 -0.2200357466936111
vn 0.9947991371154785 0 -0.1018559411168098
vn 0.9947991371154785 0 -0.1018559411168098
vn 1 0 0
vn 1 0 0
vn 1 0 0
vn 1 0 0
vn 1 0 0
vn -1 0 0
vn 0 0 -1
vn 0 0 -1
vn 0 0 -1
vn 0 0 -1
vn 0 0 -1
vn 0 0 -1
vn -1 0 0
vn -1 0 0
vn -1 0 0
vn -1 0 0
vn -0.9971153736114502 0 0.07590089738368988
vn -0.9971153736114502 0 0.07590089738368988
vn -0.9850204586982727 0 0.1724376380443573
vn -0.9850204586982727 0 0.1724376380443573
vn -0.9554576873779297 0 0.2951281070709229
vn -0.9554576873779297 0 0.2951281070709229
vn -0.8944271802902222 0 0.4472135901451111
vn -0.8944271802902222 0 0.4472135901451111
vn -0.819315493106842 0 0.5733429789543152
vn -0.819315493106842 0 0.5733429789543152
vn -0.7191697359085083 0 0.6948344111442566
vn -0.7191697359085083 0 0.6948344111442566
vn -0.5983440279960632 0 0.8012393116950989
vn -0.5983440279960632 0 0.8012393116950989
vn -0.4660352468490601 0 0.884766161441803
vn -0.4660352468490601 0 0.884766161441803
vn -0.3330811858177185 0 0.942898154258728
vn -0.3330811858177185 0 0.942898154258728
vn -0.2082975804805756 0 0.9780654907226562
vn -0.2082975804805756 0 0.9780654907226562
vn -0.09672992676496506 0 0.9953106641769409
vn -0.09672992676496506 0 0.9953106641769409
vn 0 0 1
vn 0 0 1
vn 0.09669492393732071 0 0.9953140616416931
vn 0.09669492393732071 0 0.9953140616416931
vn 0.2081381678581238 0 0.9780994057655334
vn 0.2081381678581238 0 0.9780994057655334
vn 0.3326883614063263 0 0.9430368542671204
vn 0.3326883614063263 0 0.9430368542671204
vn 0.4653137922286987 0 0.8851457834243774
vn 0.4653137922286987 0 0.8851457834243774
vn 0.5972670316696167 0 0.8020424246788025
vn 0.5972670316696167 0 0.8020424246788025
vn 0.7178199291229248 0 0.6962288022041321
vn 0.7178199291229248 0 0.6962288022041321
vn 0.8178685307502747 0 0.5754051208496094
vn 0.8178685307502747 0 0.5754051208496094
vn 0.8944271802902222 0 0.4472135901451111
vn 0.8944271802902222 0 0.4472135901451111
vn 0.9554576873779297 0 0.2951281070709229
vn 0.9554576873779297 0 0.2951281070709229
vn 0.9850204586982727 0 0.1724376380443573
vn 0.9850204586982727 0 0.1724376380443573
vn 0.9971153736114502 0 0.07590089738368988
vn 0.9971153736114502 0 0.07590089738368988
vn 1 0 0
vn 1 0 0
vn 1 0 0
vn 1 0 0
vn 1 0 0
vn -1 0 0
vn 0 0 -1
vn 0 0 -1
vn 0 0 -1
vn 0 0 -1
vn 0 0 -1
vn 0 0 -1
vn 0 1 0
vn 0 1 0
vn 0 1 0
vn 0 1 0
vn 0 1 0
vn 0 1 0
vn 0 1 0
vn 0 1 0
vn 0 1 0
vn 0 1 0
vn 0 1 0
vn 0 1 0
vn 0 1 0
vn 0 1 0
vn 0 1 0
vn 0 1 0
vn 0 1 0
vn 0 1 0
vn 0 1 0
vn 0 1 0
vn 0 1 0
vn 0 1 0
vn 0 1 0
vn 0 1 0
vn 0 1 0
vn 0 1 0
vn 0 1 0
vn 0 1 0
vn 0 1 0
vn 0 1 0
vn 0 1 0
vn 0 1 0
vn 0 1 0
vn 0 1 0
vn 0 1 0
vn 0 1 0
vn 0 1 0
vn 0 1 0
vn 0 1 0
vn 0 1 0
vn 0 1 0
vn 0 1 0
vn 0 1 0
vn 0 1 0
vn 0 1 0
vn 0 1 0
vn 0 1 0
vn 0 1 0
vn 0 1 0
vn 0 1 0
vn 0 1 0
vn 0 1 0
vn 0 1 0
vn 0 1 0
f 53/53/53 3/3/3 52/52/52
f 53/53/53 54/54/54 2/2/2
f 50/50/50 51/51/51 5/5/5
f 51/51/51 52/52/52 4/4/4
f 1/1/1 54/54/54 28/28/28
f 54/54/54 1/1/1 2/2/2
f 53/53/53 2/2/2 3/3/3
f 51/51/51 4/4/4 5/5/5
f 6/6/6 49/49/49 5/5/5
f 49/49/49 50/50/50 5/5/5
f 52/52/52 3/3/3 4/4/4
f 7/7/7 48/48/48 6/6/6
f 48/48/48 49/49/49 6/6/6
f 47/47/47 7/7/7 8/8/8
f 9/9/9 46/46/46 8/8/8
f 48/48/48 7/7/7 47/47/47
f 46/46/46 47/47/47 8/8/8
f 46/46/46 9/9/9 45/45/45
f 45/45/45 9/9/9 10/10/10
f 44/44/44 11/11/11 12/12/12
f 45/45/45 11/11/11 44/44/44
f 43/43/43 44/44/44 12/12/12
f 43/43/43 13/13/13 14/14/14
f 43/43/43 12/12/12 13/13/13
f 42/42/42 43/43/43 14/14/14
f 10/10/10 11/11/11 45/45/45
f 32/32/32 24/24/24 25/25/25
f 33/33/33 23/23/23 24/24/24
f 22/22/22 36/36/36 21/21/21
f 21/21/21 37/37/37 20/20/20
f 34/34/34 22/22/22 23/23/23
f 30/30/30 27/27/27 29/29/29
f 26/26/26 27/27/27 30/30/30
f 31/31/31 25/25/25 26/26/26
f 33/33/33 24/24/24 32/32/32
f 31/31/31 32/32/32 25/25/25
f 31/31/31 26/26/26 30/30/30
f 34/34/34 23/23/23 33/33/33
f 39/39/39 40/40/40 17/17/17
f 40/40/40 16/16/16 17/17/17
f 41/41/41 42/42/42 15/15/15
f 15/15/15 42/42/42 14/14/14
f 16/16/16 41/41/41 15/15/15
f 41/41/41 16/16/16 40/40/40
f 39/39/39 17/17/17 18/18/18
f 22/22/22 35/35/35 36/36/36
f 34/34/34 35/35/35 22/22/22
f 21/21/21 36/36/36 37/37/37
f 38/38/38 39/39/39 19/19/19
f 20/20/20 38/38/38 19/19/19
f 37/37/37 38/38/38 20/20/20
f 18/18/18 19/19/19 39/39/39
f 110/110/110 55/55/55 57/57/57
f 59/59/59 60/60/60 58/58/58 57/57/57
f 63/63/63 64/64/64 62/62/62 61/61/61
f 67/67/67 68/68/68 66/66/66 65/65/65
f 65/65/65 66/66/66 64/64/64 63/63/63
f 61/61/61 62/62/62 60/60/60 59/59/59
f 71/71/71 72/72/72 70/70/70 69/69/69
f 73/73/73 74/74/74 72/72/72 71/71/71
f 77/77/77 78/78/78 76/76/76 75/75/75
f 80/80/80 79/79/79 81/81/81 82/82/82
f 79/79/79 80/80/80 78/78/78 77/77/77
f 75/75/75 76/76/76 74/74/74 73/73/73
f 69/69/69 70/70/70 68/68/68 67/67/67
f 56/56/56 110/110/110 58/58/58
f 58/58/58 110/110/110 57/57/57
f 85/85/85 86/86/86 84/84/84 83/83/83
f 87/87/87 88/88/88 86/86/86 85/85/85
f 91/91/91 92/92/92 90/90/90 89/89/89
f 95/95/95 96/96/96 94/94/94 93/93/93
f 93/93/93 94/94/94 92/92/92 91/91/91
f 89/89/89 90/90/90 88/88/88 87/87/87
f 99/99/99 100/100/100 98/98/98 97/97/97
f 101/101/101 102/102/102 100/100/100 99/99/99
f 105/105/105 106/106/106 104/104/104 103/103/103
f 105/105/105 107/107/107 109/109/109
f 103/103/103 104/104/104 102/102/102 101/101/101
f 97/97/97 98/98/98 96/96/96 95/95/95
f 106/106/106 105/105/105 109/109/109 108/108/108
f 83/83/83 84/84/84 82/82/82 81/81/81
f 116/116/116 111/111/111 113/113/113 115/115/115
f 112/112/112 116/116/116 115/115/115 114/114/114
f 172/172/172 117/117/117 119/119/119
f 121/121/121 122/122/122 120/120/120 119/119/119
f 125/125/125 126/126/126 124/124/124 123/123/123
f 129/129/129 130/130/130 128/128/128 127/127/127
f 127/127/127 128/128/128 126/126/126 125/125/125
f 123/123/123 124/124/124 122/122/122 121/121/121
f 133/133/133 134/134/134 132/132/132 131/131/131
f 135/135/135 136/136/136 134/134/134 133/133/133
f 139/139/139 140/140/140 138/138/138 137/137/137
f 142/142/142 141/141/141 143/143/143 144/144/144
f 141/141/141 142/142/142 140/140/140 139/139/139
f 137/137/137 138/138/138 136/136/136 135/135/135
f 131/131/131 132/132/132 130/130/130 129/129/129
f 118/118/118 172/172/172 120/120/120
f 120/120/120 172/172/172 119/119/119
f 147/147/147 148/148/148 146/146/146 145/145/145
f 149/149/149 150/150/150 148/148/148 147/147/147
f 153/153/153 154/154/154 152/152/152 151/151/151
f 157/157/157 158/158/158 156/156/156 155/155/155
f 155/155/155 156/156/156 154/154/154 153/153/153
f 151/151/151 152/152/152 150/150/150 149/149/149
f 161/161/161 162/162/162 160/160/160 159/159/159
f 163/163/163 164/164/164 162/162/162 161/161/161
f 167/167/167 168/168/168 166/166/166 165/165/165
f 167/167/167 169/169/169 171/171/171
f 165/165/165 166/166/166 164/164/164 163/163/163
f 159/159/159 160/160/160 158/158/158 157/157/157
f 168/168/168 167/167/167 171/171/171 170/170/170
f 145/145/145 146/146/146 144/144/144 143/143/143
f 177/177/177 173/173/173 175/175/175 178/178/178
f 174/174/174 177/177/177 178/178/178 176/176/176
f 230/230/230 229/229/229 181/181/181
f 230/230/230 180/180/180 231/231/231
f 227/227/227 183/183/183 228/228/228
f 228/228/228 182/182/182 229/229/229
f 179/179/179 232/232/232 231/231/231
f 231/231/231 180/180/180 179/179/179
f 230/230/230 181/181/181 180/180/180
f 228/228/228 183/183/183 182/182/182
f 184/184/184 183/183/183 226/226/226
f 226/226/226 183/183/183 227/227/227
f 229/229/229 182/182/182 181/181/181
f 185/185/185 184/184/184 225/225/225
f 225/225/225 184/184/184 226/226/226
f 224/224/224 186/186/186 185/185/185
f 187/187/187 186/186/186 223/223/223
f 225/225/225 224/224/224 185/185/185
f 223/223/223 186/186/186 224/224/224
f 223/223/223 222/222/222 187/187/187
f 222/222/222 188/188/188 187/187/187
f 221/221/221 190/190/190 189/189/189
f 222/222/222 221/221/221 189/189/189
f 220/220/220 190/190/190 221/221/221
f 220/220/220 192/192/192 191/191/191
f 220/220/220 191/191/191 190/190/190
f 219/219/219 192/192/192 220/220/220
f 188/188/188 222/222/222 189/189/189
f 209/209/209 203/203/203 202/202/202
f 210/210/210 202/202/202 201/201/201
f 200/200/200 199/199/199 213/213/213
f 199/199/199 198/198/198 214/214/214
f 211/211/211 201/201/201 200/200/200
f 207/207/207 206/206/206 205/205/205
f 204/204/204 207/207/207 205/205/205
f 208/208/208 204/204/204 203/203/203
f 210/210/210 209/209/209 202/202/202
f 208/208/208 203/203/203 209/209/209
f 208/208/208 207/207/207 204/204/204
f 211/211/211 210/210/210 201/201/201
f 216/216/216 195/195/195 217/217/217
f 217/217/217 195/195/195 194/194/194
f 218/218/218 193/193/193 219/219/219
f 193/193/193 192/192/192 219/219/219
f 194/194/194 193/193/193 218/218/218
f 218/218/218 217/217/217 194/194/194
f 216/216/216 196/196/196 195/195/195
f 200/200/200 213/213/213 212/212/212
f 211/211/211 200/200/200 212/212/212
f 199/199/199 214/214/214 213/213/213
f 215/215/215 197/197/197 216/216/216
f 198/198/198 197/197/197 215/215/215
f 214/214/214 198/198/198 215/215/215
f 196/196/196 216/216/216 197/197/197
g object_2
v 636.7041625976562 -18.32500076293945 -470.508056640625
v 637.18408203125 -18.32500076293945 -470.508056640625
v 637.6639404296875 -18.32500076293945 -470.508056640625
v 636.7041625976562 -18.32500076293945 -464.508056640625
v 636.7041625976562 -18.32500076293945 -467.508056640625
v 637.4801635742188 -18.32500076293945 -464.508056640625
v 637.0921630859375 -18.32500076293945 -464.508056640625
v 637.4801635742188 -18.32500076293945 -469.3644409179688
v 637.4801635742188 -18.32500076293945 -466.9362487792969
v 640.5557250976562 -18.32500076293945 -464.508056640625
v 639.0179443359375 -18.32500076293945 -466.9362487792969
v 641.466552734375 -18.32500076293945 -464.508056640625
v 641.0111694335938 -18.32500076293945 -464.508056640625
v 641.466552734375 -18.32500076293945 -470.508056640625
v 641.466552734375 -18.32500076293945 -467.508056640625
v 640.694580078125 -18.32500076293945 -470.508056640625
v 641.08056640625 -18.32500076293945 -470.508056640625
v 640.694580078125 -18.32500076293945 -465.6476135253906
v 640.694580078125 -18.32500076293945 -468.0778503417969
v 639.1792602539062 -18.32500076293945 -468.0778503417969
v 637.6639404296875 -18.32500076293945 -470.508056640625
v 637.6639404296875 -17.32500076293945 -470.508056640625
v 636.7041625976562 -18.32500076293945 -470.508056640625
v 636.7041625976562 -17.32500076293945 -470.508056640625
v 637.18408203125 -18.32500076293945 -470.508056640625
v 636.7041625976562 -17.82500076293945 -470.508056640625
v 637.18408203125 -17.32500076293945 -470.508056640625
v 637.6639404296875 -17.82500076293945 -470.508056640625
v 640.694580078125 -18.32500076293945 -465.6476135253906
v 640.694580078125 -17.32500076293945 -465.6476135253906
v 637.6639404296875 -18.32500076293945 -470.508056640625
v 637.6639404296875 -17.32500076293945 -470.508056640625
v 639.1792602539062 -18.32500076293945 -468.0778503417969
v 637.6639404296875 -17.82500076293945 -470.508056640625
v 639.1792602539062 -17.32500076293945 -468.0778503417969
v 640.694580078125 -18.32500076293945 -470.508056640625
v 640.694580078125 -17.32500076293945 -470.508056640625
v 640.694580078125 -18.32500076293945 -465.6476135253906
v 640.694580078125 -17.32500076293945 -465.6476135253906
v 640.694580078125 -18.32500076293945 -468.0778503417969
v 640.694580078125 -17.32500076293945 -468.0778503417969
v 640.694580078125 -17.82500076293945 -470.508056640625
v 641.466552734375 -18.32500076293945 -470.508056640625
v 641.466552734375 -17.32500076293945 -470.508056640625
v 640.694580078125 -18.32500076293945 -470.508056640625
v 640.694580078125 -17.32500076293945 -470.508056640625
v 641.08056640625 -18.32500076293945 -470.508056640625
v 640.694580078125 -17.82500076293945 -470.508056640625
v 641.08056640625 -17.32500076293945 -470.508056640625
v 641.466552734375 -17.82500076293945 -470.508056640625
v 641.466552734375 -18.32500076293945 -464.508056640625
v 641.466552734375 -17.32500076293945 -464.508056640625
v 641.466552734375 -18.32500076293945 -470.508056640625
v 641.466552734375 -17.32500076293945 -470.508056640625
v 641.466552734375 -18.32500076293945 -467.508056640625
v 641.466552734375 -17.82500076293945 -470.508056640625
v 641.466552734375 -17.32500076293945 -467.508056640625
v 641.466552734375 -17.82500076293945 -464.508056640625
v 640.5557250976562 -18.32500076293945 -464.508056640625
v 640.5557250976562 -17.32500076293945 -464.508056640625
v 641.466552734375 -18.32500076293945 -464.508056640625
v 641.466552734375 -17.32500076293945 -464.508056640625
v 641.0111694335938 -18.32500076293945 -464.508056640625
v 641.466552734375 -17.82500076293945 -464.508056640625
v 641.0111694335938 -17.32500076293945 -464.508056640625
v 640.5557250976562 -17.82500076293945 -464.508056640625
v 637.4801635742188 -18.32500076293945 -469.3644409179688
v 637.4801635742188 -17.32500076293945 -469.3644409179688
v 640.5557250976562 -18.32500076293945 -464.508056640625
v 640.5557250976562 -17.32500076293945 -464.508056640625
v 639.0179443359375 -18.32500076293945 -466.9362487792969
v 640.5557250976562 -17.82500076293945 -464.508056640625
v 639.0179443359375 -17.32500076293945 -466.9362487792969
v 637.4801635742188 -18.32500076293945 -464.508056640625
v 637.4801635742188 -17.32500076293945 -464.508056640625
v 637.4801635742188 -18.32500076293945 -469.3644409179688
v 637.4801635742188 -17.32500076293945 -469.3644409179688
v 637.4801635742188 -18.32500076293945 -466.9362487792969
v 637.4801635742188 -17.32500076293945 -466.9362487792969
v 637.4801635742188 -17.82500076293945 -464.508056640625
v 636.7041625976562 -18.32500076293945 -464.508056640625
v 636.7041625976562 -17.32500076293945 -464.508056640625
v 637.4801635742188 -18.32500076293945 -464.508056640625
v 637.4801635742188 -17.32500076293945 -464.508056640625
v 637.0921630859375 -18.32500076293945 -464.508056640625
v 637.4801635742188 -17.82500076293945 -464.508056640625
v 637.0921630859375 -17.32500076293945 -464.508056640625
v 636.7041625976562 -17.82500076293945 -464.508056640625
v 636.7041625976562 -18.32500076293945 -470.508056640625
v 636.7041625976562 -17.32500076293945 -470.508056640625
v 636.7041625976562 -18.32500076293945 -464.508056640625
v 636.7041625976562 -17.32500076293945 -464.508056640625
v 636.7041625976562 -18.32500076293945 -467.508056640625
v 636.7041625976562 -17.82500076293945 -470.508056640625
v 636.7041625976562 -17.82500076293945 -464.508056640625
v 636.7041625976562 -17.32500076293945 -467.508056640625
v 636.7041625976562 -17.32500076293945 -470.508056640625
v 637.18408203125 -17.32500076293945 -470.508056640625
v 637.6639404296875 -17.32500076293945 -470.508056640625
v 639.1792602539062 -17.32500076293945 -468.0778503417969
v 640.694580078125 -17.32500076293945 -465.6476135253906
v 640.694580078125 -17.32500076293945 -468.0778503417969
v 640.694580078125 -17.32500076293945 -470.508056640625
v 641.08056640625 -17.32500076293945 -470.508056640625
v 641.466552734375 -17.32500076293945 -470.508056640625
v 641.466552734375 -17.32500076293945 -467.508056640625
v 641.466552734375 -17.32500076293945 -464.508056640625
v 641.0111694335938 -17.32500076293945 -464.508056640625
v 640.5557250976562 -17.32500076293945 -464.508056640625
v 639.0179443359375 -17.32500076293945 -466.9362487792969
v 637.4801635742188 -17.32500076293945 -469.3644409179688
v 637.4801635742188 -17.32500076293945 -466.9362487792969
v 637.4801635742188 -17.32500076293945 -464.508056640625
v 637.0921630859375 -17.32500076293945 -464.508056640625
v 636.7041625976562 -17.32500076293945 -464.508056640625
v 636.7041625976562 -17.32500076293945 -467.508056640625
vt 0.4761032164096832 0.0037272316403687
vt 0.4761032164096832 0.04128723964095116
vt 0.4761032164096832 0.0788472443819046
vt 0.00471390737220645 0.0037272316403687
vt 0.2404085546731949 0.0037272316403687
vt 0.00471390737220645 0.0644625648856163
vt 0.00471390737220645 0.03409489616751671
vt 0.3862536549568176 0.0644625648856163
vt 0.1954837888479233 0.0644625648856163
vt 0.00471390737220645 0.3051662743091583
vt 0.1954837888479233 0.1848144084215164
vt 0.00471390737220645 0.3764503598213196
vt 0.00471390737220645 0.3408083319664001
vt 0.4761032164096832 0.3764503598213196
vt 0.2404085546731949 0.3764503598213196
vt 0.4761032164096832 0.3160347044467926
vt 0.4761032164096832 0.3462425172328949
vt 0.09424258023500443 0.3160347044467926
vt 0.2851729094982147 0.3160347044467926
vt 0.2851729094982147 0.1974409818649292
vt 0.3858183026313782 0.6173371076583862
vt 0.3858183026313782 0.6959019899368286
vt 0.4597629308700562 0.6173371076583862
vt 0.4597629308700562 0.6959019899368286
vt 0.4227906167507172 0.6173371076583862
vt 0.4597629308700562 0.6566195487976074
vt 0.4227906167507172 0.6959019899368286
vt 0.3858183026313782 0.6566195487976074
vt 0.2342298179864883 0.3816424608230591
vt 0.157129779458046 0.3816424608230591
vt 0.2342298179864883 0.831653356552124
vt 0.157129779458046 0.831653356552124
vt 0.2342298179864883 0.6066479086875916
vt 0.1956797987222672 0.831653356552124
vt 0.157129779458046 0.6066479086875916
vt 0.155664935708046 0.3816424608230591
vt 0.07856488972902298 0.3816424608230591
vt 0.155664935708046 0.7635031342506409
vt 0.07856488972902298 0.7635031342506409
vt 0.155664935708046 0.5725727677345276
vt 0.07856488972902298 0.5725727677345276
vt 0.1171149089932442 0.3816424608230591
vt 0.3142595589160919 0.3816424608230591
vt 0.3142595589160919 0.4602073431015015
vt 0.3749080002307892 0.3816424608230591
vt 0.3749080002307892 0.4602073431015015
vt 0.3445837795734406 0.3816424608230591
vt 0.3749080002307892 0.4209249019622803
vt 0.3445837795734406 0.4602073431015015
vt 0.3142595589160919 0.4209249019622803
vt 0.6168926954269409 0.3816424608230591
vt 0.5397926568984985 0.3816424608230591
vt 0.6168926954269409 0.8515669107437134
vt 0.5397926568984985 0.8515669107437134
vt 0.6168926954269409 0.6166046857833862
vt 0.5783426761627197 0.8515669107437134
vt 0.5397926568984985 0.6166046857833862
vt 0.5783426761627197 0.3816424608230591
vt 0.3142595589160919 0.6173371076583862
vt 0.3142595589160919 0.6959019899368286
vt 0.3843534588813782 0.6173371076583862
vt 0.3843534588813782 0.6959019899368286
vt 0.3493065237998962 0.6173371076583862
vt 0.3843534588813782 0.6566195487976074
vt 0.3493065237998962 0.6959019899368286
vt 0.3142595589160919 0.6566195487976074
vt 0.3127947151660919 0.3816424608230591
vt 0.2356946617364883 0.3816424608230591
vt 0.3127947151660919 0.8332597613334656
vt 0.2356946617364883 0.8332597613334656
vt 0.3127947151660919 0.6074511408805847
vt 0.2742446959018707 0.8332597613334656
vt 0.2356946617364883 0.6074511408805847
vt 0.07710004597902298 0.3816424608230591
vt 0 0.3816424608230591
vt 0.07710004597902298 0.7631822228431702
vt 0 0.7631822228431702
vt 0.07710004597902298 0.5724123120307922
vt 0 0.5724123120307922
vt 0.03855002298951149 0.3816424608230591
vt 0.3875497877597809 0.3816424608230591
vt 0.3875497877597809 0.4602073431015015
vt 0.4485191106796265 0.3816424608230591
vt 0.4485191106796265 0.4602073431015015
vt 0.4180344343185425 0.3816424608230591
vt 0.4485191106796265 0.4209249019622803
vt 0.4180344343185425 0.4602073431015015
vt 0.3875497877597809 0.4209249019622803
vt 0.5383278131484985 0.3816424608230591
vt 0.4612277746200562 0.3816424608230591
vt 0.5383278131484985 0.8515669107437134
vt 0.4612277746200562 0.8515669107437134
vt 0.5383278131484985 0.6166046857833862
vt 0.4997777938842773 0.3816424608230591
vt 0.4997777938842773 0.8515669107437134
vt 0.4612277746200562 0.6166046857833862
vt 0.6220847964286804 0.00471389340236783
vt 0.6596447825431824 0.00471389340236783
vt 0.6972047686576843 0.00471389340236783
vt 0.8157985210418701 0.1956442147493362
vt 0.9343922734260559 0.3865745365619659
vt 0.9343922734260559 0.1956442147493362
vt 0.9343922734260559 0.00471389340236783
vt 0.9646000862121582 0.00471389340236783
vt 0.9948078989982605 0.00471389340236783
vt 0.9948078989982605 0.2404085546731949
vt 0.9948078989982605 0.4761032164096832
vt 0.9591658711433411 0.4761032164096832
vt 0.9235238432884216 0.4761032164096832
vt 0.8031719923019409 0.2853333353996277
vt 0.6828201413154602 0.09456346184015274
vt 0.6828201413154602 0.2853333353996277
vt 0.6828201413154602 0.4761032164096832
vt 0.6524524688720703 0.4761032164096832
vt 0.6220847964286804 0.4761032164096832
vt 0.6220847964286804 0.2404085546731949
vn 0 -1 0
vn 0 -1 0
vn 0 -1 0
vn 0 -1 0
vn 0 -1 0
vn 0 -1 0
vn 0 -1 0
vn 0 -1 0
vn 0 -1 0
vn 0 -1 0
vn 0 -1 0
vn 0 -1 0
vn 0 -1 0
vn 0 -1 0
vn 0 -1 0
vn 0 -1 0
vn 0 -1 0
vn 0 -1 0
vn 0 -1 0
vn 0 -1 0
vn 0 0 -1
vn 0 0 -1
vn 0 0 -1
vn 0 0 -1
vn 0 0 -1
vn 0 0 -1
vn 0 0 -1
vn 0 0 -1
vn 0.8485586643218994 0 -0.5291013121604919
vn 0.8485586643218994 0 -0.5291013121604919
vn 0.8485586643218994 0 -0.5291013121604919
vn 0.8485586643218994 0 -0.5291013121604919
vn 0.8485586643218994 0 -0.5291013121604919
vn 0.8485586643218994 0 -0.5291013121604919
vn 0.8485586643218994 0 -0.5291013121604919
vn -1 0 0
vn -1 0 0
vn -1 0 0
vn -1 0 0
vn -1 0 0
vn -1 0 0
vn -1 0 0
vn 0 0 -1
vn 0 0 -1
vn 0 0 -1
vn 0 0 -1
vn 0 0 -1
vn 0 0 -1
vn 0 0 -1
vn 0 0 -1
vn 1 0 0
vn 1 0 0
vn 1 0 0
vn 1 0 0
vn 1 0 0
vn 1 0 0
vn 1 0 0
vn 1 0 0
vn 0 0 1
vn 0 0 1
vn 0 0 1
vn 0 0 1
vn 0 0 1
vn 0 0 1
vn 0 0 1
vn 0 0 1
vn -0.844829797744751 0 0.5350351929664612
vn -0.844829797744751 0 0.5350351929664612
vn -0.844829797744751 0 0.5350351929664612
vn -0.844829797744751 0 0.5350351929664612
vn -0.844829797744751 0 0.5350351929664612
vn -0.844829797744751 0 0.5350351929664612
vn -0.844829797744751 0 0.5350351929664612
vn 1 0 0
vn 1 0 0
vn 1 0 0
vn 1 0 0
vn 1 0 0
vn 1 0 0
vn 1 0 0
vn 0 0 1
vn 0 0 1
vn 0 0 1
vn 0 0 1
vn 0 0 1
vn 0 0 1
vn 0 0 1
vn 0 0 1
vn -1 0 0
vn -1 0 0
vn -1 0 0
vn -1 0 0
vn -1 0 0
vn -1 0 0
vn -1 0 0
vn -1 0 0
vn 0 1 0
vn 0 1 0
vn 0 1 0
vn 0 1 0
vn 0 1 0
vn 0 1 0
vn 0 1 0
vn 0 1 0
vn 0 1 0
vn 0 1 0
vn 0 1 0
vn 0 1 0
vn 0 1 0
vn 0 1 0
vn 0 1 0
vn 0 1 0
vn 0 1 0
vn 0 1 0
vn 0 1 0
vn 0 1 0
f 237/237/237 233/233/233 240/240/240 241/241/241
f 240/240/240 234/234/234 235/235/235
f 252/252/252 243/243/243 240/240/240
f 233/233/233 234/234/234 240/240/240
f 241/241/241 239/239/239 236/236/236
f 239/239/239 241/241/241 238/238/238
f 241/241/241 236/236/236 237/237/237
f 252/252/252 240/240/240 235/235/235
f 246/246/246 251/251/251 249/249/249
f 248/248/248 249/249/249 251/251/251
f 247/247/247 251/251/251 246/246/246
f 252/252/252 250/250/250 243/243/243
f 245/245/245 242/242/242 250/250/250
f 250/250/250 242/242/242 243/243/243
f 245/245/245 250/250/250 244/244/244
f 247/247/247 244/244/244 250/250/250 251/251/251
f 260/260/260 253/253/253 257/257/257
f 260/260/260 259/259/259 254/254/254
f 258/258/258 260/260/260 257/257/257
f 260/260/260 258/258/258 259/259/259
f 258/258/258 256/256/256 259/259/259
f 255/255/255 258/258/258 257/257/257
f 262/262/262 261/261/261 265/265/265 267/267/267
f 265/265/265 266/266/266 267/267/267
f 266/266/266 264/264/264 267/267/267
f 263/263/263 266/266/266 265/265/265
f 272/272/272 274/274/274 268/268/268
f 273/273/273 269/269/269 274/274/274
f 270/270/270 271/271/271 273/273/273 272/272/272
f 274/274/274 272/272/272 273/273/273
f 282/282/282 275/275/275 279/279/279
f 282/282/282 281/281/281 276/276/276
f 280/280/280 282/282/282 279/279/279
f 282/282/282 280/280/280 281/281/281
f 280/280/280 278/278/278 281/281/281
f 277/277/277 280/280/280 279/279/279
f 290/290/290 283/283/283 287/287/287
f 290/290/290 289/289/289 284/284/284
f 288/288/288 290/290/290 287/287/287
f 290/290/290 288/288/288 289/289/289
f 288/288/288 286/286/286 289/289/289
f 285/285/285 288/288/288 287/287/287
f 298/298/298 291/291/291 295/295/295
f 298/298/298 297/297/297 292/292/292
f 296/296/296 298/298/298 295/295/295
f 298/298/298 296/296/296 297/297/297
f 296/296/296 294/294/294 297/297/297
f 293/293/293 296/296/296 295/295/295
f 300/300/300 299/299/299 303/303/303 305/305/305
f 303/303/303 304/304/304 305/305/305
f 304/304/304 302/302/302 305/305/305
f 301/301/301 304/304/304 303/303/303
f 310/310/310 312/312/312 306/306/306
f 311/311/311 307/307/307 312/312/312
f 308/308/308 309/309/309 311/311/311 310/310/310
f 312/312/312 310/310/310 311/311/311
f 320/320/320 313/313/313 317/317/317
f 320/320/320 319/319/319 314/314/314
f 318/318/318 320/320/320 317/317/317
f 320/320/320 318/318/318 319/319/319
f 318/318/318 316/316/316 319/319/319
f 315/315/315 318/318/318 317/317/317
f 326/326/326 321/321/321 325/325/325
f 326/326/326 328/328/328 322/322/322
f 327/327/327 326/326/326 325/325/325
f 326/326/326 327/327/327 328/328/328
f 327/327/327 324/324/324 328/328/328
f 323/323/323 327/327/327 325/325/325
f 348/348/348 344/344/344 343/343/343 329/329/329
f 343/343/343 331/331/331 330/330/330
f 332/332/332 343/343/343 342/342/342
f 329/329/329 343/343/343 330/330/330
f 344/344/344 347/347/347 346/346/346
f 346/346/346 345/345/345 344/344/344
f 344/344/344 348/348/348 347/347/347
f 332/332/332 331/331/331 343/343/343
f 337/337/337 336/336/336 334/334/334
f 335/335/335 334/334/334 336/336/336
f 338/338/338 337/337/337 334/334/334
f 332/332/332 342/342/342 333/333/333
f 340/340/340 333/333/333 341/341/341
f 333/333/333 342/342/342 341/341/341
f 340/340/340 339/339/339 333/333/333
f 338/338/338 334/334/334 333/333/333 339/339/339
g object_3
v 642.8225708007812 -18.32500076293945 -470.508056640625
v 645.009765625 -18.32500076293945 -470.508056640625
v 647.1969604492188 -18.32500076293945 -470.508056640625
v 642.8225708007812 -18.32500076293945 -464.508056640625
v 642.8225708007812 -18.32500076293945 -467.508056640625
v 647.2582397460938 -18.32500076293945 -464.508056640625
v 645.0404052734375 -18.32500076293945 -464.508056640625
v 647.2582397460938 -18.32500076293945 -465.2228393554688
v 643.6149291992188 -18.32500076293945 -465.2228393554688
v 645.4365844726562 -18.32500076293945 -465.2228393554688
v 643.6149291992188 -18.32500076293945 -467.2568664550781
v 643.6149291992188 -18.32500076293945 -466.2398681640625
v 646.9274291992188 -18.32500076293945 -467.2568664550781
v 645.2711791992188 -18.32500076293945 -467.2568664550781
v 646.9274291992188 -18.32500076293945 -467.9512329101562
v 643.6149291992188 -18.32500076293945 -467.9512329101562
v 645.2711791992188 -18.32500076293945 -467.9512329101562
v 643.6149291992188 -18.32500076293945 -469.7728576660156
v 643.6149291992188 -18.32500076293945 -468.862060546875
v 647.1969604492188 -18.32500076293945 -469.7728576660156
v 645.4059448242188 -18.32500076293945 -469.7728576660156
v 647.1969604492188 -18.32500076293945 -470.508056640625
v 647.1969604492188 -17.32500076293945 -470.508056640625
v 642.8225708007812 -18.32500076293945 -470.508056640625
v 642.8225708007812 -17.32500076293945 -470.508056640625
v 645.009765625 -18.32500076293945 -470.508056640625
v 645.009765625 -17.32500076293945 -470.508056640625
v 647.1969604492188 -17.82500076293945 -470.508056640625
v 647.1969604492188 -18.32500076293945 -469.7728576660156
v 647.1969604492188 -17.32500076293945 -469.7728576660156
v 647.1969604492188 -18.32500076293945 -470.508056640625
v 647.1969604492188 -17.32500076293945 -470.508056640625
v 647.1969604492188 -17.82500076293945 -470.508056640625
v 647.1969604492188 -17.82500076293945 -469.7728576660156
v 643.6149291992188 -18.32500076293945 -469.7728576660156
v 643.6149291992188 -17.32500076293945 -469.7728576660156
v 647.1969604492188 -18.32500076293945 -469.7728576660156
v 647.1969604492188 -17.32500076293945 -469.7728576660156
v 645.4059448242188 -18.32500076293945 -469.7728576660156
v 647.1969604492188 -17.82500076293945 -469.7728576660156
v 645.4059448242188 -17.32500076293945 -469.7728576660156
v 643.6149291992188 -18.32500076293945 -467.9512329101562
v 643.6149291992188 -17.32500076293945 -467.9512329101562
v 643.6149291992188 -18.32500076293945 -469.7728576660156
v 643.6149291992188 -17.32500076293945 -469.7728576660156
v 643.6149291992188 -18.32500076293945 -468.862060546875
v 643.6149291992188 -17.32500076293945 -468.862060546875
v 646.9274291992188 -18.32500076293945 -467.9512329101562
v 646.9274291992188 -17.32500076293945 -467.9512329101562
v 643.6149291992188 -18.32500076293945 -467.9512329101562
v 643.6149291992188 -17.32500076293945 -467.9512329101562
v 645.2711791992188 -18.32500076293945 -467.9512329101562
v 645.2711791992188 -17.32500076293945 -467.9512329101562
v 646.9274291992188 -17.82500076293945 -467.9512329101562
v 646.9274291992188 -18.32500076293945 -467.2568664550781
v 646.9274291992188 -17.32500076293945 -467.2568664550781
v 646.9274291992188 -18.32500076293945 -467.9512329101562
v 646.9274291992188 -17.32500076293945 -467.9512329101562
v 646.9274291992188 -17.82500076293945 -467.9512329101562
v 646.9274291992188 -17.82500076293945 -467.2568664550781
v 643.6149291992188 -18.32500076293945 -467.2568664550781
v 643.6149291992188 -17.32500076293945 -467.2568664550781
v 646.9274291992188 -18.32500076293945 -467.2568664550781
v 646.9274291992188 -17.32500076293945 -467.2568664550781
v 645.2711791992188 -18.32500076293945 -467.2568664550781
v 646.9274291992188 -17.82500076293945 -467.2568664550781
v 645.2711791992188 -17.32500076293945 -467.2568664550781
v 643.6149291992188 -18.32500076293945 -465.2228393554688
v 643.6149291992188 -17.32500076293945 -465.2228393554688
v 643.6149291992188 -18.32500076293945 -467.2568664550781
v 643.6149291992188 -17.32500076293945 -467.2568664550781
v 643.6149291992188 -18.32500076293945 -466.2398681640625
v 643.6149291992188 -17.32500076293945 -466.2398681640625
v 647.2582397460938 -18.32500076293945 -465.2228393554688
v 647.2582397460938 -17.32500076293945 -465.2228393554688
v 643.6149291992188 -18.32500076293945 -465.2228393554688
v 643.6149291992188 -17.32500076293945 -465.2228393554688
v 645.4365844726562 -18.32500076293945 -465.2228393554688
v 645.4365844726562 -17.32500076293945 -465.2228393554688
v 647.2582397460938 -17.82500076293945 -465.2228393554688
v 647.2582397460938 -18.32500076293945 -464.508056640625
v 647.2582397460938 -17.32500076293945 -464.508056640625
v 647.2582397460938 -18.32500076293945 -465.2228393554688
v 647.2582397460938 -17.32500076293945 -465.2228393554688
v 647.2582397460938 -17.82500076293945 -465.2228393554688
v 647.2582397460938 -17.82500076293945 -464.508056640625
v 642.8225708007812 -18.32500076293945 -464.508056640625
v 642.8225708007812 -17.32500076293945 -464.508056640625
v 647.2582397460938 -18.32500076293945 -464.508056640625
v 647.2582397460938 -17.32500076293945 -464.508056640625
v 645.0404052734375 -18.32500076293945 -464.508056640625
v 647.2582397460938 -17.82500076293945 -464.508056640625
v 645.0404052734375 -17.32500076293945 -464.508056640625
v 642.8225708007812 -18.32500076293945 -470.508056640625
v 642.8225708007812 -17.32500076293945 -470.508056640625
v 642.8225708007812 -18.32500076293945 -464.508056640625
v 642.8225708007812 -17.32500076293945 -464.508056640625
v 642.8225708007812 -18.32500076293945 -467.508056640625
v 642.8225708007812 -17.32500076293945 -467.508056640625
v 642.8225708007812 -17.32500076293945 -470.508056640625
v 645.009765625 -17.32500076293945 -470.508056640625
v 647.1969604492188 -17.32500076293945 -470.508056640625
v 647.1969604492188 -17.32500076293945 -469.7728576660156
v 645.4059448242188 -17.32500076293945 -469.7728576660156
v 643.6149291992188 -17.32500076293945 -469.7728576660156
v 643.6149291992188 -17.32500076293945 -468.862060546875
v 643.6149291992188 -17.32500076293945 -467.9512329101562
v 645.2711791992188 -17.32500076293945 -467.9512329101562
v 646.9274291992188 -17.32500076293945 -467.9512329101562
v 646.9274291992188 -17.32500076293945 -467.2568664550781
v 645.2711791992188 -17.32500076293945 -467.2568664550781
v 643.6149291992188 -17.32500076293945 -467.2568664550781
v 643.6149291992188 -17.32500076293945 -466.2398681640625
v 643.6149291992188 -17.32500076293945 -465.2228393554688
v 645.4365844726562 -17.32500076293945 -465.2228393554688
v 647.2582397460938 -17.32500076293945 -465.2228393554688
v 647.2582397460938 -17.32500076293945 -464.508056640625
v 645.0404052734375 -17.32500076293945 -464.508056640625
v 642.8225708007812 -17.32500076293945 -464.508056640625
v 642.8225708007812 -17.32500076293945 -467.508056640625
vt 0.6566561460494995 0.004598135594278574
vt 0.8235654830932617 0.004598135594278574
vt 0.9904748797416687 0.004598135594278574
vt 0.6566561460494995 0.4644116461277008
vt 0.6566561460494995 0.2345048934221268
vt 0.9951502084732056 0.4644116461277008
vt 0.8259031772613525 0.4644116461277008
vt 0.9951502084732056 0.4096346795558929
vt 0.7171237468719482 0.4096346795558929
vt 0.8561369776725769 0.4096346795558929
vt 0.7171237468719482 0.2537550926208496
vt 0.7171237468719482 0.3316948711872101
vt 0.9699034094810486 0.2537550926208496
vt 0.8435136079788208 0.2537550926208496
vt 0.9699034094810486 0.2005431801080704
vt 0.7171237468719482 0.2005431801080704
vt 0.8435136079788208 0.2005431801080704
vt 0.7171237468719482 0.06094015762209892
vt 0.7171237468719482 0.1307416707277298
vt 0.9904748797416687 0.06094015762209892
vt 0.8537993431091309 0.06094015762209892
vt 0.3050775229930878 0.4071232974529266
vt 0.2299067676067352 0.4071232974529266
vt 0.3050775229930878 0.7423583269119263
vt 0.2299067676067352 0.7423583269119263
vt 0.3050775229930878 0.5747408270835876
vt 0.2299067676067352 0.5747408270835876
vt 0.2674921452999115 0.4071232974529266
vt 0.07663559168577194 0.2460807263851166
vt 0 0.2460807263851166
vt 0.07663559168577194 0.3024227619171143
vt 0 0.3024227619171143
vt 0.03831779584288597 0.3024227619171143
vt 0.03831779584288597 0.2460807263851166
vt 0.1518063396215439 0.4071232974529266
vt 0.07663559168577194 0.4071232974529266
vt 0.1518063396215439 0.6816341876983643
vt 0.07663559168577194 0.6816341876983643
vt 0.1518063396215439 0.5443787574768066
vt 0.1142209619283676 0.6816341876983643
vt 0.07663559168577194 0.5443787574768066
vt 0 0.3143137395381927
vt 0 0.3909493386745453
vt 0.1396030187606812 0.3143137395381927
vt 0.1396030187606812 0.3909493386745453
vt 0.06980150938034058 0.3143137395381927
vt 0.06980150938034058 0.3909493386745453
vt 0.07517074793577194 0.4071232974529266
vt 0 0.4071232974529266
vt 0.07517074793577194 0.660975456237793
vt 0 0.660975456237793
vt 0.07517074793577194 0.534049391746521
vt 0 0.534049391746521
vt 0.03758537396788597 0.4071232974529266
vt 0 0.1532711833715439
vt 0 0.2299067676067352
vt 0.05321191251277924 0.1532711833715439
vt 0.05321191251277924 0.2299067676067352
vt 0.05321191251277924 0.191588968038559
vt 0 0.191588968038559
vt 0.558967113494873 0.1532711833715439
vt 0.4823314845561981 0.1532711833715439
vt 0.558967113494873 0.4056584537029266
vt 0.4823314845561981 0.4056584537029266
vt 0.558967113494873 0.2794648110866547
vt 0.5206493139266968 0.4056584537029266
vt 0.4823314845561981 0.2794648110866547
vt 0.3880273997783661 0.1532711833715439
vt 0.3113918304443359 0.1532711833715439
vt 0.3880273997783661 0.3091507852077484
vt 0.3113918304443359 0.3091507852077484
vt 0.3880273997783661 0.2312109768390656
vt 0.3113918304443359 0.2312109768390656
vt 0.2284419238567352 0.4071232974529266
vt 0.1532711833715439 0.4071232974529266
vt 0.2284419238567352 0.6863293647766113
vt 0.1532711833715439 0.6863293647766113
vt 0.2284419238567352 0.5467263460159302
vt 0.1532711833715439 0.5467263460159302
vt 0.190856546163559 0.4071232974529266
vt 0.1534394472837448 0.1532711833715439
vt 0.1534394472837448 0.2299067676067352
vt 0.2082164138555527 0.1532711833715439
vt 0.2082164138555527 0.2299067676067352
vt 0.2082164138555527 0.191588968038559
vt 0.1534394472837448 0.191588968038559
vt 0 0
vt 0 0.07517074793577194
vt 0.3399302065372467 0
vt 0.3399302065372467 0.07517074793577194
vt 0.1699651032686234 0
vt 0.3399302065372467 0.03758537396788597
vt 0.1699651032686234 0.07517074793577194
vt 0 0.07663559168577194
vt 0 0.1518063396215439
vt 0.4598135352134705 0.07663559168577194
vt 0.4598135352134705 0.1518063396215439
vt 0.2299067676067352 0.07663559168577194
vt 0.2299067676067352 0.1518063396215439
vt 0.3099272847175598 0.4117070734500885
vt 0.4768366813659668 0.4117070734500885
vt 0.6437460780143738 0.4117070734500885
vt 0.6437460780143738 0.4678731262683868
vt 0.5070704817771912 0.4678731262683868
vt 0.3703949451446533 0.4678731262683868
vt 0.3703949451446533 0.5374566316604614
vt 0.3703949451446533 0.6070401072502136
vt 0.4967847466468811 0.6070401072502136
vt 0.6231746077537537 0.6070401072502136
vt 0.6231746077537537 0.6600858569145203
vt 0.4967847466468811 0.6600858569145203
vt 0.3703949451446533 0.6600858569145203
vt 0.3703949451446533 0.7377821803092957
vt 0.3703949451446533 0.8154785633087158
vt 0.509408175945282 0.8154785633087158
vt 0.6484214067459106 0.8154785633087158
vt 0.6484214067459106 0.8700844645500183
vt 0.4791743457317352 0.8700844645500183
vt 0.3099272847175598 0.8700844645500183
vt 0.3099272847175598 0.6408957839012146
vn 0 -1 0
vn 0 -1 0
vn 0 -1 0
vn 0 -1 0
vn 0 -1 0
vn 0 -1 0
vn 0 -1 0
vn 0 -1 0
vn 0 -1 0
vn 0 -1 0
vn 0 -1 0
vn 0 -1 0
vn 0 -1 0
vn 0 -1 0
vn 0 -1 0
vn 0 -1 0
vn 0 -1 0
vn 0 -1 0
vn 0 -1 0
vn 0 -1 0
vn 0 -1 0
vn 0 0 -1
vn 0 0 -1
vn 0 0 -1
vn 0 0 -1
vn 0 0 -1
vn 0 0 -1
vn 0 0 -1
vn 1 0 0
vn 1 0 0
vn 1 0 0
vn 1 0 0
vn 1 0 0
vn 1 0 0
vn 0 0 1
vn 0 0 1
vn 0 0 1
vn 0 0 1
vn 0 0 1
vn 0 0 1
vn 0 0 1
vn 1 0 0
vn 1 0 0
vn 1 0 0
vn 1 0 0
vn 1 0 0
vn 1 0 0
vn 0 0 -1
vn 0 0 -1
vn 0 0 -1
vn 0 0 -1
vn 0 0 -1
vn 0 0 -1
vn 0 0 -1
vn 1 0 0
vn 1 0 0
vn 1 0 0
vn 1 0 0
vn 1 0 0
vn 1 0 0
vn 0 0 1
vn 0 0 1
vn 0 0 1
vn 0 0 1
vn 0 0 1
vn 0 0 1
vn 0 0 1
vn 1 0 0
vn 1 0 0
vn 1 0 0
vn 1 0 0
vn 1 0 0
vn 1 0 0
vn 0 0 -1
vn 0 0 -1
vn 0 0 -1
vn 0 0 -1
vn 0 0 -1
vn 0 0 -1
vn 0 0 -1
vn 1 0 0
vn 1 0 0
vn 1 0 0
vn 1 0 0
vn 1 0 0
vn 1 0 0
vn 0 0 1
vn 0 0 1
vn 0 0 1
vn 0 0 1
vn 0 0 1
vn 0 0 1
vn 0 0 1
vn -1 0 0
vn -1 0 0
vn -1 0 0
vn -1 0 0
vn -1 0 0
vn -1 0 0
vn 0 1 0
vn 0 1 0
vn 0 1 0
vn 0 1 0
vn 0 1 0
vn 0 1 0
vn 0 1 0
vn 0 1 0
vn 0 1 0
vn 0 1 0
vn 0 1 0
vn 0 1 0
vn 0 1 0
vn 0 1 0
vn 0 1 0
vn 0 1 0
vn 0 1 0
vn 0 1 0
vn 0 1 0
vn 0 1 0
vn 0 1 0
f 367/367/367 349/349/349 366/366/366
f 349/349/349 350/350/350 369/369/369 366/366/366
f 359/359/359 364/364/364 365/365/365 362/362/362
f 353/353/353 349/349/349 367/367/367
f 364/364/364 353/353/353 367/367/367
f 352/352/352 353/353/353 360/360/360 357/357/357
f 353/353/353 359/359/359 360/360/360
f 359/359/359 353/353/353 364/364/364
f 355/355/355 352/352/352 357/357/357 358/358/358
f 368/368/368 369/369/369 350/350/350 351/351/351
f 363/363/363 361/361/361 362/362/362 365/365/365
f 354/354/354 355/355/355 358/358/358 356/356/356
f 374/374/374 376/376/376 370/370/370
f 375/375/375 371/371/371 376/376/376
f 372/372/372 373/373/373 375/375/375 374/374/374
f 376/376/376 374/374/374 375/375/375
f 382/382/382 377/377/377 379/379/379 381/381/381
f 378/378/378 382/382/382 381/381/381 380/380/380
f 384/384/384 383/383/383 387/387/387 389/389/389
f 387/387/387 388/388/388 389/389/389
f 388/388/388 386/386/386 389/389/389
f 385/385/385 388/388/388 387/387/387
f 391/391/391 390/390/390 394/394/394 395/395/395
f 392/392/392 393/393/393 395/395/395 394/394/394
f 400/400/400 402/402/402 396/396/396
f 401/401/401 397/397/397 402/402/402
f 398/398/398 399/399/399 401/401/401 400/400/400
f 402/402/402 400/400/400 401/401/401
f 408/408/408 403/403/403 405/405/405 407/407/407
f 404/404/404 408/408/408 407/407/407 406/406/406
f 410/410/410 409/409/409 413/413/413 415/415/415
f 413/413/413 414/414/414 415/415/415
f 414/414/414 412/412/412 415/415/415
f 411/411/411 414/414/414 413/413/413
f 417/417/417 416/416/416 420/420/420 421/421/421
f 418/418/418 419/419/419 421/421/421 420/420/420
f 426/426/426 428/428/428 422/422/422
f 427/427/427 423/423/423 428/428/428
f 424/424/424 425/425/425 427/427/427 426/426/426
f 428/428/428 426/426/426 427/427/427
f 434/434/434 429/429/429 431/431/431 433/433/433
f 430/430/430 434/434/434 433/433/433 432/432/432
f 436/436/436 435/435/435 439/439/439 441/441/441
f 439/439/439 440/440/440 441/441/441
f 440/440/440 438/438/438 441/441/441
f 437/437/437 440/440/440 439/439/439
f 443/443/443 442/442/442 446/446/446 447/447/447
f 444/444/444 445/445/445 447/447/447 446/446/446
f 454/454/454 453/453/453 448/448/448
f 448/448/448 453/453/453 452/452/452 449/449/449
f 460/460/460 459/459/459 456/456/456 455/455/455
f 468/468/468 454/454/454 448/448/448
f 455/455/455 454/454/454 468/468/468
f 467/467/467 462/462/462 461/461/461 468/468/468
f 468/468/468 461/461/461 460/460/460
f 460/460/460 455/455/455 468/468/468
f 466/466/466 463/463/463 462/462/462 467/467/467
f 451/451/451 450/450/450 449/449/449 452/452/452
f 457/457/457 456/456/456 459/459/459 458/458/458
f 465/465/465 464/464/464 463/463/463 466/466/466
g object_4
v 648.8389282226562 -18.32500076293945 -464.508056640625
v 648.3488159179688 -18.32500076293945 -464.508056640625
v 647.858642578125 -18.32500076293945 -464.508056640625
v 650.5012817382812 -18.32500076293945 -466.9750366210938
v 649.9471435546875 -18.32500076293945 -466.1527099609375
v 649.39306640625 -18.32500076293945 -465.3303833007812
v 652.1187133789062 -18.32500076293945 -464.508056640625
v 651.3099975585938 -18.32500076293945 -465.7415466308594
v 653.1275634765625 -18.32500076293945 -464.508056640625
v 652.6231079101562 -18.32500076293945 -464.508056640625
v 651.0159301757812 -18.32500076293945 -467.5836181640625
v 652.0717163085938 -18.32500076293945 -466.0458374023438
v 653.029541015625 -18.32500076293945 -470.508056640625
v 652.022705078125 -18.32500076293945 -469.0458374023438
v 652.0615234375 -18.32500076293945 -470.508056640625
v 652.5455322265625 -18.32500076293945 -470.508056640625
v 650.5421142578125 -18.32500076293945 -468.2126159667969
v 651.3018188476562 -18.32500076293945 -469.3603515625
v 649.0104370117188 -18.32500076293945 -470.508056640625
v 649.7763061523438 -18.32500076293945 -469.3603515625
v 647.9934692382812 -18.32500076293945 -470.508056640625
v 648.501953125 -18.32500076293945 -470.508056640625
v 650.007080078125 -18.32500076293945 -467.5836181640625
v 649.000244140625 -18.32500076293945 -469.0458374023438
v 648.5747680664062 -18.32500076293945 -465.5332641601562
v 649.2909545898438 -18.32500076293945 -466.5584411621094
v 647.858642578125 -18.32500076293945 -464.508056640625
v 647.858642578125 -17.32500076293945 -464.508056640625
v 648.8389282226562 -18.32500076293945 -464.508056640625
v 648.8389282226562 -17.32500076293945 -464.508056640625
v 648.3488159179688 -18.32500076293945 -464.508056640625
v 648.8389282226562 -17.82500076293945 -464.508056640625
v 648.3488159179688 -17.32500076293945 -464.508056640625
v 647.858642578125 -17.82500076293945 -464.508056640625
v 650.007080078125 -18.32500076293945 -467.5836181640625
v 650.007080078125 -17.32500076293945 -467.5836181640625
v 647.858642578125 -18.32500076293945 -464.508056640625
v 647.858642578125 -17.32500076293945 -464.508056640625
v 649.2909545898438 -18.32500076293945 -466.5584411621094
v 648.5747680664062 -18.32500076293945 -465.5332641601562
v 647.858642578125 -17.82500076293945 -464.508056640625
v 648.5747680664062 -17.32500076293945 -465.5332641601562
v 649.2909545898438 -17.32500076293945 -466.5584411621094
v 647.9934692382812 -18.32500076293945 -470.508056640625
v 647.9934692382812 -17.32500076293945 -470.508056640625
v 650.007080078125 -18.32500076293945 -467.5836181640625
v 650.007080078125 -17.32500076293945 -467.5836181640625
v 649.000244140625 -18.32500076293945 -469.0458374023438
v 649.000244140625 -17.32500076293945 -469.0458374023438
v 647.9934692382812 -17.82500076293945 -470.508056640625
v 649.0104370117188 -18.32500076293945 -470.508056640625
v 649.0104370117188 -17.32500076293945 -470.508056640625
v 647.9934692382812 -18.32500076293945 -470.508056640625
v 647.9934692382812 -17.32500076293945 -470.508056640625
v 648.501953125 -18.32500076293945 -470.508056640625
v 647.9934692382812 -17.82500076293945 -470.508056640625
v 648.501953125 -17.32500076293945 -470.508056640625
v 649.0104370117188 -17.82500076293945 -470.508056640625
v 650.5421142578125 -18.32500076293945 -468.2126159667969
v 650.5421142578125 -17.32500076293945 -468.2126159667969
v 649.0104370117188 -18.32500076293945 -470.508056640625
v 649.0104370117188 -17.32500076293945 -470.508056640625
v 649.7763061523438 -18.32500076293945 -469.3603515625
v 649.0104370117188 -17.82500076293945 -470.508056640625
v 649.7763061523438 -17.32500076293945 -469.3603515625
v 652.0615234375 -18.32500076293945 -470.508056640625
v 652.0615234375 -17.32500076293945 -470.508056640625
v 650.5421142578125 -18.32500076293945 -468.2126159667969
v 650.5421142578125 -17.32500076293945 -468.2126159667969
v 651.3018188476562 -18.32500076293945 -469.3603515625
v 651.3018188476562 -17.32500076293945 -469.3603515625
v 652.0615234375 -17.82500076293945 -470.508056640625
v 653.029541015625 -18.32500076293945 -470.508056640625
v 653.029541015625 -17.32500076293945 -470.508056640625
v 652.0615234375 -18.32500076293945 -470.508056640625
v 652.0615234375 -17.32500076293945 -470.508056640625
v 652.5455322265625 -18.32500076293945 -470.508056640625
v 652.0615234375 -17.82500076293945 -470.508056640625
v 652.5455322265625 -17.32500076293945 -470.508056640625
v 653.029541015625 -17.82500076293945 -470.508056640625
v 651.0159301757812 -18.32500076293945 -467.5836181640625
v 651.0159301757812 -17.32500076293945 -467.5836181640625
v 653.029541015625 -18.32500076293945 -470.508056640625
v 653.029541015625 -17.32500076293945 -470.508056640625
v 652.022705078125 -18.32500076293945 -469.0458374023438
v 653.029541015625 -17.82500076293945 -470.508056640625
v 652.022705078125 -17.32500076293945 -469.0458374023438
v 653.1275634765625 -18.32500076293945 -464.508056640625
v 653.1275634765625 -17.32500076293945 -464.508056640625
v 651.0159301757812 -18.32500076293945 -467.5836181640625
v 651.0159301757812 -17.32500076293945 -467.5836181640625
v 652.0717163085938 -18.32500076293945 -466.0458374023438
v 652.0717163085938 -17.32500076293945 -466.0458374023438
v 653.1275634765625 -17.82500076293945 -464.508056640625
v 652.1187133789062 -18.32500076293945 -464.508056640625
v 652.1187133789062 -17.32500076293945 -464.508056640625
v 653.1275634765625 -18.32500076293945 -464.508056640625
v 653.1275634765625 -17.32500076293945 -464.508056640625
v 652.6231079101562 -18.32500076293945 -464.508056640625
v 653.1275634765625 -17.82500076293945 -464.508056640625
v 652.6231079101562 -17.32500076293945 -464.508056640625
v 652.1187133789062 -17.82500076293945 -464.508056640625
v 650.5012817382812 -18.32500076293945 -466.9750366210938
v 650.5012817382812 -17.32500076293945 -466.9750366210938
v 652.1187133789062 -18.32500076293945 -464.508056640625
v 652.1187133789062 -17.32500076293945 -464.508056640625
v 651.3099975585938 -18.32500076293945 -465.7415466308594
v 652.1187133789062 -17.82500076293945 -464.508056640625
v 651.3099975585938 -17.32500076293945 -465.7415466308594
v 648.8389282226562 -18.32500076293945 -464.508056640625
v 648.8389282226562 -17.32500076293945 -464.508056640625
v 650.5012817382812 -18.32500076293945 -466.9750366210938
v 650.5012817382812 -17.32500076293945 -466.9750366210938
v 649.39306640625 -18.32500076293945 -465.3303833007812
v 649.9471435546875 -18.32500076293945 -466.1527099609375
v 648.8389282226562 -17.82500076293945 -464.508056640625
v 649.9471435546875 -17.32500076293945 -466.1527099609375
v 649.39306640625 -17.32500076293945 -465.3303833007812
v 648.8389282226562 -17.32500076293945 -464.508056640625
v 648.3488159179688 -17.32500076293945 -464.508056640625
v 647.858642578125 -17.32500076293945 -464.508056640625
v 648.5747680664062 -17.32500076293945 -465.5332641601562
v 649.2909545898438 -17.32500076293945 -466.5584411621094
v 650.007080078125 -17.32500076293945 -467.5836181640625
v 649.000244140625 -17.32500076293945 -469.0458374023438
v 647.9934692382812 -17.32500076293945 -470.508056640625
v 648.501953125 -17.32500076293945 -470.508056640625
v 649.0104370117188 -17.32500076293945 -470.508056640625
v 649.7763061523438 -17.32500076293945 -469.3603515625
v 650.5421142578125 -17.32500076293945 -468.2126159667969
v 651.3018188476562 -17.32500076293945 -469.3603515625
v 652.0615234375 -17.32500076293945 -470.508056640625
v 652.5455322265625 -17.32500076293945 -470.508056640625
v 653.029541015625 -17.32500076293945 -470.508056640625
v 652.022705078125 -17.32500076293945 -469.0458374023438
v 651.0159301757812 -17.32500076293945 -467.5836181640625
v 652.0717163085938 -17.32500076293945 -466.0458374023438
v 653.1275634765625 -17.32500076293945 -464.508056640625
v 652.6231079101562 -17.32500076293945 -464.508056640625
v 652.1187133789062 -17.32500076293945 -464.508056640625
v 651.3099975585938 -17.32500076293945 -465.7415466308594
v 650.5012817382812 -17.32500076293945 -466.9750366210938
v 649.9471435546875 -17.32500076293945 -466.1527099609375
v 649.39306640625 -17.32500076293945 -465.3303833007812
vt 0.6677072048187256 0.463450700044632
vt 0.6303571462631226 0.463450700044632
vt 0.5930071473121643 0.463450700044632
vt 0.794386088848114 0.2747831344604492
vt 0.7521597743034363 0.3376723229885101
vt 0.7099335193634033 0.4005615413188934
vt 0.9176412224769592 0.463450700044632
vt 0.8560136556625366 0.3691169321537018
vt 0.9945200085639954 0.463450700044632
vt 0.9560806155204773 0.463450700044632
vt 0.8336036205291748 0.2282409518957138
vt 0.9140618443489075 0.3458458185195923
vt 0.9870500564575195 0.004588621202856302
vt 0.9103268384933472 0.1164147853851318
vt 0.9132837057113647 0.004588621202856302
vt 0.9501668810844421 0.004588621202856302
vt 0.7974985837936401 0.1801369488239288
vt 0.8553911447525024 0.09236278384923935
vt 0.6807796955108643 0.004588621202856302
vt 0.7391391396522522 0.09236278384923935
vt 0.6032783985137939 0.004588621202856302
vt 0.6420290470123291 0.004588621202856302
vt 0.7567247748374939 0.2282409518957138
vt 0.6800016164779663 0.1164147853851318
vt 0.6475796699523926 0.3850474655628204
vt 0.7021522521972656 0.3066442012786865
vt 0.3633902370929718 0.4870040118694305
vt 0.2869132161140442 0.4870040118694305
vt 0.3633902370929718 0.5619713068008423
vt 0.2869132161140442 0.5619713068008423
vt 0.3633902370929718 0.5244876742362976
vt 0.3251517117023468 0.5619713068008423
vt 0.2869132161140442 0.5244876742362976
vt 0.3251517117023468 0.4870040118694305
vt 0 0.6977968215942383
vt 0 0.7742738127708435
vt 0.2854483723640442 0.6977968215942383
vt 0.2854483723640442 0.7742738127708435
vt 0.0951494574546814 0.6977968215942383
vt 0.1902989149093628 0.6977968215942383
vt 0.2854483723640442 0.7360352873802185
vt 0.1902989149093628 0.7742738127708435
vt 0.0951494574546814 0.7742738127708435
vt 0 0.5066042542457581
vt 0 0.5830813050270081
vt 0.2715417146682739 0.5066042542457581
vt 0.2715417146682739 0.5830813050270081
vt 0.135770857334137 0.5066042542457581
vt 0.135770857334137 0.5830813050270081
vt 0 0.5448427796363831
vt 0.4366782307624817 0.4874850213527679
vt 0.4366782307624817 0.5624971985816956
vt 0.5144567489624023 0.4874850213527679
vt 0.5144567489624023 0.5624971985816956
vt 0.475567489862442 0.4874850213527679
vt 0.5144567489624023 0.5249910950660706
vt 0.475567489862442 0.5624971985816956
vt 0.4366782307624817 0.5249910950660706
vt 0.3633902370929718 0.6404390335083008
vt 0.3633902370929718 0.7154512405395508
vt 0.5744308233261108 0.6404390335083008
vt 0.5744308233261108 0.7154512405395508
vt 0.4689105451107025 0.6404390335083008
vt 0.5744308233261108 0.6779451370239258
vt 0.4689105451107025 0.7154512405395508
vt 0.3633902370929718 0.5639620423316956
vt 0.3633902370929718 0.6389741897583008
vt 0.5739121437072754 0.5639620423316956
vt 0.5739121437072754 0.6389741897583008
vt 0.4686512053012848 0.5639620423316956
vt 0.4686512053012848 0.6389741897583008
vt 0.3633902370929718 0.6014680862426758
vt 0.3633902370929718 0.4110080003738403
vt 0.2869132161140442 0.4110080003738403
vt 0.3633902370929718 0.485038161277771
vt 0.2869132161140442 0.485038161277771
vt 0.3633902370929718 0.4480230808258057
vt 0.3251517117023468 0.485038161277771
vt 0.2869132161140442 0.4480230808258057
vt 0.3251517117023468 0.4110080003738403
vt 0 0.4110080003738403
vt 0 0.4874850213527679
vt 0.2715417146682739 0.4110080003738403
vt 0.2715417146682739 0.4874850213527679
vt 0.135770857334137 0.4110080003738403
vt 0.2715417146682739 0.4492464959621429
vt 0.135770857334137 0.4874850213527679
vt 0 0.6022005081176758
vt 0 0.6786775588989258
vt 0.2853126227855682 0.6022005081176758
vt 0.2853126227855682 0.6786775588989258
vt 0.1426563113927841 0.6022005081176758
vt 0.1426563113927841 0.6786775588989258
vt 0 0.6404390335083008
vt 0.4366782307624817 0.4110080003738403
vt 0.4366782307624817 0.4860201776027679
vt 0.5138320326805115 0.4110080003738403
vt 0.5138320326805115 0.4860201776027679
vt 0.4752551317214966 0.4110080003738403
vt 0.5138320326805115 0.4485140740871429
vt 0.4752551317214966 0.4860201776027679
vt 0.4366782307624817 0.4485140740871429
vt 0.3633902370929718 0.7169160842895508
vt 0.3633902370929718 0.791928231716156
vt 0.5875271558761597 0.7169160842895508
vt 0.5875271558761597 0.791928231716156
vt 0.4754586815834045 0.7169160842895508
vt 0.5875271558761597 0.754422128200531
vt 0.4754586815834045 0.791928231716156
vt 0.3619253933429718 0.5639620423316956
vt 0.2869132161140442 0.5639620423316956
vt 0.3619253933429718 0.7914658784866333
vt 0.2869132161140442 0.7914658784866333
vt 0.3619253933429718 0.6397966742515564
vt 0.3619253933429718 0.7156312465667725
vt 0.3244192898273468 0.5639620423316956
vt 0.2869132161140442 0.7156312465667725
vt 0.2869132161140442 0.6397966742515564
vt 0.004588634707033634 0.07871520519256592
vt 0.004588634707033634 0.04136516526341438
vt 0.004588634707033634 0.004015129059553146
vt 0.08299187570810318 0.05858768150210381
vt 0.1613951325416565 0.1131602302193642
vt 0.2397983968257904 0.1677327901124954
vt 0.3516245484352112 0.09100958704948425
vt 0.4634507298469543 0.01428638957440853
vt 0.4634507298469543 0.05303705483675003
vt 0.4634507298469543 0.09178771823644638
vt 0.3756765425205231 0.1501471549272537
vt 0.2879023849964142 0.2085065841674805
vt 0.3756765425205231 0.2663991451263428
vt 0.4634507298469543 0.3242917060852051
vt 0.4634507298469543 0.3611748814582825
vt 0.4634507298469543 0.3980580270290375
vt 0.3516245484352112 0.3213348090648651
vt 0.2397983968257904 0.2446116209030151
vt 0.1221935227513313 0.3250698149204254
vt 0.004588634707033634 0.4055280089378357
vt 0.004588634707033634 0.3670886158943176
vt 0.004588634707033634 0.3286491930484772
vt 0.09892241656780243 0.2670216262340546
vt 0.193256214261055 0.2053940743207932
vt 0.1303670108318329 0.1631677746772766
vt 0.06747780740261078 0.1209414899349213
vn 0 -1 0
vn 0 -1 0
vn 0 -1 0
vn 0 -1 0
vn 0 -1 0
vn 0 -1 0
vn 0 -1 0
vn 0 -1 0
vn 0 -1 0
vn 0 -1 0
vn 0 -1 0
vn 0 -1 0
vn 0 -1 0
vn 0 -1 0
vn 0 -1 0
vn 0 -1 0
vn 0 -1 0
vn 0 -1 0
vn 0 -1 0
vn 0 -1 0
vn 0 -1 0
vn 0 -1 0
vn 0 -1 0
vn 0 -1 0
vn 0 -1 0
vn 0 -1 0
vn 0 0 1
vn 0 0 1
vn 0 0 1
vn 0 0 1
vn 0 0 1
vn 0 0 1
vn 0 0 1
vn 0 0 1
vn -0.8197941184043884 0 -0.5726583003997803
vn -0.8197941184043884 0 -0.5726583003997803
vn -0.8197941184043884 0 -0.5726583003997803
vn -0.8197941184043884 0 -0.5726583003997803
vn -0.8197941184043884 0 -0.5726583003997803
vn -0.8197941184043884 0 -0.5726583003997803
vn -0.8197941184043884 0 -0.5726583003997803
vn -0.8197941184043884 0 -0.5726583003997803
vn -0.8197941184043884 0 -0.5726583003997803
vn -0.8236389756202698 0 0.567114531993866
vn -0.8236389756202698 0 0.567114531993866
vn -0.8236389756202698 0 0.567114531993866
vn -0.8236389756202698 0 0.567114531993866
vn -0.8236389756202698 0 0.567114531993866
vn -0.8236389756202698 0 0.567114531993866
vn -0.8236389756202698 0 0.567114531993866
vn 0 0 -1
vn 0 0 -1
vn 0 0 -1
vn 0 0 -1
vn 0 0 -1
vn 0 0 -1
vn 0 0 -1
vn 0 0 -1
vn 0.8318225145339966 0 -0.5550417304039001
vn 0.8318225145339966 0 -0.5550417304039001
vn 0.8318225145339966 0 -0.5550417304039001
vn 0.8318225145339966 0 -0.5550417304039001
vn 0.8318225145339966 0 -0.5550417304039001
vn 0.8318225145339966 0 -0.5550417304039001
vn 0.8318225145339966 0 -0.5550417304039001
vn -0.8338719606399536 0 -0.5519579648971558
vn -0.8338719606399536 0 -0.5519579648971558
vn -0.8338719606399536 0 -0.5519579648971558
vn -0.8338719606399536 0 -0.5519579648971558
vn -0.8338719606399536 0 -0.5519579648971558
vn -0.8338719606399536 0 -0.5519579648971558
vn -0.8338719606399536 0 -0.5519579648971558
vn 0 0 -1
vn 0 0 -1
vn 0 0 -1
vn 0 0 -1
vn 0 0 -1
vn 0 0 -1
vn 0 0 -1
vn 0 0 -1
vn 0.8236389756202698 0 0.567114531993866
vn 0.8236389756202698 0 0.567114531993866
vn 0.8236389756202698 0 0.567114531993866
vn 0.8236389756202698 0 0.567114531993866
vn 0.8236389756202698 0 0.567114531993866
vn 0.8236389756202698 0 0.567114531993866
vn 0.8236389756202698 0 0.567114531993866
vn 0.8243931531906128 0 -0.5660176277160645
vn 0.8243931531906128 0 -0.5660176277160645
vn 0.8243931531906128 0 -0.5660176277160645
vn 0.8243931531906128 0 -0.5660176277160645
vn 0.8243931531906128 0 -0.5660176277160645
vn 0.8243931531906128 0 -0.5660176277160645
vn 0.8243931531906128 0 -0.5660176277160645
vn 0 0 1
vn 0 0 1
vn 0 0 1
vn 0 0 1
vn 0 0 1
vn 0 0 1
vn 0 0 1
vn 0 0 1
vn -0.8362860083580017 0 0.5482934713363647
vn -0.8362860083580017 0 0.5482934713363647
vn -0.8362860083580017 0 0.5482934713363647
vn -0.8362860083580017 0 0.5482934713363647
vn -0.8362860083580017 0 0.5482934713363647
vn -0.8362860083580017 0 0.5482934713363647
vn -0.8362860083580017 0 0.5482934713363647
vn 0.8292940855026245 0 0.5588123798370361
vn 0.8292940855026245 0 0.5588123798370361
vn 0.8292940855026245 0 0.5588123798370361
vn 0.8292940855026245 0 0.5588123798370361
vn 0.8292940855026245 0 0.5588123798370361
vn 0.8292940855026245 0 0.5588123798370361
vn 0.8292940855026245 0 0.5588123798370361
vn 0.8292940855026245 0 0.5588123798370361
vn 0.8292940855026245 0 0.5588123798370361
vn 0 1 0
vn 0 1 0
vn 0 1 0
vn 0 1 0
vn 0 1 0
vn 0 1 0
vn 0 1 0
vn 0 1 0
vn 0 1 0
vn 0 1 0
vn 0 1 0
vn 0 1 0
vn 0 1 0
vn 0 1 0
vn 0 1 0
vn 0 1 0
vn 0 1 0
vn 0 1 0
vn 0 1 0
vn 0 1 0
vn 0 1 0
vn 0 1 0
vn 0 1 0
vn 0 1 0
vn 0 1 0
vn 0 1 0
f 492/492/492 489/489/489 490/490/490
f 487/487/487 492/492/492 490/490/490
f 492/492/492 488/488/488 491/491/491
f 485/485/485 491/491/491 488/488/488
f 487/487/487 488/488/488 492/492/492
f 470/470/470 471/471/471 493/493/493
f 469/469/469 470/470/470 493/493/493
f 474/474/474 494/494/494 473/473/473
f 491/491/491 473/473/473 494/494/494
f 474/474/474 469/469/469 493/493/493
f 494/494/494 474/474/474 493/493/493
f 473/473/473 491/491/491 472/472/472
f 486/486/486 479/479/479 485/485/485
f 483/483/483 482/482/482 486/486/486
f 482/482/482 479/479/479 486/486/486
f 482/482/482 483/483/483 484/484/484
f 482/482/482 484/484/484 481/481/481
f 476/476/476 472/472/472 479/479/479
f 479/479/479 472/472/472 491/491/491
f 480/480/480 476/476/476 479/479/479
f 476/476/476 480/480/480 475/475/475
f 478/478/478 475/475/475 480/480/480
f 480/480/480 477/477/477 478/478/478
f 485/485/485 479/479/479 491/491/491
f 502/502/502 495/495/495 499/499/499
f 502/502/502 501/501/501 496/496/496
f 500/500/500 502/502/502 499/499/499
f 502/502/502 500/500/500 501/501/501
f 500/500/500 498/498/498 501/501/501
f 497/497/497 500/500/500 499/499/499
f 507/507/507 511/511/511 504/504/504 503/503/503
f 511/511/511 507/507/507 508/508/508 510/510/510
f 509/509/509 508/508/508 505/505/505
f 506/506/506 510/510/510 509/509/509
f 508/508/508 509/509/509 510/510/510
f 516/516/516 518/518/518 512/512/512
f 517/517/517 513/513/513 518/518/518
f 514/514/514 515/515/515 517/517/517 516/516/516
f 518/518/518 516/516/516 517/517/517
f 526/526/526 519/519/519 523/523/523
f 526/526/526 525/525/525 520/520/520
f 524/524/524 526/526/526 523/523/523
f 526/526/526 524/524/524 525/525/525
f 524/524/524 522/522/522 525/525/525
f 521/521/521 524/524/524 523/523/523
f 528/528/528 527/527/527 531/531/531 533/533/533
f 531/531/531 532/532/532 533/533/533
f 532/532/532 530/530/530 533/533/533
f 529/529/529 532/532/532 531/531/531
f 538/538/538 540/540/540 534/534/534
f 539/539/539 535/535/535 540/540/540
f 536/536/536 537/537/537 539/539/539 538/538/538
f 540/540/540 538/538/538 539/539/539
f 548/548/548 541/541/541 545/545/545
f 548/548/548 547/547/547 542/542/542
f 546/546/546 548/548/548 545/545/545
f 548/548/548 546/546/546 547/547/547
f 546/546/546 544/544/544 547/547/547
f 543/543/543 546/546/546 545/545/545
f 550/550/550 549/549/549 553/553/553 555/555/555
f 553/553/553 554/554/554 555/555/555
f 554/554/554 552/552/552 555/555/555
f 551/551/551 554/554/554 553/553/553
f 560/560/560 562/562/562 556/556/556
f 561/561/561 557/557/557 562/562/562
f 558/558/558 559/559/559 561/561/561 560/560/560
f 562/562/562 560/560/560 561/561/561
f 570/570/570 563/563/563 567/567/567
f 570/570/570 569/569/569 564/564/564
f 569/569/569 570/570/570 567/567/567
f 567/567/567 568/568/568 569/569/569
f 568/568/568 566/566/566 569/569/569
f 565/565/565 568/568/568 567/567/567
f 572/572/572 571/571/571 575/575/575 577/577/577
f 575/575/575 576/576/576 577/577/577
f 576/576/576 574/574/574 577/577/577
f 573/573/573 576/576/576 575/575/575
f 584/584/584 578/578/578 582/582/582
f 584/584/584 586/586/586 579/579/579
f 586/586/586 584/584/584 582/582/582
f 580/580/580 581/581/581 585/585/585 583/583/583
f 583/583/583 585/585/585 586/586/586 582/582/582
f 593/593/593 595/595/595 594/594/594
f 596/596/596 595/595/595 593/593/593
f 593/593/593 592/592/592 597/597/597
f 598/598/598 597/597/597 592/592/592
f 596/596/596 593/593/593 597/597/597
f 588/588/588 590/590/590 589/589/589
f 587/587/587 590/590/590 588/588/588
f 612/612/612 611/611/611 591/591/591
f 592/592/592 591/591/591 611/611/611
f 612/612/612 590/590/590 587/587/587
f 591/591/591 590/590/590 612/612/612
f 611/611/611 610/610/610 592/592/592
f 599/599/599 598/598/598 604/604/604
f 600/600/600 599/599/599 603/603/603
f 603/603/603 599/599/599 604/604/604
f 603/603/603 601/601/601 600/600/600
f 603/603/603 602/602/602 601/601/601
f 609/609/609 604/604/604 610/610/610
f 604/604/604 592/592/592 610/610/610
f 605/605/605 604/604/604 609/609/609
f 609/609/609 608/608/608 605/605/605
f 607/607/607 605/605/605 608/608/608
f 605/605/605 607/607/607 606/606/606
f 598/598/598 592/592/592 604/604/604
g object_5
v 653.981201171875 -18.32500076293945 -470.508056640625
v 656.6809692382812 -18.32500076293945 -470.508056640625
v 657.0618896484375 -18.32500076293945 -470.4798583984375
v 657.4039306640625 -18.32500076293945 -470.3952331542969
v 657.7072143554688 -18.32500076293945 -470.2541809082031
v 657.9716796875 -18.32500076293945 -470.0567321777344
v 658.1860961914062 -18.32500076293945 -469.8082275390625
v 658.3392333984375 -18.32500076293945 -469.5140075683594
v 658.43115234375 -18.32500076293945 -469.1741333007812
v 658.4617919921875 -18.32500076293945 -468.7885131835938
v 658.4344482421875 -18.32500076293945 -468.4486389160156
v 658.3525390625 -18.32500076293945 -468.1314392089844
v 658.2159423828125 -18.32500076293945 -467.8369750976562
v 658.0247802734375 -18.32500076293945 -467.5652465820312
v 657.9081420898438 -18.32500076293945 -467.4431762695312
v 657.7769165039062 -18.32500076293945 -467.33740234375
v 657.6309204101562 -18.32500076293945 -467.2478942871094
v 657.4702758789062 -18.32500076293945 -467.1746826171875
v 657.10498046875 -18.32500076293945 -467.0770263671875
v 656.6809692382812 -18.32500076293945 -467.0444946289062
v 654.7940063476562 -18.32500076293945 -467.0444946289062
v 654.7940063476562 -18.32500076293945 -467.7306518554688
v 656.4114379882812 -18.32500076293945 -467.7306518554688
v 656.6721801757812 -18.32500076293945 -467.7452087402344
v 656.9071655273438 -18.32500076293945 -467.7888793945312
v 657.1163330078125 -18.32500076293945 -467.8616333007812
v 657.2998046875 -18.32500076293945 -467.9634704589844
v 657.448974609375 -18.32500076293945 -468.1020812988281
v 657.5555419921875 -18.32500076293945 -468.2851257324219
v 657.6195068359375 -18.32500076293945 -468.5125732421875
v 657.6408081054688 -18.32500076293945 -468.7844543457031
v 653.981201171875 -18.32500076293945 -464.508056640625
v 654.7940063476562 -18.32500076293945 -464.508056640625
v 657.6101684570312 -18.32500076293945 -469.0887451171875
v 657.518310546875 -18.32500076293945 -469.3399353027344
v 657.4493408203125 -18.32500076293945 -469.4456176757812
v 657.3651123046875 -18.32500076293945 -469.5380249023438
v 657.1506958007812 -18.32500076293945 -469.6830139160156
v 657.00341796875 -18.32500076293945 -469.7384033203125
v 656.8311157226562 -18.32500076293945 -469.7779846191406
v 656.4114379882812 -18.32500076293945 -469.8096313476562
v 654.7940063476562 -18.32500076293945 -469.8096313476562
v 654.5892944335938 -18.32500076293945 -467.9452209472656
v 654.5892944335938 -18.32500076293945 -469.6937866210938
v 654.5892944335938 -18.32500076293945 -467.0709228515625
v 655.89501953125 -18.32500076293945 -467.0709228515625
v 654.5892944335938 -18.32500076293945 -466.1966247558594
v 654.5892944335938 -18.32500076293945 -465.3223571777344
v 656.5479125976562 -18.32500076293945 -467.0709228515625
v 654.7940063476562 -18.32500076293945 -467.0444946289062
v 654.7940063476562 -17.32500076293945 -467.0444946289062
v 656.6809692382812 -18.32500076293945 -467.0444946289062
v 656.6809692382812 -17.32500076293945 -467.0444946289062
v 657.10498046875 -18.32500076293945 -467.0770263671875
v 657.10498046875 -17.32500076293945 -467.0770263671875
v 657.4702758789062 -18.32500076293945 -467.1746826171875
v 657.4702758789062 -17.32500076293945 -467.1746826171875
v 657.6309204101562 -18.32500076293945 -467.2478942871094
v 657.6309204101562 -17.32500076293945 -467.2478942871094
v 657.7769165039062 -18.32500076293945 -467.33740234375
v 657.7769165039062 -17.32500076293945 -467.33740234375
v 657.9081420898438 -18.32500076293945 -467.4431762695312
v 657.9081420898438 -17.32500076293945 -467.4431762695312
v 658.0247802734375 -18.32500076293945 -467.5652465820312
v 658.0247802734375 -17.32500076293945 -467.5652465820312
v 658.2159423828125 -18.32500076293945 -467.8369750976562
v 658.2159423828125 -17.32500076293945 -467.8369750976562
v 658.3525390625 -18.32500076293945 -468.1314392089844
v 658.3525390625 -17.32500076293945 -468.1314392089844
v 658.4344482421875 -18.32500076293945 -468.4486389160156
v 658.4344482421875 -17.32500076293945 -468.4486389160156
v 658.4617919921875 -18.32500076293945 -468.7885131835938
v 658.4617919921875 -17.32500076293945 -468.7885131835938
v 658.43115234375 -18.32500076293945 -469.1741333007812
v 658.43115234375 -17.32500076293945 -469.1741333007812
v 658.3392333984375 -18.32500076293945 -469.5140075683594
v 658.3392333984375 -17.32500076293945 -469.5140075683594
v 658.1860961914062 -18.32500076293945 -469.8082275390625
v 658.1860961914062 -17.32500076293945 -469.8082275390625
v 657.9716796875 -18.32500076293945 -470.0567321777344
v 657.9716796875 -17.32500076293945 -470.0567321777344
v 657.7072143554688 -18.32500076293945 -470.2541809082031
v 657.7072143554688 -17.32500076293945 -470.2541809082031
v 657.4039306640625 -18.32500076293945 -470.3952331542969
v 657.4039306640625 -17.32500076293945 -470.3952331542969
v 657.0618896484375 -18.32500076293945 -470.4798583984375
v 657.0618896484375 -17.32500076293945 -470.4798583984375
v 656.6809692382812 -18.32500076293945 -470.508056640625
v 656.6809692382812 -17.32500076293945 -470.508056640625
v 653.981201171875 -18.32500076293945 -470.508056640625
v 653.981201171875 -17.32500076293945 -470.508056640625
v 653.981201171875 -17.82500076293945 -470.508056640625
v 654.7940063476562 -17.82500076293945 -467.0444946289062
v 654.7940063476562 -18.32500076293945 -464.508056640625
v 654.7940063476562 -17.32500076293945 -464.508056640625
v 654.7940063476562 -18.32500076293945 -467.0444946289062
v 654.7940063476562 -17.32500076293945 -467.0444946289062
v 654.7940063476562 -17.82500076293945 -467.0444946289062
v 654.7940063476562 -17.82500076293945 -464.508056640625
v 653.981201171875 -18.32500076293945 -464.508056640625
v 653.981201171875 -17.32500076293945 -464.508056640625
v 654.7940063476562 -18.32500076293945 -464.508056640625
v 654.7940063476562 -17.32500076293945 -464.508056640625
v 654.7940063476562 -17.82500076293945 -464.508056640625
v 653.981201171875 -17.82500076293945 -464.508056640625
v 653.981201171875 -18.32500076293945 -470.508056640625
v 653.981201171875 -17.32500076293945 -470.508056640625
v 653.981201171875 -18.32500076293945 -464.508056640625
v 653.981201171875 -17.32500076293945 -464.508056640625
v 653.981201171875 -17.82500076293945 -470.508056640625
v 653.981201171875 -17.82500076293945 -464.508056640625
v 654.7940063476562 -18.32500076293945 -469.8096313476562
v 654.7940063476562 -17.32500076293945 -469.8096313476562
v 656.4114379882812 -18.32500076293945 -469.8096313476562
v 656.4114379882812 -17.32500076293945 -469.8096313476562
v 656.8311157226562 -18.32500076293945 -469.7779846191406
v 656.8311157226562 -17.32500076293945 -469.7779846191406
v 657.00341796875 -18.32500076293945 -469.7384033203125
v 657.00341796875 -17.32500076293945 -469.7384033203125
v 657.1506958007812 -18.32500076293945 -469.6830139160156
v 657.1506958007812 -17.32500076293945 -469.6830139160156
v 657.3651123046875 -18.32500076293945 -469.5380249023438
v 657.3651123046875 -17.32500076293945 -469.5380249023438
v 657.4493408203125 -18.32500076293945 -469.4456176757812
v 657.4493408203125 -17.32500076293945 -469.4456176757812
v 657.518310546875 -18.32500076293945 -469.3399353027344
v 657.518310546875 -17.32500076293945 -469.3399353027344
v 657.6101684570312 -18.32500076293945 -469.0887451171875
v 657.6101684570312 -17.32500076293945 -469.0887451171875
v 657.6408081054688 -18.32500076293945 -468.7844543457031
v 657.6408081054688 -17.32500076293945 -468.7844543457031
v 657.6408081054688 -17.82500076293945 -468.7844543457031
v 654.7940063476562 -17.82500076293945 -469.8096313476562
v 654.7940063476562 -18.32500076293945 -467.7306518554688
v 654.7940063476562 -17.32500076293945 -467.7306518554688
v 654.7940063476562 -18.32500076293945 -469.8096313476562
v 654.7940063476562 -17.32500076293945 -469.8096313476562
v 654.7940063476562 -17.82500076293945 -469.8096313476562
v 654.7940063476562 -17.82500076293945 -467.7306518554688
v 657.6408081054688 -18.32500076293945 -468.7844543457031
v 657.6408081054688 -17.32500076293945 -468.7844543457031
v 657.6195068359375 -18.32500076293945 -468.5125732421875
v 657.6195068359375 -17.32500076293945 -468.5125732421875
v 657.5555419921875 -18.32500076293945 -468.2851257324219
v 657.5555419921875 -17.32500076293945 -468.2851257324219
v 657.448974609375 -18.32500076293945 -468.1020812988281
v 657.448974609375 -17.32500076293945 -468.1020812988281
v 657.2998046875 -18.32500076293945 -467.9634704589844
v 657.2998046875 -17.32500076293945 -467.9634704589844
v 657.1163330078125 -18.32500076293945 -467.8616333007812
v 657.1163330078125 -17.32500076293945 -467.8616333007812
v 656.9071655273438 -18.32500076293945 -467.7888793945312
v 656.9071655273438 -17.32500076293945 -467.7888793945312
v 656.6721801757812 -18.32500076293945 -467.7452087402344
v 656.6721801757812 -17.32500076293945 -467.7452087402344
v 656.4114379882812 -18.32500076293945 -467.7306518554688
v 656.4114379882812 -17.32500076293945 -467.7306518554688
v 654.7940063476562 -18.32500076293945 -467.7306518554688
v 654.7940063476562 -17.32500076293945 -467.7306518554688
v 657.6408081054688 -17.82500076293945 -468.7844543457031
v 654.7940063476562 -17.82500076293945 -467.7306518554688
v 653.981201171875 -17.32500076293945 -470.508056640625
v 656.6809692382812 -17.32500076293945 -470.508056640625
v 657.0618896484375 -17.32500076293945 -470.4798583984375
v 657.4039306640625 -17.32500076293945 -470.3952331542969
v 657.7072143554688 -17.32500076293945 -470.2541809082031
v 657.9716796875 -17.32500076293945 -470.0567321777344
v 658.1860961914062 -17.32500076293945 -469.8082275390625
v 658.3392333984375 -17.32500076293945 -469.5140075683594
v 658.43115234375 -17.32500076293945 -469.1741333007812
v 658.4617919921875 -17.32500076293945 -468.7885131835938
v 658.4344482421875 -17.32500076293945 -468.4486389160156
v 658.3525390625 -17.32500076293945 -468.1314392089844
v 658.2159423828125 -17.32500076293945 -467.8369750976562
v 658.0247802734375 -17.32500076293945 -467.5652465820312
v 657.9081420898438 -17.32500076293945 -467.4431762695312
v 657.7769165039062 -17.32500076293945 -467.33740234375
v 657.6309204101562 -17.32500076293945 -467.2478942871094
v 657.4702758789062 -17.32500076293945 -467.1746826171875
v 657.10498046875 -17.32500076293945 -467.0770263671875
v 656.6809692382812 -17.32500076293945 -467.0444946289062
v 654.7940063476562 -17.32500076293945 -467.0444946289062
v 654.7940063476562 -17.32500076293945 -464.508056640625
v 653.981201171875 -17.32500076293945 -464.508056640625
v 657.6408081054688 -17.32500076293945 -468.7844543457031
v 657.6101684570312 -17.32500076293945 -469.0887451171875
v 657.518310546875 -17.32500076293945 -469.3399353027344
v 657.4493408203125 -17.32500076293945 -469.4456176757812
v 657.3651123046875 -17.32500076293945 -469.5380249023438
v 657.1506958007812 -17.32500076293945 -469.6830139160156
v 657.00341796875 -17.32500076293945 -469.7384033203125
v 656.8311157226562 -17.32500076293945 -469.7779846191406
v 656.4114379882812 -17.32500076293945 -469.8096313476562
v 654.7940063476562 -17.32500076293945 -469.8096313476562
v 654.7940063476562 -17.32500076293945 -467.7306518554688
v 656.4114379882812 -17.32500076293945 -467.7306518554688
v 656.6721801757812 -17.32500076293945 -467.7452087402344
v 656.9071655273438 -17.32500076293945 -467.7888793945312
v 657.1163330078125 -17.32500076293945 -467.8616333007812
v 657.2998046875 -17.32500076293945 -467.9634704589844
v 657.448974609375 -17.32500076293945 -468.1020812988281
v 657.5555419921875 -17.32500076293945 -468.2851257324219
v 657.6195068359375 -17.32500076293945 -468.5125732421875
v 654.5892944335938 -17.32500076293945 -467.9452209472656
v 654.5892944335938 -17.32500076293945 -469.6937866210938
v 654.5892944335938 -17.32500076293945 -467.0709228515625
v 655.89501953125 -17.32500076293945 -467.0709228515625
v 654.5892944335938 -17.32500076293945 -466.1966247558594
v 654.5892944335938 -17.32500076293945 -465.3223571777344
v 656.5479125976562 -17.32500076293945 -467.0709228515625
vt 0.317473441362381 0.4199199080467224
vt 0.5614644885063171 0.4199199080467224
vt 0.5958853960037231 0.4224714338779449
vt 0.6267995238304138 0.4301260709762573
vt 0.6542069315910339 0.4428838193416595
vt 0.678107738494873 0.4607447683811188
vt 0.6974868178367615 0.4832238554954529
vt 0.71132892370224 0.5098361372947693
vt 0.7196342349052429 0.5405817031860352
vt 0.7224026322364807 0.5754607319831848
vt 0.7199341058731079 0.6062064170837402
vt 0.7125285863876343 0.6348969340324402
vt 0.700186014175415 0.6615323424339294
vt 0.6829063296318054 0.6861127018928528
vt 0.6723689436912537 0.6971531510353088
vt 0.6605051159858704 0.7067214846611023
vt 0.647314727306366 0.7148177623748779
vt 0.6327977776527405 0.7214419841766357
vt 0.5997843146324158 0.7302742004394531
vt 0.5614644885063171 0.7332183122634888
vt 0.3909291625022888 0.7332183122634888
vt 0.3909291625022888 0.671149730682373
vt 0.5371023416519165 0.671149730682373
vt 0.5606686472892761 0.6698336005210876
vt 0.5819047689437866 0.6658850312232971
vt 0.6008108258247375 0.6593040823936462
vt 0.6173868179321289 0.6500908136367798
vt 0.6308714151382446 0.6375523805618286
vt 0.6405032277107239 0.6209961771965027
vt 0.6462823152542114 0.6004221439361572
vt 0.6482086777687073 0.5758301615715027
vt 0.317473441362381 0.9626502394676208
vt 0.3909291625022888 0.9626502394676208
vt 0.6454402804374695 0.5483056902885437
vt 0.6371350288391113 0.5255841612815857
vt 0.6309060454368591 0.5160245299339294
vt 0.623292863368988 0.5076656341552734
vt 0.6039137840270996 0.494549959897995
vt 0.5906022191047668 0.4895392060279846
vt 0.5750298500061035 0.4859600961208344
vt 0.5371023416519165 0.4830968379974365
vt 0.3909291625022888 0.4830968379974365
vt 0.3724281191825867 0.6517432928085327
vt 0.3724281191825867 0.4935761690139771
vt 0.3724281191825867 0.7308268547058105
vt 0.4904360473155975 0.7308268547058105
vt 0.3724281191825867 0.8099104166030884
vt 0.3724281191825867 0.8889939785003662
vt 0.5494400262832642 0.7308268547058105
vt 0.817146360874176 0
vt 0.7279167771339417 0
vt 0.817146360874176 0.1541563421487808
vt 0.7279167771339417 0.1541563421487808
vt 0.817146360874176 0.1926954090595245
vt 0.7279167771339417 0.1926954090595245
vt 0.817146360874176 0.2312345057725906
vt 0.7279167771339417 0.2312345057725906
vt 0.817146360874176 0.2505040466785431
vt 0.7279167771339417 0.2505040466785431
vt 0.817146360874176 0.2697735726833344
vt 0.7279167771339417 0.2697735726833344
vt 0.817146360874176 0.289043128490448
vt 0.7279167771339417 0.289043128490448
vt 0.817146360874176 0.3083126842975616
vt 0.7279167771339417 0.3083126842975616
vt 0.817146360874176 0.3468517363071442
vt 0.7279167771339417 0.3468517363071442
vt 0.817146360874176 0.3853908181190491
vt 0.7279167771339417 0.3853908181190491
vt 0.817146360874176 0.4239299297332764
vt 0.7279167771339417 0.4239299297332764
vt 0.817146360874176 0.4624690115451813
vt 0.7279167771339417 0.4624690115451813
vt 0.817146360874176 0.5010080933570862
vt 0.7279167771339417 0.5010080933570862
vt 0.817146360874176 0.5395471453666687
vt 0.7279167771339417 0.5395471453666687
vt 0.817146360874176 0.578086256980896
vt 0.7279167771339417 0.578086256980896
vt 0.817146360874176 0.6166253685951233
vt 0.7279167771339417 0.6166253685951233
vt 0.817146360874176 0.6551644206047058
vt 0.7279167771339417 0.6551644206047058
vt 0.817146360874176 0.6937034726142883
vt 0.7279167771339417 0.6937034726142883
vt 0.817146360874176 0.7322425842285156
vt 0.7279167771339417 0.7322425842285156
vt 0.817146360874176 0.7707816362380981
vt 0.7279167771339417 0.7707816362380981
vt 0.817146360874176 0.9249380230903625
vt 0.7279167771339417 0.9249380230903625
vt 0.7725315690040588 0.9249380230903625
vt 0.7725315690040588 0
vt 0 0.6783914566040039
vt 0 0.7690858840942383
vt 0.2300390601158142 0.6783914566040039
vt 0.2300390601158142 0.7690858840942383
vt 0.2300390601158142 0.7237386703491211
vt 0 0.7237386703491211
vt 0.09069441258907318 0.4144926071166992
vt 0 0.4144926071166992
vt 0.09069441258907318 0.4882088303565979
vt 0 0.4882088303565979
vt 0.04534720629453659 0.4882088303565979
vt 0.04534720629453659 0.4144926071166992
vt 0.99853515625 0
vt 0.9093055725097656 0
vt 0.99853515625 0.5441664457321167
vt 0.9093055725097656 0.5441664457321167
vt 0.9539203643798828 0
vt 0.9539203643798828 0.5441664457321167
vt 0 0.823966920375824
vt 0 0.9146613478660583
vt 0.1039864420890808 0.823966920375824
vt 0.1039864420890808 0.9146613478660583
vt 0.1559796631336212 0.823966920375824
vt 0.1559796631336212 0.9146613478660583
vt 0.1819762587547302 0.823966920375824
vt 0.1819762587547302 0.9146613478660583
vt 0.2079728841781616 0.823966920375824
vt 0.2079728841781616 0.9146613478660583
vt 0.2339694797992706 0.823966920375824
vt 0.2339694797992706 0.9146613478660583
vt 0.2469677925109863 0.823966920375824
vt 0.2469677925109863 0.9146613478660583
vt 0.2599660754203796 0.823966920375824
vt 0.2599660754203796 0.9146613478660583
vt 0.285962700843811 0.823966920375824
vt 0.285962700843811 0.9146613478660583
vt 0.3119593262672424 0.823966920375824
vt 0.3119593262672424 0.9146613478660583
vt 0.3119593262672424 0.8693141341209412
vt 0 0.8693141341209412
vt 0 0.5328159928321838
vt 0 0.6235104203224182
vt 0.1885505318641663 0.5328159928321838
vt 0.1885505318641663 0.6235104203224182
vt 0.1885505318641663 0.578163206577301
vt 0 0.578163206577301
vt 0.9078407287597656 0
vt 0.818611204624176 0
vt 0.9078407287597656 0.02625088393688202
vt 0.818611204624176 0.02625088393688202
vt 0.9078407287597656 0.05250176787376404
vt 0.818611204624176 0.05250176787376404
vt 0.9078407287597656 0.07875265181064606
vt 0.818611204624176 0.07875265181064606
vt 0.9078407287597656 0.1050035357475281
vt 0.818611204624176 0.1050035357475281
vt 0.9078407287597656 0.1312544047832489
vt 0.818611204624176 0.1312544047832489
vt 0.9078407287597656 0.1575053036212921
vt 0.818611204624176 0.1575053036212921
vt 0.9078407287597656 0.1837561726570129
vt 0.818611204624176 0.1837561726570129
vt 0.9078407287597656 0.2100070714950562
vt 0.818611204624176 0.2100070714950562
vt 0.9078407287597656 0.3150106072425842
vt 0.818611204624176 0.3150106072425842
vt 0.8632259368896484 0
vt 0.8632259368896484 0.3150106072425842
vt 0.5496081113815308 0.004049291834235191
vt 0.5496081113815308 0.2480403482913971
vt 0.547049880027771 0.2824612259864807
vt 0.5393749475479126 0.3133753538131714
vt 0.5265834331512451 0.3407827615737915
vt 0.5086752772331238 0.3646835684776306
vt 0.4861367046833038 0.384062647819519
vt 0.4594539999961853 0.3979047834873199
vt 0.4286270439624786 0.4062100350856781
vt 0.3936557173728943 0.4089784622192383
vt 0.3628286719322205 0.4065099656581879
vt 0.334062248468399 0.3991044461727142
vt 0.3073563873767853 0.386761873960495
vt 0.2827109694480896 0.3694821894168854
vt 0.2716413140296936 0.3589448034763336
vt 0.2620476484298706 0.3470809459686279
vt 0.2539299726486206 0.3338905572891235
vt 0.2472882270812988 0.3193736374378204
vt 0.2384325861930847 0.2863601446151733
vt 0.2354807108640671 0.2480403482913971
vt 0.2354807108640671 0.07750499248504639
vt 0.005441681016236544 0.07750499248504639
vt 0.005441681016236544 0.004049291834235191
vt 0.3932853043079376 0.3347845077514648
vt 0.4208826422691345 0.3320161104202271
vt 0.4436642825603485 0.3237108588218689
vt 0.4532492160797119 0.3174818754196167
vt 0.4616302251815796 0.3098686933517456
vt 0.4747806191444397 0.2904896140098572
vt 0.4798046350479126 0.2771780490875244
vt 0.4833932220935822 0.2616056799888611
vt 0.4862640500068665 0.2236781567335129
vt 0.4862640500068665 0.07750499248504639
vt 0.2977135181427002 0.07750499248504639
vt 0.2977135181427002 0.2236781567335129
vt 0.2990331649780273 0.2472444921731949
vt 0.3029921650886536 0.2684806287288666
vt 0.3095904886722565 0.2873866558074951
vt 0.3188281953334808 0.3039626479148865
vt 0.3313997983932495 0.3174472749233246
vt 0.347999781370163 0.3270790874958038
vt 0.3686282634735107 0.3328581750392914
vt 0.3171713054180145 0.05900396779179573
vt 0.475756973028183 0.05900396779179573
vt 0.2378784716129303 0.05900396779179573
vt 0.2378784716129303 0.1770118921995163
vt 0.1585856527090073 0.05900396779179573
vt 0.07929282635450363 0.05900396779179573
vt 0.2378784716129303 0.2360158711671829
vn 0 -1 0
vn 0 -1 0
vn 0 -1 0
vn 0 -1 0
vn 0 -1 0
vn 0 -1 0
vn 0 -1 0
vn 0 -1 0
vn 0 -1 0
vn 0 -1 0
vn 0 -1 0
vn 0 -1 0
vn 0 -1 0
vn 0 -1 0
vn 0 -1 0
vn 0 -1 0
vn 0 -1 0
vn 0 -1 0
vn 0 -1 0
vn 0 -1 0
vn 0 -1 0
vn 0 -1 0
vn 0 -1 0
vn 0 -1 0
vn 0 -1 0
vn 0 -1 0
vn 0 -1 0
vn 0 -1 0
vn 0 -1 0
vn 0 -1 0
vn 0 -1 0
vn 0 -1 0
vn 0 -1 0
vn 0 -1 0
vn 0 -1 0
vn 0 -1 0
vn 0 -1 0
vn 0 -1 0
vn 0 -1 0
vn 0 -1 0
vn 0 -1 0
vn 0 -1 0
vn -2.220446049250313e-16 -1 0
vn -2.220446049250313e-16 -1 0
vn 0 -1 0
vn 0 -1 0
vn 0 -1 0
vn -4.440892098500626e-16 -1 0
vn 0 -1 0
vn 0 0 1
vn 0 0 1
vn 0 0 1
vn 0 0 1
vn 0.1627418398857117 0 0.9866687059402466
vn 0.1627418398857117 0 0.9866687059402466
vn 0.361351877450943 0 0.9324295520782471
vn 0.361351877450943 0 0.9324295520782471
vn 0.468851238489151 0 0.8832771182060242
vn 0.468851238489151 0 0.8832771182060242
vn 0.5758861303329468 0 0.8175299167633057
vn 0.5758861303329468 0 0.8175299167633057
vn 0.6767206788063049 0 0.7362398505210876
vn 0.6767206788063049 0 0.7362398505210876
vn 0.7660006880760193 0 0.642839789390564
vn 0.7660006880760193 0 0.642839789390564
vn 0.8654435873031616 0 0.5010063648223877
vn 0.8654435873031616 0 0.5010063648223877
vn 0.9417063593864441 0 0.3364359736442566
vn 0.9417063593864441 0 0.3364359736442566
vn 0.9864561557769775 0 0.1640251278877258
vn 0.9864561557769775 0 0.1640251278877258
vn 1 0 0
vn 1 0 0
vn 0.9860354661941528 0 -0.1665355414152145
vn 0.9860354661941528 0 -0.1665355414152145
vn 0.9327636957168579 0 -0.3604883849620819
vn 0.9327636957168579 0 -0.3604883849620819
vn 0.8279529809951782 0 -0.5607975721359253
vn 0.8279529809951782 0 -0.5607975721359253
vn 0.6773884892463684 0 -0.7356255054473877
vn 0.6773884892463684 0 -0.7356255054473877
vn 0.5121093988418579 0 -0.8589202165603638
vn 0.5121093988418579 0 -0.8589202165603638
vn 0.3300842940807343 0 -0.9439514875411987
vn 0.3300842940807343 0 -0.9439514875411987
vn 0.1542056500911713 0 -0.9880387783050537
vn 0.1542056500911713 0 -0.9880387783050537
vn 0 0 -1
vn 0 0 -1
vn 0 0 -1
vn 0 0 -1
vn 0 0 -1
vn 0 0 1
vn 1 0 0
vn 1 0 0
vn 1 0 0
vn 1 0 0
vn 1 0 0
vn 1 0 0
vn 0 0 1
vn 0 0 1
vn 0 0 1
vn 0 0 1
vn 0 0 1
vn 0 0 1
vn -1 0 0
vn -1 0 0
vn -1 0 0
vn -1 0 0
vn -1 0 0
vn -1 0 0
vn 0 0 1
vn 0 0 1
vn 0 0 1
vn 0 0 1
vn -0.1688126623630524 0 0.9856481552124023
vn -0.1688126623630524 0 0.9856481552124023
vn -0.2848188877105713 0 0.9585813283920288
vn -0.2848188877105713 0 0.9585813283920288
vn -0.4351686537265778 0 0.900348961353302
vn -0.4351686537265778 0 0.900348961353302
vn -0.6823169589042664 0 0.7310565114021301
vn -0.6823169589042664 0 0.7310565114021301
vn -0.7911049127578735 0 0.6116805076599121
vn -0.7911049127578735 0 0.6116805076599121
vn -0.8778955936431885 0 0.4788521230220795
vn -0.8778955936431885 0 0.4788521230220795
vn -0.9765240550041199 0 0.2154082804918289
vn -0.9765240550041199 0 0.2154082804918289
vn -1 0 0
vn -1 0 0
vn -1 0 0
vn 0 0 1
vn 1 0 0
vn 1 0 0
vn 1 0 0
vn 1 0 0
vn 1 0 0
vn 1 0 0
vn -1 0 0
vn -1 0 0
vn -0.9857325553894043 0 -0.1683192700147629
vn -0.9857325553894043 0 -0.1683192700147629
vn -0.923484206199646 0 -0.383636474609375
vn -0.923484206199646 0 -0.383636474609375
vn -0.7826825380325317 0 -0.6224210858345032
vn -0.7826825380325317 0 -0.6224210858345032
vn -0.5637971162796021 0 -0.8259133100509644
vn -0.5637971162796021 0 -0.8259133100509644
vn -0.4063598215579987 0 -0.9137131571769714
vn -0.4063598215579987 0 -0.9137131571769714
vn -0.2535080313682556 0 -0.9673332571983337
vn -0.2535080313682556 0 -0.9673332571983337
vn -0.1166031435132027 0 -0.9931786060333252
vn -0.1166031435132027 0 -0.9931786060333252
vn 0 0 -1
vn 0 0 -1
vn 0 0 -1
vn 0 0 -1
vn -1 0 0
vn 0 0 -1
vn 0 1 0
vn 0 1 0
vn 0 1 0
vn 0 1 0
vn 0 1 0
vn 0 1 0
vn 0 1 0
vn 0 1 0
vn 0 1 0
vn 0 1 0
vn 0 1 0
vn 0 1 0
vn 0 1 0
vn 0 1 0
vn 0 1 0
vn 0 1 0
vn 0 1 0
vn 0 1 0
vn 0 1 0
vn 0 1 0
vn 0 1 0
vn 0 1 0
vn 0 1 0
vn 0 1 0
vn 0 1 0
vn 0 1 0
vn 0 1 0
vn 0 1 0
vn 0 1 0
vn 0 1 0
vn 0 1 0
vn 0 1 0
vn 0 1 0
vn 0 1 0
vn 0 1 0
vn 0 1 0
vn 0 1 0
vn 0 1 0
vn 0 1 0
vn 0 1 0
vn 0 1 0
vn 0 1 0
vn 0 1 0
vn 0 1 0
vn 0 1 0
vn 0 1 0
vn 0 1 0
vn 0 1 0
vn 0 1 0
f 653/653/653 654/654/654 614/614/614
f 613/613/613 614/614/614 654/654/654
f 654/654/654 634/634/634 655/655/655 656/656/656
f 656/656/656 613/613/613 654/654/654
f 613/613/613 656/656/656 655/655/655
f 657/657/657 613/613/613 655/655/655
f 652/652/652 614/614/614 615/615/615
f 651/651/651 652/652/652 615/615/615
f 631/631/631 637/637/637 638/638/638
f 650/650/650 651/651/651 615/615/615
f 614/614/614 652/652/652 653/653/653
f 632/632/632 636/636/636 637/637/637
f 657/657/657 634/634/634 658/658/658
f 655/655/655 634/634/634 657/657/657
f 633/633/633 657/657/657 658/658/658
f 659/659/659 657/657/657 633/633/633
f 660/660/660 644/644/644 659/659/659
f 657/657/657 659/659/659 644/644/644
f 645/645/645 644/644/644 660/660/660
f 632/632/632 633/633/633 658/658/658
f 613/613/613 657/657/657 644/644/644
f 635/635/635 661/661/661 658/658/658
f 634/634/634 635/635/635 658/658/658
f 631/631/631 632/632/632 637/637/637
f 661/661/661 636/636/636 632/632/632
f 645/645/645 660/660/660 659/659/659
f 661/661/661 632/632/632 658/658/658
f 636/636/636 661/661/661 635/635/635
f 659/659/659 633/633/633 645/645/645
f 631/631/631 638/638/638 630/630/630
f 649/649/649 650/650/650 616/616/616
f 615/615/615 616/616/616 650/650/650
f 617/617/617 648/648/648 649/649/649
f 648/648/648 618/618/618 647/647/647
f 647/647/647 619/619/619 646/646/646
f 649/649/649 616/616/616 617/617/617
f 618/618/618 619/619/619 647/647/647
f 646/646/646 619/619/619 620/620/620
f 646/646/646 621/621/621 643/643/643
f 621/621/621 646/646/646 620/620/620
f 617/617/617 618/618/618 648/648/648
f 622/622/622 643/643/643 621/621/621
f 641/641/641 626/626/626 640/640/640
f 628/628/628 629/629/629 640/640/640
f 630/630/630 639/639/639 629/629/629
f 640/640/640 629/629/629 639/639/639
f 638/638/638 639/639/639 630/630/630
f 625/625/625 641/641/641 642/642/642
f 642/642/642 623/623/623 624/624/624
f 622/622/622 623/623/623 643/643/643
f 642/642/642 624/624/624 625/625/625
f 628/628/628 640/640/640 627/627/627
f 627/627/627 640/640/640 626/626/626
f 641/641/641 625/625/625 626/626/626
f 623/623/623 642/642/642 643/643/643
f 705/705/705 662/662/662 664/664/664
f 668/668/668 669/669/669 667/667/667 666/666/666
f 670/670/670 671/671/671 669/669/669 668/668/668
f 666/666/666 667/667/667 665/665/665 664/664/664
f 674/674/674 675/675/675 673/673/673 672/672/672
f 676/676/676 677/677/677 675/675/675 674/674/674
f 680/680/680 681/681/681 679/679/679 678/678/678
f 681/681/681 680/680/680 682/682/682 683/683/683
f 678/678/678 679/679/679 677/677/677 676/676/676
f 672/672/672 673/673/673 671/671/671 670/670/670
f 665/665/665 663/663/663 705/705/705
f 664/664/664 665/665/665 705/705/705
f 686/686/686 687/687/687 685/685/685 684/684/684
f 690/690/690 691/691/691 689/689/689 688/688/688
f 692/692/692 693/693/693 691/691/691 690/690/690
f 688/688/688 689/689/689 687/687/687 686/686/686
f 696/696/696 697/697/697 695/695/695 694/694/694
f 698/698/698 699/699/699 697/697/697 696/696/696
f 704/704/704 700/700/700 702/702/702
f 700/700/700 701/701/701 699/699/699 698/698/698
f 694/694/694 695/695/695 693/693/693 692/692/692
f 700/700/700 704/704/704 701/701/701
f 684/684/684 685/685/685 683/683/683 682/682/682
f 704/704/704 703/703/703 701/701/701
f 711/711/711 706/706/706 708/708/708 710/710/710
f 707/707/707 711/711/711 710/710/710 709/709/709
f 717/717/717 712/712/712 714/714/714 716/716/716
f 713/713/713 717/717/717 716/716/716 715/715/715
f 722/722/722 718/718/718 720/720/720 723/723/723
f 719/719/719 722/722/722 723/723/723 721/721/721
f 745/745/745 724/724/724 726/726/726
f 730/730/730 731/731/731 729/729/729 728/728/728
f 732/732/732 733/733/733 731/731/731 730/730/730
f 728/728/728 729/729/729 727/727/727 726/726/726
f 725/725/725 745/745/745 727/727/727
f 727/727/727 745/745/745 726/726/726
f 733/733/733 732/732/732 734/734/734 735/735/735
f 736/736/736 737/737/737 735/735/735 734/734/734
f 740/740/740 741/741/741 739/739/739 738/738/738
f 744/744/744 740/740/740 742/742/742
f 738/738/738 739/739/739 737/737/737 736/736/736
f 743/743/743 741/741/741 744/744/744
f 744/744/744 741/741/741 740/740/740
f 751/751/751 746/746/746 748/748/748 750/750/750
f 747/747/747 751/751/751 750/750/750 749/749/749
f 772/772/772 752/752/752 754/754/754
f 758/758/758 759/759/759 757/757/757 756/756/756
f 760/760/760 761/761/761 759/759/759 758/758/758
f 756/756/756 757/757/757 755/755/755 754/754/754
f 753/753/753 772/772/772 755/755/755
f 755/755/755 772/772/772 754/754/754
f 761/761/761 760/760/760 762/762/762 763/763/763
f 764/764/764 765/765/765 763/763/763 762/762/762
f 768/768/768 769/769/769 767/767/767 766/766/766
f 773/773/773 768/768/768 770/770/770
f 766/766/766 767/767/767 765/765/765 764/764/764
f 771/771/771 769/769/769 773/773/773
f 773/773/773 769/769/769 768/768/768
f 805/805/805 775/775/775 806/806/806
f 774/774/774 806/806/806 775/775/775
f 806/806/806 817/817/817 816/816/816 807/807/807
f 817/817/817 806/806/806 774/774/774
f 774/774/774 816/816/816 817/817/817
f 818/818/818 816/816/816 774/774/774
f 804/804/804 776/776/776 775/775/775
f 803/803/803 776/776/776 804/804/804
f 792/792/792 811/811/811 810/810/810
f 802/802/802 776/776/776 803/803/803
f 775/775/775 805/805/805 804/804/804
f 793/793/793 810/810/810 809/809/809
f 818/818/818 819/819/819 807/807/807
f 816/816/816 818/818/818 807/807/807
f 794/794/794 819/819/819 818/818/818
f 820/820/820 794/794/794 818/818/818
f 821/821/821 820/820/820 796/796/796
f 818/818/818 796/796/796 820/820/820
f 795/795/795 821/821/821 796/796/796
f 793/793/793 819/819/819 794/794/794
f 774/774/774 796/796/796 818/818/818
f 808/808/808 819/819/819 822/822/822
f 807/807/807 819/819/819 808/808/808
f 792/792/792 810/810/810 793/793/793
f 822/822/822 793/793/793 809/809/809
f 795/795/795 820/820/820 821/821/821
f 822/822/822 819/819/819 793/793/793
f 809/809/809 808/808/808 822/822/822
f 820/820/820 795/795/795 794/794/794
f 792/792/792 791/791/791 811/811/811
f 801/801/801 777/777/777 802/802/802
f 776/776/776 802/802/802 777/777/777
f 778/778/778 801/801/801 800/800/800
f 800/800/800 799/799/799 779/779/779
f 799/799/799 798/798/798 780/780/780
f 801/801/801 778/778/778 777/777/777
f 779/779/779 799/799/799 780/780/780
f 798/798/798 781/781/781 780/780/780
f 798/798/798 797/797/797 782/782/782
f 782/782/782 781/781/781 798/798/798
f 778/778/778 800/800/800 779/779/779
f 783/783/783 782/782/782 797/797/797
f 814/814/814 813/813/813 787/787/787
f 789/789/789 813/813/813 790/790/790
f 791/791/791 790/790/790 812/812/812
f 813/813/813 812/812/812 790/790/790
f 811/811/811 791/791/791 812/812/812
f 786/786/786 815/815/815 814/814/814
f 815/815/815 785/785/785 784/784/784
f 783/783/783 797/797/797 784/784/784
f 815/815/815 786/786/786 785/785/785
f 789/789/789 788/788/788 813/813/813
f 788/788/788 787/787/787 813/813/813
f 814/814/814 787/787/787 786/786/786
f 784/784/784 797/797/797 815/815/815
g object_6
v 659.48291015625 -18.32500076293945 -470.508056640625
v 659.8892822265625 -18.32500076293945 -470.508056640625
v 660.2957153320312 -18.32500076293945 -470.508056640625
v 659.48291015625 -18.32500076293945 -464.508056640625
v 659.48291015625 -18.32500076293945 -467.508056640625
v 663.33447265625 -18.32500076293945 -464.508056640625
v 661.40869140625 -18.32500076293945 -464.508056640625
v 663.33447265625 -18.32500076293945 -465.2228393554688
v 660.2957153320312 -18.32500076293945 -465.2228393554688
v 661.8150634765625 -18.32500076293945 -465.2228393554688
v 660.2957153320312 -18.32500076293945 -467.8654479980469
v 660.2957153320312 -18.32500076293945 -470.508056640625
v 660.2957153320312 -17.32500076293945 -470.508056640625
v 659.48291015625 -18.32500076293945 -470.508056640625
v 659.48291015625 -17.32500076293945 -470.508056640625
v 659.8892822265625 -18.32500076293945 -470.508056640625
v 659.48291015625 -17.82500076293945 -470.508056640625
v 659.8892822265625 -17.32500076293945 -470.508056640625
v 660.2957153320312 -17.82500076293945 -470.508056640625
v 660.2957153320312 -18.32500076293945 -465.2228393554688
v 660.2957153320312 -17.32500076293945 -465.2228393554688
v 660.2957153320312 -18.32500076293945 -470.508056640625
v 660.2957153320312 -17.32500076293945 -470.508056640625
v 660.2957153320312 -18.32500076293945 -467.8654479980469
v 660.2957153320312 -17.82500076293945 -470.508056640625
v 660.2957153320312 -17.32500076293945 -467.8654479980469
v 663.33447265625 -18.32500076293945 -465.2228393554688
v 663.33447265625 -17.32500076293945 -465.2228393554688
v 660.2957153320312 -18.32500076293945 -465.2228393554688
v 660.2957153320312 -17.32500076293945 -465.2228393554688
v 661.8150634765625 -18.32500076293945 -465.2228393554688
v 661.8150634765625 -17.32500076293945 -465.2228393554688
v 663.33447265625 -17.82500076293945 -465.2228393554688
v 663.33447265625 -18.32500076293945 -464.508056640625
v 663.33447265625 -17.32500076293945 -464.508056640625
v 663.33447265625 -18.32500076293945 -465.2228393554688
v 663.33447265625 -17.32500076293945 -465.2228393554688
v 663.33447265625 -17.82500076293945 -465.2228393554688
v 663.33447265625 -17.82500076293945 -464.508056640625
v 659.48291015625 -18.32500076293945 -464.508056640625
v 659.48291015625 -17.32500076293945 -464.508056640625
v 663.33447265625 -18.32500076293945 -464.508056640625
v 663.33447265625 -17.32500076293945 -464.508056640625
v 661.40869140625 -18.32500076293945 -464.508056640625
v 663.33447265625 -17.82500076293945 -464.508056640625
v 661.40869140625 -17.32500076293945 -464.508056640625
v 659.48291015625 -18.32500076293945 -470.508056640625
v 659.48291015625 -17.32500076293945 -470.508056640625
v 659.48291015625 -18.32500076293945 -464.508056640625
v 659.48291015625 -17.32500076293945 -464.508056640625
v 659.48291015625 -18.32500076293945 -467.508056640625
v 659.48291015625 -17.82500076293945 -470.508056640625
v 659.48291015625 -17.32500076293945 -467.508056640625
v 659.48291015625 -17.32500076293945 -470.508056640625
v 659.8892822265625 -17.32500076293945 -470.508056640625
v 660.2957153320312 -17.32500076293945 -470.508056640625
v 660.2957153320312 -17.32500076293945 -467.8654479980469
v 660.2957153320312 -17.32500076293945 -465.2228393554688
v 661.8150634765625 -17.32500076293945 -465.2228393554688
v 663.33447265625 -17.32500076293945 -465.2228393554688
v 663.33447265625 -17.32500076293945 -464.508056640625
v 661.40869140625 -17.32500076293945 -464.508056640625
v 659.48291015625 -17.32500076293945 -464.508056640625
v 659.48291015625 -17.32500076293945 -467.508056640625
vt 0.6053410172462463 0.006086882203817368
vt 0.6464178562164307 0.006086882203817368
vt 0.6874947547912598 0.006086882203817368
vt 0.6053410172462463 0.6147750616073608
vt 0.6053410172462463 0.3104309737682343
vt 0.9946421384811401 0.6147750616073608
vt 0.7999916076660156 0.6147750616073608
vt 0.9946421384811401 0.542262852191925
vt 0.6874947547912598 0.542262852191925
vt 0.8410684466362 0.542262852191925
vt 0.6874947547912598 0.2741748690605164
vt 0.2814262211322784 0
vt 0.2814262211322784 0.09998319298028946
vt 0.3638829588890076 0
vt 0.3638829588890076 0.09998319298028946
vt 0.3226545751094818 0
vt 0.3638829588890076 0.04999159649014473
vt 0.3226545751094818 0.09998319298028946
vt 0.2814262211322784 0.04999159649014473
vt 0.09998319298028946 0.304344117641449
vt 0 0.304344117641449
vt 0.09998319298028946 0.8405200839042664
vt 0 0.8405200839042664
vt 0.09998319298028946 0.5724321007728577
vt 0.04999159649014473 0.8405200839042664
vt 0 0.5724321007728577
vt 0 0.1014480367302895
vt 0 0.2014312297105789
vt 0.3082804679870605 0.1014480367302895
vt 0.3082804679870605 0.2014312297105789
vt 0.1541402339935303 0.1014480367302895
vt 0.1541402339935303 0.2014312297105789
vt 0 0.1514396369457245
vt 0 0
vt 0 0.09998319298028946
vt 0.07251220941543579 0
vt 0.07251220941543579 0.09998319298028946
vt 0.07251220941543579 0.04999159649014473
vt 0 0.04999159649014473
vt 0 0.2028960734605789
vt 0 0.302879273891449
vt 0.3907372355461121 0.2028960734605789
vt 0.3907372355461121 0.302879273891449
vt 0.195368617773056 0.2028960734605789
vt 0.3907372355461121 0.2528876662254333
vt 0.195368617773056 0.302879273891449
vt 0.2014312297105789 0.304344117641449
vt 0.1014480367302895 0.304344117641449
vt 0.2014312297105789 0.9130322933197021
vt 0.1014480367302895 0.9130322933197021
vt 0.2014312297105789 0.6086882352828979
vt 0.1514396369457245 0.304344117641449
vt 0.1014480367302895 0.6086882352828979
vt 0.2067890763282776 0.3104166388511658
vt 0.2478659152984619 0.3104166388511658
vt 0.2889427542686462 0.3104166388511658
vt 0.2889427542686462 0.577872097492218
vt 0.2889427542686462 0.8453275561332703
vt 0.4425164759159088 0.8453275561332703
vt 0.5960901975631714 0.8453275561332703
vt 0.5960901975631714 0.9176687002182007
vt 0.4014396369457245 0.9176687002182007
vt 0.2067890763282776 0.9176687002182007
vt 0.2067890763282776 0.6140426397323608
vn 0 -1 0
vn 0 -1 0
vn 0 -1 0
vn 0 -1 0
vn 0 -1 0
vn 0 -1 0
vn 0 -1 0
vn 0 -1 0
vn 0 -1 0
vn 0 -1 0
vn 0 -1 0
vn 0 0 -1
vn 0 0 -1
vn 0 0 -1
vn 0 0 -1
vn 0 0 -1
vn 0 0 -1
vn 0 0 -1
vn 0 0 -1
vn 1 0 0
vn 1 0 0
vn 1 0 0
vn 1 0 0
vn 1 0 0
vn 1 0 0
vn 1 0 0
vn 0 0 -1
vn 0 0 -1
vn 0 0 -1
vn 0 0 -1
vn 0 0 -1
vn 0 0 -1
vn 0 0 -1
vn 1 0 0
vn 1 0 0
vn 1 0 0
vn 1 0 0
vn 1 0 0
vn 1 0 0
vn 0 0 1
vn 0 0 1
vn 0 0 1
vn 0 0 1
vn 0 0 1
vn 0 0 1
vn 0 0 1
vn -1 0 0
vn -1 0 0
vn -1 0 0
vn -1 0 0
vn -1 0 0
vn -1 0 0
vn -1 0 0
vn 0 1 0
vn 0 1 0
vn 0 1 0
vn 0 1 0
vn 0 1 0
vn 0 1 0
vn 0 1 0
vn 0 1 0
vn 0 1 0
vn 0 1 0
vn 0 1 0
f 833/833/833 827/827/827 823/823/823
f 826/826/826 827/827/827 833/833/833 831/831/831
f 833/833/833 823/823/823 824/824/824
f 824/824/824 825/825/825 833/833/833
f 829/829/829 831/831/831 832/832/832
f 828/828/828 829/829/829 832/832/832 830/830/830
f 826/826/826 831/831/831 829/829/829
f 841/841/841 834/834/834 838/838/838
f 841/841/841 840/840/840 835/835/835
f 839/839/839 841/841/841 838/838/838 836/836/836
f 841/841/841 839/839/839 837/837/837 840/840/840
f 843/843/843 842/842/842 846/846/846 848/848/848
f 846/846/846 847/847/847 848/848/848
f 847/847/847 845/845/845 848/848/848
f 844/844/844 847/847/847 846/846/846
f 853/853/853 855/855/855 849/849/849
f 854/854/854 850/850/850 855/855/855
f 851/851/851 852/852/852 854/854/854 853/853/853
f 855/855/855 853/853/853 854/854/854
f 861/861/861 856/856/856 858/858/858 860/860/860
f 857/857/857 861/861/861 860/860/860 859/859/859
f 863/863/863 862/862/862 866/866/866 868/868/868
f 866/866/866 867/867/867 868/868/868
f 867/867/867 865/865/865 868/868/868
f 864/864/864 867/867/867 866/866/866
f 873/873/873 874/874/874 869/869/869
f 875/875/875 870/870/870 874/874/874
f 871/871/871 872/872/872 875/875/875 873/873/873
f 874/874/874 873/873/873 875/875/875
f 879/879/879 876/876/876 886/886/886
f 885/885/885 880/880/880 879/879/879 886/886/886
f 879/879/879 877/877/877 876/876/876
f 877/877/877 879/879/879 878/878/878
f 884/884/884 881/881/881 880/880/880
f 883/883/883 882/882/882 881/881/881 884/884/884
f 885/885/885 884/884/884 880/880/880
g object_7
v 666.7245483398438 -18.32500076293945 -470.6714477539062
v 667.10888671875 -18.32500076293945 -470.6554870605469
v 667.4674072265625 -18.32500076293945 -470.6076354980469
v 667.8001708984375 -18.32500076293945 -470.5278625488281
v 668.1071166992188 -18.32500076293945 -470.4161682128906
v 668.3883056640625 -18.32500076293945 -470.2725830078125
v 668.6437377929688 -18.32500076293945 -470.0970764160156
v 668.8733520507812 -18.32500076293945 -469.8896484375
v 669.0771484375 -18.32500076293945 -469.6503295898438
v 669.2169189453125 -18.32500076293945 -469.4442749023438
v 669.3380737304688 -18.32500076293945 -469.2242736816406
v 669.4405517578125 -18.32500076293945 -468.9903869628906
v 669.5244140625 -18.32500076293945 -468.7425842285156
v 669.5896606445312 -18.32500076293945 -468.4808654785156
v 669.63623046875 -18.32500076293945 -468.2052307128906
v 669.6735229492188 -18.32500076293945 -467.6122131347656
v 669.662841796875 -18.32500076293945 -467.2833557128906
v 669.630859375 -18.32500076293945 -466.9686584472656
v 669.5775756835938 -18.32500076293945 -466.6681518554688
v 669.5029907226562 -18.32500076293945 -466.3817749023438
v 669.4070434570312 -18.32500076293945 -466.1095886230469
v 669.289794921875 -18.32500076293945 -465.8515930175781
v 669.1512451171875 -18.32500076293945 -465.6077270507812
v 668.9913940429688 -18.32500076293945 -465.3780517578125
v 668.7806396484375 -18.32500076293945 -465.1329650878906
v 668.5485229492188 -18.32500076293945 -464.9205932617188
v 668.2951049804688 -18.32500076293945 -464.7408752441406
v 668.0203247070312 -18.32500076293945 -464.5938415527344
v 667.7243041992188 -18.32500076293945 -464.4794616699219
v 667.4069213867188 -18.32500076293945 -464.3977966308594
v 667.0682373046875 -18.32500076293945 -464.3487854003906
v 666.7081909179688 -18.32500076293945 -464.3324279785156
v 666.371337890625 -18.32500076293945 -464.3467407226562
v 666.0529174804688 -18.32500076293945 -464.3896179199219
v 665.7530517578125 -18.32500076293945 -464.4610900878906
v 665.4716796875 -18.32500076293945 -464.5611572265625
v 665.2088012695312 -18.32500076293945 -464.6898193359375
v 664.9644165039062 -18.32500076293945 -464.8470764160156
v 664.7385864257812 -18.32500076293945 -465.0328979492188
v 664.53125 -18.32500076293945 -465.2473449707031
v 666.8062133789062 -18.32500076293945 -465.0594482421875
v 667.0654907226562 -18.32500076293945 -465.0715026855469
v 667.3062133789062 -18.32500076293945 -465.1075744628906
v 667.5283203125 -18.32500076293945 -465.167724609375
v 667.7318725585938 -18.32500076293945 -465.2519226074219
v 667.9168701171875 -18.32500076293945 -465.3601989746094
v 668.083251953125 -18.32500076293945 -465.4925231933594
v 668.2310791015625 -18.32500076293945 -465.64892578125
v 668.3603515625 -18.32500076293945 -465.8293762207031
v 668.5703125 -18.32500076293945 -466.228759765625
v 668.7202758789062 -18.32500076293945 -466.656982421875
v 668.810302734375 -18.32500076293945 -467.1140441894531
v 668.8402709960938 -18.32500076293945 -467.5999755859375
v 668.8056640625 -18.32500076293945 -468.1031188964844
v 668.701904296875 -18.32500076293945 -468.5546875
v 668.6240844726562 -18.32500076293945 -468.7611389160156
v 668.5289916992188 -18.32500076293945 -468.9547119140625
v 668.4165649414062 -18.32500076293945 -469.1353759765625
v 668.286865234375 -18.32500076293945 -469.3031616210938
v 668.1421508789062 -18.32500076293945 -469.4544067382812
v 667.9847412109375 -18.32500076293945 -469.5855102539062
v 667.8146362304688 -18.32500076293945 -469.6964111328125
v 667.6318359375 -18.32500076293945 -469.7871704101562
v 667.436279296875 -18.32500076293945 -469.8577575683594
v 667.2280883789062 -18.32500076293945 -469.9081726074219
v 667.0072021484375 -18.32500076293945 -469.9384155273438
v 666.7735595703125 -18.32500076293945 -469.948486328125
v 666.546142578125 -18.32500076293945 -469.9385070800781
v 666.3294067382812 -18.32500076293945 -469.9085388183594
v 666.1233520507812 -18.32500076293945 -469.8586120605469
v 665.9281005859375 -18.32500076293945 -469.7886962890625
v 665.7435302734375 -18.32500076293945 -469.6988220214844
v 665.5697021484375 -18.32500076293945 -469.5889587402344
v 665.4065551757812 -18.32500076293945 -469.4591064453125
v 665.254150390625 -18.32500076293945 -469.3092956542969
v 665.1163330078125 -18.32500076293945 -469.1400146484375
v 664.996826171875 -18.32500076293945 -468.9517822265625
v 664.895751953125 -18.32500076293945 -468.7445983886719
v 664.8130493164062 -18.32500076293945 -468.5184326171875
v 664.7487182617188 -18.32500076293945 -468.2733459472656
v 664.7027587890625 -18.32500076293945 -468.0093078613281
v 664.666015625 -18.32500076293945 -467.4243469238281
v 664.697509765625 -18.32500076293945 -466.945556640625
v 664.7921142578125 -18.32500076293945 -466.505859375
v 664.9497680664062 -18.32500076293945 -466.1051940917969
v 665.17041015625 -18.32500076293945 -465.7435913085938
v 665.3063354492188 -18.32500076293945 -465.583251953125
v 665.4618530273438 -18.32500076293945 -465.4442749023438
v 665.6369018554688 -18.32500076293945 -465.3266906738281
v 665.8316040039062 -18.32500076293945 -465.2304992675781
v 666.0458984375 -18.32500076293945 -465.1556701660156
v 666.2797241210938 -18.32500076293945 -465.1022033691406
v 666.533203125 -18.32500076293945 -465.0701599121094
v 664.3656005859375 -18.32500076293945 -465.4751892089844
v 664.2221069335938 -18.32500076293945 -465.7175598144531
v 664.1006469726562 -18.32500076293945 -465.9744873046875
v 664.0012817382812 -18.32500076293945 -466.2459716796875
v 663.9240112304688 -18.32500076293945 -466.5320129394531
v 663.8687744140625 -18.32500076293945 -466.8326110839844
v 663.835693359375 -18.32500076293945 -467.1477355957031
v 663.8246459960938 -18.32500076293945 -467.4774169921875
v 663.8624267578125 -18.32500076293945 -468.0640563964844
v 663.9096069335938 -18.32500076293945 -468.3409118652344
v 663.9757690429688 -18.32500076293945 -468.6067810058594
v 664.0607299804688 -18.32500076293945 -468.8616638183594
v 664.1646728515625 -18.32500076293945 -469.1055908203125
v 664.2874145507812 -18.32500076293945 -469.3385314941406
v 664.4291381835938 -18.32500076293945 -469.5604858398438
v 664.634765625 -18.32500076293945 -469.8208618164062
v 664.8635864257812 -18.32500076293945 -470.0465393066406
v 665.1156616210938 -18.32500076293945 -470.2374877929688
v 665.3909912109375 -18.32500076293945 -470.3937072753906
v 665.6895141601562 -18.32500076293945 -470.5151977539062
v 666.0112915039062 -18.32500076293945 -470.6020202636719
v 666.3563232421875 -18.32500076293945 -470.6540832519531
v 664.618408203125 -18.32500076293945 -468.887451171875
v 664.618408203125 -18.32500076293945 -467.0401000976562
v 664.618408203125 -18.32500076293945 -466.1164245605469
v 668.8796997070312 -18.32500076293945 -468.887451171875
v 668.8796997070312 -18.32500076293945 -467.0401000976562
v 668.8796997070312 -18.32500076293945 -466.1164245605469
v 664.53125 -18.32500076293945 -465.2473449707031
v 664.53125 -17.32500076293945 -465.2473449707031
v 664.7385864257812 -18.32500076293945 -465.0328979492188
v 664.7385864257812 -17.32500076293945 -465.0328979492188
v 664.9644165039062 -18.32500076293945 -464.8470764160156
v 664.9644165039062 -17.32500076293945 -464.8470764160156
v 665.2088012695312 -18.32500076293945 -464.6898193359375
v 665.2088012695312 -17.32500076293945 -464.6898193359375
v 665.4716796875 -18.32500076293945 -464.5611572265625
v 665.4716796875 -17.32500076293945 -464.5611572265625
v 665.7530517578125 -18.32500076293945 -464.4610900878906
v 665.7530517578125 -17.32500076293945 -464.4610900878906
v 666.0529174804688 -18.32500076293945 -464.3896179199219
v 666.0529174804688 -17.32500076293945 -464.3896179199219
v 666.371337890625 -18.32500076293945 -464.3467407226562
v 666.371337890625 -17.32500076293945 -464.3467407226562
v 666.7081909179688 -18.32500076293945 -464.3324279785156
v 666.7081909179688 -17.32500076293945 -464.3324279785156
v 667.0682373046875 -18.32500076293945 -464.3487854003906
v 667.0682373046875 -17.32500076293945 -464.3487854003906
v 667.4069213867188 -18.32500076293945 -464.3977966308594
v 667.4069213867188 -17.32500076293945 -464.3977966308594
v 667.7243041992188 -18.32500076293945 -464.4794616699219
v 667.7243041992188 -17.32500076293945 -464.4794616699219
v 668.0203247070312 -18.32500076293945 -464.5938415527344
v 668.0203247070312 -17.32500076293945 -464.5938415527344
v 668.2951049804688 -18.32500076293945 -464.7408752441406
v 668.2951049804688 -17.32500076293945 -464.7408752441406
v 668.5485229492188 -18.32500076293945 -464.9205932617188
v 668.5485229492188 -17.32500076293945 -464.9205932617188
v 668.7806396484375 -18.32500076293945 -465.1329650878906
v 668.7806396484375 -17.32500076293945 -465.1329650878906
v 668.9913940429688 -18.32500076293945 -465.3780517578125
v 668.9913940429688 -17.32500076293945 -465.3780517578125
v 669.1512451171875 -18.32500076293945 -465.6077270507812
v 669.1512451171875 -17.32500076293945 -465.6077270507812
v 669.289794921875 -18.32500076293945 -465.8515930175781
v 669.289794921875 -17.32500076293945 -465.8515930175781
v 669.4070434570312 -18.32500076293945 -466.1095886230469
v 669.4070434570312 -17.32500076293945 -466.1095886230469
v 669.5029907226562 -18.32500076293945 -466.3817749023438
v 669.5029907226562 -17.32500076293945 -466.3817749023438
v 669.5775756835938 -18.32500076293945 -466.6681518554688
v 669.5775756835938 -17.32500076293945 -466.6681518554688
v 669.630859375 -18.32500076293945 -466.9686584472656
v 669.630859375 -17.32500076293945 -466.9686584472656
v 669.662841796875 -18.32500076293945 -467.2833557128906
v 669.662841796875 -17.32500076293945 -467.2833557128906
v 669.6735229492188 -18.32500076293945 -467.6122131347656
v 669.6735229492188 -17.32500076293945 -467.6122131347656
v 669.63623046875 -18.32500076293945 -468.2052307128906
v 669.63623046875 -17.32500076293945 -468.2052307128906
v 669.5896606445312 -18.32500076293945 -468.4808654785156
v 669.5896606445312 -17.32500076293945 -468.4808654785156
v 669.5244140625 -18.32500076293945 -468.7425842285156
v 669.5244140625 -17.32500076293945 -468.7425842285156
v 669.4405517578125 -18.32500076293945 -468.9903869628906
v 669.4405517578125 -17.32500076293945 -468.9903869628906
v 669.3380737304688 -18.32500076293945 -469.2242736816406
v 669.3380737304688 -17.32500076293945 -469.2242736816406
v 669.2169189453125 -18.32500076293945 -469.4442749023438
v 669.2169189453125 -17.32500076293945 -469.4442749023438
v 669.0771484375 -18.32500076293945 -469.6503295898438
v 669.0771484375 -17.32500076293945 -469.6503295898438
v 668.8733520507812 -18.32500076293945 -469.8896484375
v 668.8733520507812 -17.32500076293945 -469.8896484375
v 668.6437377929688 -18.32500076293945 -470.0970764160156
v 668.6437377929688 -17.32500076293945 -470.0970764160156
v 668.3883056640625 -18.32500076293945 -470.2725830078125
v 668.3883056640625 -17.32500076293945 -470.2725830078125
v 668.1071166992188 -18.32500076293945 -470.4161682128906
v 668.1071166992188 -17.32500076293945 -470.4161682128906
v 667.8001708984375 -18.32500076293945 -470.5278625488281
v 667.8001708984375 -17.32500076293945 -470.5278625488281
v 667.4674072265625 -18.32500076293945 -470.6076354980469
v 667.4674072265625 -17.32500076293945 -470.6076354980469
v 667.10888671875 -18.32500076293945 -470.6554870605469
v 667.10888671875 -17.32500076293945 -470.6554870605469
v 666.7245483398438 -18.32500076293945 -470.6714477539062
v 666.7245483398438 -17.32500076293945 -470.6714477539062
v 666.7245483398438 -17.82500076293945 -470.6714477539062
v 664.53125 -17.82500076293945 -465.2473449707031
v 666.7245483398438 -18.32500076293945 -470.6714477539062
v 666.7245483398438 -17.32500076293945 -470.6714477539062
v 666.3563232421875 -18.32500076293945 -470.6540832519531
v 666.3563232421875 -17.32500076293945 -470.6540832519531
v 666.0112915039062 -18.32500076293945 -470.6020202636719
v 666.0112915039062 -17.32500076293945 -470.6020202636719
v 665.6895141601562 -18.32500076293945 -470.5151977539062
v 665.6895141601562 -17.32500076293945 -470.5151977539062
v 665.3909912109375 -18.32500076293945 -470.3937072753906
v 665.3909912109375 -17.32500076293945 -470.3937072753906
v 665.1156616210938 -18.32500076293945 -470.2374877929688
v 665.1156616210938 -17.32500076293945 -470.2374877929688
v 664.8635864257812 -18.32500076293945 -470.0465393066406
v 664.8635864257812 -17.32500076293945 -470.0465393066406
v 664.634765625 -18.32500076293945 -469.8208618164062
v 664.634765625 -17.32500076293945 -469.8208618164062
v 664.4291381835938 -18.32500076293945 -469.5604858398438
v 664.4291381835938 -17.32500076293945 -469.5604858398438
v 664.2874145507812 -18.32500076293945 -469.3385314941406
v 664.2874145507812 -17.32500076293945 -469.3385314941406
v 664.1646728515625 -18.32500076293945 -469.1055908203125
v 664.1646728515625 -17.32500076293945 -469.1055908203125
v 664.0607299804688 -18.32500076293945 -468.8616638183594
v 664.0607299804688 -17.32500076293945 -468.8616638183594
v 663.9757690429688 -18.32500076293945 -468.6067810058594
v 663.9757690429688 -17.32500076293945 -468.6067810058594
v 663.9096069335938 -18.32500076293945 -468.3409118652344
v 663.9096069335938 -17.32500076293945 -468.3409118652344
v 663.8624267578125 -18.32500076293945 -468.0640563964844
v 663.8624267578125 -17.32500076293945 -468.0640563964844
v 663.8246459960938 -18.32500076293945 -467.4774169921875
v 663.8246459960938 -17.32500076293945 -467.4774169921875
v 663.835693359375 -18.32500076293945 -467.1477355957031
v 663.835693359375 -17.32500076293945 -467.1477355957031
v 663.8687744140625 -18.32500076293945 -466.8326110839844
v 663.8687744140625 -17.32500076293945 -466.8326110839844
v 663.9240112304688 -18.32500076293945 -466.5320129394531
v 663.9240112304688 -17.32500076293945 -466.5320129394531
v 664.0012817382812 -18.32500076293945 -466.2459716796875
v 664.0012817382812 -17.32500076293945 -466.2459716796875
v 664.1006469726562 -18.32500076293945 -465.9744873046875
v 664.1006469726562 -17.32500076293945 -465.9744873046875
v 664.2221069335938 -18.32500076293945 -465.7175598144531
v 664.2221069335938 -17.32500076293945 -465.7175598144531
v 664.3656005859375 -18.32500076293945 -465.4751892089844
v 664.3656005859375 -17.32500076293945 -465.4751892089844
v 664.53125 -18.32500076293945 -465.2473449707031
v 664.53125 -17.32500076293945 -465.2473449707031
v 666.7245483398438 -17.82500076293945 -470.6714477539062
v 664.53125 -17.82500076293945 -465.2473449707031
v 666.8062133789062 -18.32500076293945 -465.0594482421875
v 666.8062133789062 -17.32500076293945 -465.0594482421875
v 666.533203125 -18.32500076293945 -465.0701599121094
v 666.533203125 -17.32500076293945 -465.0701599121094
v 666.2797241210938 -18.32500076293945 -465.1022033691406
v 666.2797241210938 -17.32500076293945 -465.1022033691406
v 666.0458984375 -18.32500076293945 -465.1556701660156
v 666.0458984375 -17.32500076293945 -465.1556701660156
v 665.8316040039062 -18.32500076293945 -465.2304992675781
v 665.8316040039062 -17.32500076293945 -465.2304992675781
v 665.6369018554688 -18.32500076293945 -465.3266906738281
v 665.6369018554688 -17.32500076293945 -465.3266906738281
v 665.4618530273438 -18.32500076293945 -465.4442749023438
v 665.4618530273438 -17.32500076293945 -465.4442749023438
v 665.3063354492188 -18.32500076293945 -465.583251953125
v 665.3063354492188 -17.32500076293945 -465.583251953125
v 665.17041015625 -18.32500076293945 -465.7435913085938
v 665.17041015625 -17.32500076293945 -465.7435913085938
v 664.9497680664062 -18.32500076293945 -466.1051940917969
v 664.9497680664062 -17.32500076293945 -466.1051940917969
v 664.7921142578125 -18.32500076293945 -466.505859375
v 664.7921142578125 -17.32500076293945 -466.505859375
v 664.697509765625 -18.32500076293945 -466.945556640625
v 664.697509765625 -17.32500076293945 -466.945556640625
v 664.666015625 -18.32500076293945 -467.4243469238281
v 664.666015625 -17.32500076293945 -467.4243469238281
v 664.7027587890625 -18.32500076293945 -468.0093078613281
v 664.7027587890625 -17.32500076293945 -468.0093078613281
v 664.7487182617188 -18.32500076293945 -468.2733459472656
v 664.7487182617188 -17.32500076293945 -468.2733459472656
v 664.8130493164062 -18.32500076293945 -468.5184326171875
v 664.8130493164062 -17.32500076293945 -468.5184326171875
v 664.895751953125 -18.32500076293945 -468.7445983886719
v 664.895751953125 -17.32500076293945 -468.7445983886719
v 664.996826171875 -18.32500076293945 -468.9517822265625
v 664.996826171875 -17.32500076293945 -468.9517822265625
v 665.1163330078125 -18.32500076293945 -469.1400146484375
v 665.1163330078125 -17.32500076293945 -469.1400146484375
v 665.254150390625 -18.32500076293945 -469.3092956542969
v 665.254150390625 -17.32500076293945 -469.3092956542969
v 665.4065551757812 -18.32500076293945 -469.4591064453125
v 665.4065551757812 -17.32500076293945 -469.4591064453125
v 665.5697021484375 -18.32500076293945 -469.5889587402344
v 665.5697021484375 -17.32500076293945 -469.5889587402344
v 665.7435302734375 -18.32500076293945 -469.6988220214844
v 665.7435302734375 -17.32500076293945 -469.6988220214844
v 665.9281005859375 -18.32500076293945 -469.7886962890625
v 665.9281005859375 -17.32500076293945 -469.7886962890625
v 666.1233520507812 -18.32500076293945 -469.8586120605469
v 666.1233520507812 -17.32500076293945 -469.8586120605469
v 666.3294067382812 -18.32500076293945 -469.9085388183594
v 666.3294067382812 -17.32500076293945 -469.9085388183594
v 666.546142578125 -18.32500076293945 -469.9385070800781
v 666.546142578125 -17.32500076293945 -469.9385070800781
v 666.7735595703125 -18.32500076293945 -469.948486328125
v 666.7735595703125 -17.32500076293945 -469.948486328125
v 667.0072021484375 -18.32500076293945 -469.9384155273438
v 667.0072021484375 -17.32500076293945 -469.9384155273438
v 667.2280883789062 -18.32500076293945 -469.9081726074219
v 667.2280883789062 -17.32500076293945 -469.9081726074219
v 667.436279296875 -18.32500076293945 -469.8577575683594
v 667.436279296875 -17.32500076293945 -469.8577575683594
v 667.6318359375 -18.32500076293945 -469.7871704101562
v 667.6318359375 -17.32500076293945 -469.7871704101562
v 667.8146362304688 -18.32500076293945 -469.6964111328125
v 667.8146362304688 -17.32500076293945 -469.6964111328125
v 667.9847412109375 -18.32500076293945 -469.5855102539062
v 667.9847412109375 -17.32500076293945 -469.5855102539062
v 668.1421508789062 -18.32500076293945 -469.4544067382812
v 668.1421508789062 -17.32500076293945 -469.4544067382812
v 668.286865234375 -18.32500076293945 -469.3031616210938
v 668.286865234375 -17.32500076293945 -469.3031616210938
v 668.4165649414062 -18.32500076293945 -469.1353759765625
v 668.4165649414062 -17.32500076293945 -469.1353759765625
v 668.5289916992188 -18.32500076293945 -468.9547119140625
v 668.5289916992188 -17.32500076293945 -468.9547119140625
v 668.6240844726562 -18.32500076293945 -468.7611389160156
v 668.6240844726562 -17.32500076293945 -468.7611389160156
v 668.701904296875 -18.32500076293945 -468.5546875
v 668.701904296875 -17.32500076293945 -468.5546875
v 668.8056640625 -18.32500076293945 -468.1031188964844
v 668.8056640625 -17.32500076293945 -468.1031188964844
v 668.8402709960938 -18.32500076293945 -467.5999755859375
v 668.8402709960938 -17.32500076293945 -467.5999755859375
v 668.810302734375 -18.32500076293945 -467.1140441894531
v 668.810302734375 -17.32500076293945 -467.1140441894531
v 668.7202758789062 -18.32500076293945 -466.656982421875
v 668.7202758789062 -17.32500076293945 -466.656982421875
v 668.5703125 -18.32500076293945 -466.228759765625
v 668.5703125 -17.32500076293945 -466.228759765625
v 668.3603515625 -18.32500076293945 -465.8293762207031
v 668.3603515625 -17.32500076293945 -465.8293762207031
v 668.2310791015625 -18.32500076293945 -465.64892578125
v 668.2310791015625 -17.32500076293945 -465.64892578125
v 668.083251953125 -18.32500076293945 -465.4925231933594
v 668.083251953125 -17.32500076293945 -465.4925231933594
v 667.9168701171875 -18.32500076293945 -465.3601989746094
v 667.9168701171875 -17.32500076293945 -465.3601989746094
v 667.7318725585938 -18.32500076293945 -465.2519226074219
v 667.7318725585938 -17.32500076293945 -465.2519226074219
v 667.5283203125 -18.32500076293945 -465.167724609375
v 667.5283203125 -17.32500076293945 -465.167724609375
v 667.3062133789062 -18.32500076293945 -465.1075744628906
v 667.3062133789062 -17.32500076293945 -465.1075744628906
v 667.0654907226562 -18.32500076293945 -465.0715026855469
v 667.0654907226562 -17.32500076293945 -465.0715026855469
v 666.8062133789062 -18.32500076293945 -465.0594482421875
v 666.8062133789062 -17.32500076293945 -465.0594482421875
v 666.7245483398438 -17.32500076293945 -470.6714477539062
v 667.10888671875 -17.32500076293945 -470.6554870605469
v 667.4674072265625 -17.32500076293945 -470.6076354980469
v 667.8001708984375 -17.32500076293945 -470.5278625488281
v 668.1071166992188 -17.32500076293945 -470.4161682128906
v 668.3883056640625 -17.32500076293945 -470.2725830078125
v 668.6437377929688 -17.32500076293945 -470.0970764160156
v 668.8733520507812 -17.32500076293945 -469.8896484375
v 669.0771484375 -17.32500076293945 -469.6503295898438
v 669.2169189453125 -17.32500076293945 -469.4442749023438
v 669.3380737304688 -17.32500076293945 -469.2242736816406
v 669.4405517578125 -17.32500076293945 -468.9903869628906
v 669.5244140625 -17.32500076293945 -468.7425842285156
v 669.5896606445312 -17.32500076293945 -468.4808654785156
v 669.63623046875 -17.32500076293945 -468.2052307128906
v 669.6735229492188 -17.32500076293945 -467.6122131347656
v 669.662841796875 -17.32500076293945 -467.2833557128906
v 669.630859375 -17.32500076293945 -466.9686584472656
v 669.5775756835938 -17.32500076293945 -466.6681518554688
v 669.5029907226562 -17.32500076293945 -466.3817749023438
v 669.4070434570312 -17.32500076293945 -466.1095886230469
v 669.289794921875 -17.32500076293945 -465.8515930175781
v 669.1512451171875 -17.32500076293945 -465.6077270507812
v 668.9913940429688 -17.32500076293945 -465.3780517578125
v 668.7806396484375 -17.32500076293945 -465.1329650878906
v 668.5485229492188 -17.32500076293945 -464.9205932617188
v 668.2951049804688 -17.32500076293945 -464.7408752441406
v 668.0203247070312 -17.32500076293945 -464.5938415527344
v 667.7243041992188 -17.32500076293945 -464.4794616699219
v 667.4069213867188 -17.32500076293945 -464.3977966308594
v 667.0682373046875 -17.32500076293945 -464.3487854003906
v 666.7081909179688 -17.32500076293945 -464.3324279785156
v 666.371337890625 -17.32500076293945 -464.3467407226562
v 666.0529174804688 -17.32500076293945 -464.3896179199219
v 665.7530517578125 -17.32500076293945 -464.4610900878906
v 665.4716796875 -17.32500076293945 -464.5611572265625
v 665.2088012695312 -17.32500076293945 -464.6898193359375
v 664.9644165039062 -17.32500076293945 -464.8470764160156
v 664.7385864257812 -17.32500076293945 -465.0328979492188
v 664.53125 -17.32500076293945 -465.2473449707031
v 664.3656005859375 -17.32500076293945 -465.4751892089844
v 664.2221069335938 -17.32500076293945 -465.7175598144531
v 664.1006469726562 -17.32500076293945 -465.9744873046875
v 664.0012817382812 -17.32500076293945 -466.2459716796875
v 663.9240112304688 -17.32500076293945 -466.5320129394531
v 663.8687744140625 -17.32500076293945 -466.8326110839844
v 663.835693359375 -17.32500076293945 -467.1477355957031
v 663.8246459960938 -17.32500076293945 -467.4774169921875
v 663.8624267578125 -17.32500076293945 -468.0640563964844
v 663.9096069335938 -17.32500076293945 -468.3409118652344
v 663.9757690429688 -17.32500076293945 -468.6067810058594
v 664.0607299804688 -17.32500076293945 -468.8616638183594
v 664.1646728515625 -17.32500076293945 -469.1055908203125
v 664.2874145507812 -17.32500076293945 -469.3385314941406
v 664.4291381835938 -17.32500076293945 -469.5604858398438
v 664.634765625 -17.32500076293945 -469.8208618164062
v 664.8635864257812 -17.32500076293945 -470.0465393066406
v 665.1156616210938 -17.32500076293945 -470.2374877929688
v 665.3909912109375 -17.32500076293945 -470.3937072753906
v 665.6895141601562 -17.32500076293945 -470.5151977539062
v 666.0112915039062 -17.32500076293945 -470.6020202636719
v 666.3563232421875 -17.32500076293945 -470.6540832519531
v 666.8062133789062 -17.32500076293945 -465.0594482421875
v 667.0654907226562 -17.32500076293945 -465.0715026855469
v 667.3062133789062 -17.32500076293945 -465.1075744628906
v 667.5283203125 -17.32500076293945 -465.167724609375
v 667.7318725585938 -17.32500076293945 -465.2519226074219
v 667.9168701171875 -17.32500076293945 -465.3601989746094
v 668.083251953125 -17.32500076293945 -465.4925231933594
v 668.2310791015625 -17.32500076293945 -465.64892578125
v 668.3603515625 -17.32500076293945 -465.8293762207031
v 668.5703125 -17.32500076293945 -466.228759765625
v 668.7202758789062 -17.32500076293945 -466.656982421875
v 668.810302734375 -17.32500076293945 -467.1140441894531
v 668.8402709960938 -17.32500076293945 -467.5999755859375
v 668.8056640625 -17.32500076293945 -468.1031188964844
v 668.701904296875 -17.32500076293945 -468.5546875
v 668.6240844726562 -17.32500076293945 -468.7611389160156
v 668.5289916992188 -17.32500076293945 -468.9547119140625
v 668.4165649414062 -17.32500076293945 -469.1353759765625
v 668.286865234375 -17.32500076293945 -469.3031616210938
v 668.1421508789062 -17.32500076293945 -469.4544067382812
v 667.9847412109375 -17.32500076293945 -469.5855102539062
v 667.8146362304688 -17.32500076293945 -469.6964111328125
v 667.6318359375 -17.32500076293945 -469.7871704101562
v 667.436279296875 -17.32500076293945 -469.8577575683594
v 667.2280883789062 -17.32500076293945 -469.9081726074219
v 667.0072021484375 -17.32500076293945 -469.9384155273438
v 666.7735595703125 -17.32500076293945 -469.948486328125
v 666.546142578125 -17.32500076293945 -469.9385070800781
v 666.3294067382812 -17.32500076293945 -469.9085388183594
v 666.1233520507812 -17.32500076293945 -469.8586120605469
v 665.9281005859375 -17.32500076293945 -469.7886962890625
v 665.7435302734375 -17.32500076293945 -469.6988220214844
v 665.5697021484375 -17.32500076293945 -469.5889587402344
v 665.4065551757812 -17.32500076293945 -469.4591064453125
v 665.254150390625 -17.32500076293945 -469.3092956542969
v 665.1163330078125 -17.32500076293945 -469.1400146484375
v 664.996826171875 -17.32500076293945 -468.9517822265625
v 664.895751953125 -17.32500076293945 -468.7445983886719
v 664.8130493164062 -17.32500076293945 -468.5184326171875
v 664.7487182617188 -17.32500076293945 -468.2733459472656
v 664.7027587890625 -17.32500076293945 -468.0093078613281
v 664.666015625 -17.32500076293945 -467.4243469238281
v 664.697509765625 -17.32500076293945 -466.945556640625
v 664.7921142578125 -17.32500076293945 -466.505859375
v 664.9497680664062 -17.32500076293945 -466.1051940917969
v 665.17041015625 -17.32500076293945 -465.7435913085938
v 665.3063354492188 -17.32500076293945 -465.583251953125
v 665.4618530273438 -17.32500076293945 -465.4442749023438
v 665.6369018554688 -17.32500076293945 -465.3266906738281
v 665.8316040039062 -17.32500076293945 -465.2304992675781
v 666.0458984375 -17.32500076293945 -465.1556701660156
v 666.2797241210938 -17.32500076293945 -465.1022033691406
v 666.533203125 -17.32500076293945 -465.0701599121094
v 664.618408203125 -17.32500076293945 -468.887451171875
v 664.618408203125 -17.32500076293945 -467.0401000976562
v 664.618408203125 -17.32500076293945 -466.1164245605469
v 668.8796997070312 -17.32500076293945 -468.887451171875
v 668.8796997070312 -17.32500076293945 -467.0401000976562
v 668.8796997070312 -17.32500076293945 -466.1164245605469
vt 0.3313468098640442 0.004245331976562738
vt 0.3569909036159515 0.00531383603811264
vt 0.3809145390987396 0.008519354276359081
vt 0.4031177461147308 0.0138618927448988
vt 0.4236005246639252 0.02134146168828011
vt 0.442362904548645 0.03095806948840618
vt 0.4594049155712128 0.04271171987056732
vt 0.4747265577316284 0.05660242214798927
vt 0.4883278906345367 0.07263018935918808
vt 0.4976537823677063 0.08643115311861038
vt 0.505736231803894 0.101163811981678
vt 0.5125751495361328 0.1168281883001328
vt 0.5181707143783569 0.1334242820739746
vt 0.5225227475166321 0.1509521454572678
vt 0.5256313681602478 0.169411763548851
vt 0.5281181931495667 0.2091263681650162
vt 0.5274070501327515 0.2311506420373917
vt 0.5252736210823059 0.2522260248661041
vt 0.52171790599823 0.2723525166511536
vt 0.5167399048805237 0.2915301620960236
vt 0.5103395581245422 0.3097589612007141
vt 0.5025168657302856 0.3270389139652252
vt 0.4932719171047211 0.3433700799942017
vt 0.4826046228408813 0.358752429485321
vt 0.4685391485691071 0.3751648962497711
vt 0.4530514180660248 0.3893889486789703
vt 0.4361414015293121 0.4014246761798859
vt 0.4178090989589691 0.4112720787525177
vt 0.3980545103549957 0.4189311861991882
vt 0.3768775761127472 0.4244019389152527
vt 0.3542782962322235 0.4276843667030334
vt 0.3302566707134247 0.4287785291671753
vt 0.3077765703201294 0.427821159362793
vt 0.2865314781665802 0.4249490201473236
vt 0.2665213644504547 0.4201620817184448
vt 0.2477461844682693 0.4134604036808014
vt 0.2302059531211853 0.4048439264297485
vt 0.213900625705719 0.3943126499652863
vt 0.1988302171230316 0.3818666040897369
vt 0.1849946975708008 0.3675056993961334
vt 0.3367975652217865 0.3800885379314423
vt 0.354097306728363 0.3792828619480133
vt 0.3701578080654144 0.3768659234046936
vt 0.3849790990352631 0.372837632894516
vt 0.3985612094402313 0.3671980500221252
vt 0.4109040796756744 0.3599471151828766
vt 0.4220077991485596 0.3510848581790924
vt 0.4318723380565643 0.3406112790107727
vt 0.4404976963996887 0.3285263478755951
vt 0.4545078277587891 0.3017792701721191
vt 0.4645150303840637 0.2731004357337952
vt 0.4705193340778351 0.2424896955490112
vt 0.4725207686424255 0.2099469900131226
vt 0.4702127277851105 0.1762502640485764
vt 0.4632886350154877 0.1460071057081223
vt 0.4580955505371094 0.1321805864572525
vt 0.4517484307289124 0.1192174032330513
vt 0.4442472457885742 0.1071175634860992
vt 0.4355920553207397 0.09588104486465454
vt 0.4259361624717712 0.0857514962553978
vt 0.4154328405857086 0.07697256654500961
vt 0.4040821492671967 0.06954426318407059
vt 0.3918840289115906 0.06346656382083893
vt 0.3788385093212128 0.05873947963118553
vt 0.3649455308914185 0.0553629957139492
vt 0.35020512342453 0.05333710461854935
vt 0.3346172571182251 0.05266181007027626
vt 0.3194403350353241 0.05333069711923599
vt 0.3049788475036621 0.05533734709024429
vt 0.2912327945232391 0.05868177860975266
vt 0.2782021760940552 0.06336399167776108
vt 0.2658869624137878 0.06938398629426956
vt 0.2542871534824371 0.0767417699098587
vt 0.2434027194976807 0.0854373499751091
vt 0.2332336604595184 0.09547073394060135
vt 0.2240355163812637 0.1068076938390732
vt 0.2160637974739075 0.1194140017032623
vt 0.2093185186386108 0.1332896947860718
vt 0.2037996649742126 0.1484347581863403
vt 0.1995072215795517 0.1648492217063904
vt 0.1964412033557892 0.1825331151485443
vt 0.1939883977174759 0.2217091917991638
vt 0.1960920244455338 0.2537732124328613
vt 0.2024029195308685 0.2832213938236237
vt 0.2129211276769638 0.3100538551807404
vt 0.2276466637849808 0.3342706561088562
vt 0.2367149144411087 0.3450092673301697
vt 0.2470904588699341 0.3543160259723663
vt 0.2587732970714569 0.3621909916400909
vt 0.2717634737491608 0.3686341345310211
vt 0.2860609591007233 0.3736454248428345
vt 0.3016658127307892 0.3772249221801758
vt 0.3185780048370361 0.379372626543045
vt 0.1739441454410553 0.3522472977638245
vt 0.1643670201301575 0.3360144197940826
vt 0.1562633067369461 0.3188071250915527
vt 0.1496330201625824 0.30062535405159
vt 0.144476130604744 0.2814691066741943
vt 0.140792652964592 0.2613382935523987
vt 0.1385825574398041 0.2402330040931702
vt 0.1378458738327026 0.218153178691864
vt 0.1403668075799942 0.178865984082222
vt 0.1435180008411407 0.1603251546621323
vt 0.1479296684265137 0.1425194889307022
vt 0.1536018252372742 0.1254489570856094
vt 0.1605344861745834 0.1091135516762733
vt 0.1687276214361191 0.09351326525211334
vt 0.1781812757253647 0.07864806056022644
vt 0.191901832818985 0.06120984628796577
vt 0.2071723788976669 0.04609676077961922
vt 0.2239929586648941 0.03330878913402557
vt 0.2423635721206665 0.02284592017531395
vt 0.2622842490673065 0.01470815017819405
vt 0.2837550044059753 0.008895467035472393
vt 0.3067758679389954 0.005407864693552256
vt 0.1908114105463028 0.123721107840538
vt 0.1908114105463028 0.247442215681076
vt 0.1908114105463028 0.3093027770519257
vt 0.4751527011394501 0.123721107840538
vt 0.4751527011394501 0.247442215681076
vt 0.4751527011394501 0.3093027770519257
vt 0.1324782967567444 0
vt 0.06697157025337219 0
vt 0.1324782967567444 0.0205120500177145
vt 0.06697157025337219 0.0205120500177145
vt 0.1324782967567444 0.041024100035429
vt 0.06697157025337219 0.041024100035429
vt 0.1324782967567444 0.06153615191578865
vt 0.06697157025337219 0.06153615191578865
vt 0.1324782967567444 0.082048200070858
vt 0.06697157025337219 0.082048200070858
vt 0.1324782967567444 0.1025602445006371
vt 0.06697157025337219 0.1025602445006371
vt 0.1324782967567444 0.1230723038315773
vt 0.06697157025337219 0.1230723038315773
vt 0.1324782967567444 0.1435843408107758
vt 0.06697157025337219 0.1435843408107758
vt 0.1324782967567444 0.164096400141716
vt 0.06697157025337219 0.164096400141716
vt 0.1324782967567444 0.1846084445714951
vt 0.06697157025337219 0.1846084445714951
vt 0.1324782967567444 0.2051204890012741
vt 0.06697157025337219 0.2051204890012741
vt 0.1324782967567444 0.2256325483322144
vt 0.06697157025337219 0.2256325483322144
vt 0.1324782967567444 0.2461446076631546
vt 0.06697157025337219 0.2461446076631546
vt 0.1324782967567444 0.2666566371917725
vt 0.06697157025337219 0.2666566371917725
vt 0.1324782967567444 0.2871686816215515
vt 0.06697157025337219 0.2871686816215515
vt 0.1324782967567444 0.307680755853653
vt 0.06697157025337219 0.307680755853653
vt 0.1324782967567444 0.328192800283432
vt 0.06697157025337219 0.328192800283432
vt 0.1324782967567444 0.3487048447132111
vt 0.06697157025337219 0.3487048447132111
vt 0.1324782967567444 0.3692168891429901
vt 0.06697157025337219 0.3692168891429901
vt 0.1324782967567444 0.3897289335727692
vt 0.06697157025337219 0.3897289335727692
vt 0.1324782967567444 0.4102409780025482
vt 0.06697157025337219 0.4102409780025482
vt 0.1324782967567444 0.4307530224323273
vt 0.06697157025337219 0.4307530224323273
vt 0.1324782967567444 0.4512650966644287
vt 0.06697157025337219 0.4512650966644287
vt 0.1324782967567444 0.4717771410942078
vt 0.06697157025337219 0.4717771410942078
vt 0.1324782967567444 0.4922892153263092
vt 0.06697157025337219 0.4922892153263092
vt 0.1324782967567444 0.5333132743835449
vt 0.06697157025337219 0.5333132743835449
vt 0.1324782967567444 0.553825318813324
vt 0.06697157025337219 0.553825318813324
vt 0.1324782967567444 0.574337363243103
vt 0.06697157025337219 0.574337363243103
vt 0.1324782967567444 0.5948494672775269
vt 0.06697157025337219 0.5948494672775269
vt 0.1324782967567444 0.6153615117073059
vt 0.06697157025337219 0.6153615117073059
vt 0.1324782967567444 0.6358734965324402
vt 0.06697157025337219 0.6358734965324402
vt 0.1324782967567444 0.656385600566864
vt 0.06697157025337219 0.656385600566864
vt 0.1324782967567444 0.6768976449966431
vt 0.06697157025337219 0.6768976449966431
vt 0.1324782967567444 0.6974096894264221
vt 0.06697157025337219 0.6974096894264221
vt 0.1324782967567444 0.7179217338562012
vt 0.06697157025337219 0.7179217338562012
vt 0.1324782967567444 0.7384337782859802
vt 0.06697157025337219 0.7384337782859802
vt 0.1324782967567444 0.7589458227157593
vt 0.06697157025337219 0.7589458227157593
vt 0.1324782967567444 0.7794578671455383
vt 0.06697157025337219 0.7794578671455383
vt 0.1324782967567444 0.7999699711799622
vt 0.06697157025337219 0.7999699711799622
vt 0.1324782967567444 0.8204819560050964
vt 0.06697157025337219 0.8204819560050964
vt 0.09972493350505829 0.8204819560050964
vt 0.09972493350505829 0
vt 0.06550672650337219 0
vt 0 0
vt 0.06550672650337219 0.02022415958344936
vt 0 0.02022415958344936
vt 0.06550672650337219 0.04044831916689873
vt 0 0.04044831916689873
vt 0.06550672650337219 0.06067248061299324
vt 0 0.06067248061299324
vt 0.06550672650337219 0.08089663833379745
vt 0 0.08089663833379745
vt 0.06550672650337219 0.101120799779892
vt 0 0.101120799779892
vt 0.06550672650337219 0.1213449612259865
vt 0 0.1213449612259865
vt 0.06550672650337219 0.1415691077709198
vt 0 0.1415691077709198
vt 0.06550672650337219 0.1617932766675949
vt 0 0.1617932766675949
vt 0.06550672650337219 0.18201744556427
vt 0 0.18201744556427
vt 0.06550672650337219 0.2022415995597839
vt 0 0.2022415995597839
vt 0.06550672650337219 0.222465768456459
vt 0 0.222465768456459
vt 0.06550672650337219 0.242689922451973
vt 0 0.242689922451973
vt 0.06550672650337219 0.2629140913486481
vt 0 0.2629140913486481
vt 0.06550672650337219 0.2831382155418396
vt 0 0.2831382155418396
vt 0.06550672650337219 0.3235865533351898
vt 0 0.3235865533351898
vt 0.06550672650337219 0.3438107073307037
vt 0 0.3438107073307037
vt 0.06550672650337219 0.36403489112854
vt 0 0.36403489112854
vt 0.06550672650337219 0.384259045124054
vt 0 0.384259045124054
vt 0.06550672650337219 0.4044831991195679
vt 0 0.4044831991195679
vt 0.06550672650337219 0.4247073531150818
vt 0 0.4247073531150818
vt 0.06550672650337219 0.4449315369129181
vt 0 0.4449315369129181
vt 0.06550672650337219 0.4651556611061096
vt 0 0.4651556611061096
vt 0.06550672650337219 0.4853798449039459
vt 0 0.4853798449039459
vt 0.0327533632516861 0
vt 0.0327533632516861 0.4853798449039459
vt 0.5989925265312195 0
vt 0.5334857702255249 0
vt 0.5989925265312195 0.01520205195993185
vt 0.5334857702255249 0.01520205195993185
vt 0.5989925265312195 0.0304041039198637
vt 0.5334857702255249 0.0304041039198637
vt 0.5989925265312195 0.04560615494847298
vt 0.5334857702255249 0.04560615494847298
vt 0.5989925265312195 0.0608082078397274
vt 0.5334857702255249 0.0608082078397274
vt 0.5989925265312195 0.07601025700569153
vt 0.5334857702255249 0.07601025700569153
vt 0.5989925265312195 0.09121230989694595
vt 0.5334857702255249 0.09121230989694595
vt 0.5989925265312195 0.1064143627882004
vt 0.5334857702255249 0.1064143627882004
vt 0.5989925265312195 0.1216164156794548
vt 0.5334857702255249 0.1216164156794548
vt 0.5989925265312195 0.1520205140113831
vt 0.5334857702255249 0.1520205140113831
vt 0.5989925265312195 0.1824246197938919
vt 0.5334857702255249 0.1824246197938919
vt 0.5989925265312195 0.2128287255764008
vt 0.5334857702255249 0.2128287255764008
vt 0.5989925265312195 0.2432328313589096
vt 0.5334857702255249 0.2432328313589096
vt 0.5989925265312195 0.2736369371414185
vt 0.5334857702255249 0.2736369371414185
vt 0.5989925265312195 0.2888389825820923
vt 0.5334857702255249 0.2888389825820923
vt 0.5989925265312195 0.3040410280227661
vt 0.5334857702255249 0.3040410280227661
vt 0.5989925265312195 0.3192431032657623
vt 0.5334857702255249 0.3192431032657623
vt 0.5989925265312195 0.3344451487064362
vt 0.5334857702255249 0.3344451487064362
vt 0.5989925265312195 0.34964719414711
vt 0.5334857702255249 0.34964719414711
vt 0.5989925265312195 0.3648492395877838
vt 0.5334857702255249 0.3648492395877838
vt 0.5989925265312195 0.3800512850284576
vt 0.5334857702255249 0.3800512850284576
vt 0.5989925265312195 0.3952533602714539
vt 0.5334857702255249 0.3952533602714539
vt 0.5989925265312195 0.4104554057121277
vt 0.5334857702255249 0.4104554057121277
vt 0.5989925265312195 0.4256574511528015
vt 0.5334857702255249 0.4256574511528015
vt 0.5989925265312195 0.4408594965934753
vt 0.5334857702255249 0.4408594965934753
vt 0.5989925265312195 0.4560615420341492
vt 0.5334857702255249 0.4560615420341492
vt 0.5989925265312195 0.4712636172771454
vt 0.5334857702255249 0.4712636172771454
vt 0.5989925265312195 0.4864656627178192
vt 0.5334857702255249 0.4864656627178192
vt 0.5989925265312195 0.5016677379608154
vt 0.5334857702255249 0.5016677379608154
vt 0.5989925265312195 0.5168697834014893
vt 0.5334857702255249 0.5168697834014893
vt 0.5989925265312195 0.5320718288421631
vt 0.5334857702255249 0.5320718288421631
vt 0.5989925265312195 0.5472738742828369
vt 0.5334857702255249 0.5472738742828369
vt 0.5989925265312195 0.5624759197235107
vt 0.5334857702255249 0.5624759197235107
vt 0.5989925265312195 0.5776779651641846
vt 0.5334857702255249 0.5776779651641846
vt 0.5989925265312195 0.5928800106048584
vt 0.5334857702255249 0.5928800106048584
vt 0.5989925265312195 0.6080820560455322
vt 0.5334857702255249 0.6080820560455322
vt 0.5989925265312195 0.6232841014862061
vt 0.5334857702255249 0.6232841014862061
vt 0.5989925265312195 0.6384862065315247
vt 0.5334857702255249 0.6384862065315247
vt 0.5989925265312195 0.6536882519721985
vt 0.5334857702255249 0.6536882519721985
vt 0.5989925265312195 0.6688902974128723
vt 0.5334857702255249 0.6688902974128723
vt 0.5989925265312195 0.69929438829422
vt 0.5334857702255249 0.69929438829422
vt 0.5989925265312195 0.7296984791755676
vt 0.5334857702255249 0.7296984791755676
vt 0.5989925265312195 0.7601025700569153
vt 0.5334857702255249 0.7601025700569153
vt 0.5989925265312195 0.7905067205429077
vt 0.5334857702255249 0.7905067205429077
vt 0.5989925265312195 0.8209108114242554
vt 0.5334857702255249 0.8209108114242554
vt 0.5989925265312195 0.851314902305603
vt 0.5334857702255249 0.851314902305603
vt 0.5989925265312195 0.8665169477462769
vt 0.5334857702255249 0.8665169477462769
vt 0.5989925265312195 0.8817189931869507
vt 0.5334857702255249 0.8817189931869507
vt 0.5989925265312195 0.8969210386276245
vt 0.5334857702255249 0.8969210386276245
vt 0.5989925265312195 0.9121230840682983
vt 0.5334857702255249 0.9121230840682983
vt 0.5989925265312195 0.9273251891136169
vt 0.5334857702255249 0.9273251891136169
vt 0.5989925265312195 0.9425272345542908
vt 0.5334857702255249 0.9425272345542908
vt 0.5989925265312195 0.9577292799949646
vt 0.5334857702255249 0.9577292799949646
vt 0.5989925265312195 0.9729313254356384
vt 0.5334857702255249 0.9729313254356384
vt 0.7978610396385193 0.004245331976562738
vt 0.8235051035881042 0.00531383603811264
vt 0.8474287390708923 0.008519354276359081
vt 0.8696319460868835 0.0138618927448988
vt 0.8901147246360779 0.02134146168828011
vt 0.9088771343231201 0.03095806948840618
vt 0.9259191155433655 0.04271171987056732
vt 0.9412407875061035 0.05660242214798927
vt 0.9548420906066895 0.07263018935918808
vt 0.9641680121421814 0.08643115311861038
vt 0.9722504019737244 0.101163811981678
vt 0.9790893793106079 0.1168281883001328
vt 0.9846848845481873 0.1334242820739746
vt 0.9890369772911072 0.1509521454572678
vt 0.9921455383300781 0.169411763548851
vt 0.9946324229240417 0.2091263681650162
vt 0.9939212799072266 0.2311506420373917
vt 0.991787850856781 0.2522260248661041
vt 0.9882321357727051 0.2723525166511536
vt 0.983254075050354 0.2915301620960236
vt 0.9768537282943726 0.3097589612007141
vt 0.9690310955047607 0.3270389139652252
vt 0.9597861170768738 0.3433700799942017
vt 0.9491188526153564 0.358752429485321
vt 0.9350533485412598 0.3751648962497711
vt 0.9195656180381775 0.3893889486789703
vt 0.9026556015014648 0.4014246761798859
vt 0.8843232989311218 0.4112720787525177
vt 0.8645687103271484 0.4189311861991882
vt 0.8433917760848999 0.4244019389152527
vt 0.8207924962043762 0.4276843667030334
vt 0.7967708706855774 0.4287785291671753
vt 0.7742908000946045 0.427821159362793
vt 0.7530456781387329 0.4249490201473236
vt 0.7330355644226074 0.4201620817184448
vt 0.7142603993415833 0.4134604036808014
vt 0.6967201828956604 0.4048439264297485
vt 0.6804148554801941 0.3943126499652863
vt 0.6653444170951843 0.3818666040897369
vt 0.6515089273452759 0.3675056993961334
vt 0.640458345413208 0.3522472977638245
vt 0.6308812499046326 0.3360144197940826
vt 0.62277752161026 0.3188071250915527
vt 0.6161472201347351 0.30062535405159
vt 0.6109903454780579 0.2814691066741943
vt 0.6073068380355835 0.2613382935523987
vt 0.6050967574119568 0.2402330040931702
vt 0.6043601036071777 0.218153178691864
vt 0.6068810224533081 0.178865984082222
vt 0.6100322008132935 0.1603251546621323
vt 0.6144438982009888 0.1425194889307022
vt 0.6201160550117493 0.1254489570856094
vt 0.627048671245575 0.1091135516762733
vt 0.6352418661117554 0.09351326525211334
vt 0.644695520401001 0.07864806056022644
vt 0.6584160327911377 0.06120984628796577
vt 0.6736866235733032 0.04609676077961922
vt 0.690507173538208 0.03330878913402557
vt 0.7088778018951416 0.02284592017531395
vt 0.7287984490394592 0.01470815017819405
vt 0.7502692341804504 0.008895467035472393
vt 0.7732900977134705 0.005407864693552256
vt 0.8033117651939392 0.3800885379314423
vt 0.8206115365028381 0.3792828619480133
vt 0.8366720080375671 0.3768659234046936
vt 0.8514932990074158 0.372837632894516
vt 0.865075409412384 0.3671980500221252
vt 0.8774182796478271 0.3599471151828766
vt 0.8885220289230347 0.3510848581790924
vt 0.898386538028717 0.3406112790107727
vt 0.9070119261741638 0.3285263478755951
vt 0.9210220575332642 0.3017792701721191
vt 0.9310292601585388 0.2731004357337952
vt 0.9370335340499878 0.2424896955490112
vt 0.9390349984169006 0.2099469900131226
vt 0.9367269277572632 0.1762502640485764
vt 0.9298028349876404 0.1460071057081223
vt 0.9246097803115845 0.1321805864572525
vt 0.9182626605033875 0.1192174032330513
vt 0.9107614755630493 0.1071175634860992
vt 0.9021062850952148 0.09588104486465454
vt 0.8924503922462463 0.0857514962553978
vt 0.8819470405578613 0.07697256654500961
vt 0.8705963492393494 0.06954426318407059
vt 0.8583982586860657 0.06346656382083893
vt 0.8453527092933655 0.05873947963118553
vt 0.8314597606658936 0.0553629957139492
vt 0.8167193531990051 0.05333710461854935
vt 0.8011314868927002 0.05266181007027626
vt 0.7859545350074768 0.05333069711923599
vt 0.7714930772781372 0.05533734709024429
vt 0.7577469944953918 0.05868177860975266
vt 0.7447164058685303 0.06336399167776108
vt 0.7324011921882629 0.06938398629426956
vt 0.7208013534545898 0.0767417699098587
vt 0.7099169492721558 0.0854373499751091
vt 0.6997478604316711 0.09547073394060135
vt 0.6905497312545776 0.1068076938390732
vt 0.6825780272483826 0.1194140017032623
vt 0.6758327484130859 0.1332896947860718
vt 0.6703138947486877 0.1484347581863403
vt 0.666021466255188 0.1648492217063904
vt 0.6629554033279419 0.1825331151485443
vt 0.6605026125907898 0.2217091917991638
vt 0.6626062393188477 0.2537732124328613
vt 0.6689171195030212 0.2832213938236237
vt 0.6794353127479553 0.3100538551807404
vt 0.6941608786582947 0.3342706561088562
vt 0.7032291293144226 0.3450092673301697
vt 0.7136046886444092 0.3543160259723663
vt 0.7252874970436096 0.3621909916400909
vt 0.7382776737213135 0.3686341345310211
vt 0.752575159072876 0.3736454248428345
vt 0.7681800127029419 0.3772249221801758
vt 0.7850922346115112 0.379372626543045
vt 0.6573256254196167 0.123721107840538
vt 0.6573256254196167 0.247442215681076
vt 0.6573256254196167 0.3093027770519257
vt 0.9416669011116028 0.123721107840538
vt 0.9416669011116028 0.247442215681076
vt 0.9416669011116028 0.3093027770519257
vn 0 -1 0
vn 0 -1 0
vn 0 -1 0
vn 0 -1 0
vn 0 -1 0
vn 0 -1 0
vn 0 -1 0
vn 0 -1 0
vn 0 -1 0
vn 0 -1 0
vn 0 -1 0
vn 0 -1 0
vn 0 -1 0
vn 0 -1 0
vn 0 -1 0
vn 0 -1 0
vn 0 -1 0
vn 0 -1 0
vn 0 -1 0
vn 0 -1 0
vn 0 -1 0
vn 0 -1 0
vn 0 -1 0
vn 0 -1 0
vn 0 -1 0
vn 0 -1 0
vn 0 -1 0
vn 0 -1 0
vn 0 -1 0
vn 0 -1 0
vn 0 -1 0
vn 0 -1 0
vn 0 -1 0
vn 0 -1 0
vn 0 -1 0
vn 0 -1 0
vn 0 -1 0
vn 0 -1 0
vn 0 -1 0
vn 0 -1 0
vn 0 -1 0
vn 0 -1 0
vn 0 -1 0
vn 0 -1 0
vn 0 -1 0
vn 0 -1 0
vn 0 -1 0
vn 0 -1 0
vn 0 -1 0
vn 0 -1 0
vn 0 -1 0
vn 0 -1 0
vn 0 -1 0
vn 0 -1 0
vn 0 -1 0
vn 0 -1 0
vn 0 -1 0
vn 0 -1 0
vn 0 -1 0
vn 0 -1 0
vn 0 -1 0
vn 0 -1 0
vn 0 -1 0
vn 0 -1 0
vn 0 -1 0
vn 0 -1 0
vn 0 -1 0
vn 0 -1 0
vn 0 -1 0
vn 0 -1 0
vn 0 -1 0
vn 0 -1 0
vn 0 -1 0
vn 0 -1 0
vn 0 -1 0
vn 0 -1 0
vn 0 -1 0
vn 0 -1 0
vn 0 -1 0
vn 0 -1 0
vn 0 -1 0
vn 0 -1 0
vn 0 -1 0
vn 0 -1 0
vn 0 -1 0
vn 0 -1 0
vn 0 -1 0
vn 0 -1 0
vn 0 -1 0
vn 0 -1 0
vn 0 -1 0
vn 0 -1 0
vn 0 -1 0
vn 0 -1 0
vn 0 -1 0
vn 0 -1 0
vn 0 -1 0
vn 0 -1 0
vn 0 -1 0
vn 0 -1 0
vn 0 -1 0
vn 0 -1 0
vn 0 -1 0
vn 0 -1 0
vn 0 -1 0
vn 0 -1 0
vn 0 -1 0
vn 0 -1 0
vn 0 -1 0
vn 0 -1 0
vn 0 -1 0
vn 0 -1 0
vn 0 -1 0
vn 0 -1 0
vn 0 -1 0
vn -1.110223024625157e-16 -1 0
vn 2.220446049250313e-16 -1 0
vn 0 -1 0
vn -1.110223024625157e-16 -1 0
vn 2.220446049250313e-16 -1 0
vn 0 -1 0
vn -0.7559117078781128 0 0.6546735763549805
vn -0.7559117078781128 0 0.6546735763549805
vn -0.6786403656005859 0 0.7344707250595093
vn -0.6786403656005859 0 0.7344707250595093
vn -0.5894237160682678 0 0.8078240156173706
vn -0.5894237160682678 0 0.8078240156173706
vn -0.4910319149494171 0 0.8711415529251099
vn -0.4910319149494171 0 0.8711415529251099
vn -0.3874383270740509 0 0.9218956232070923
vn -0.3874383270740509 0 0.9218956232070923
vn -0.2830548584461212 0 0.9591037034988403
vn -0.2830548584461212 0 0.9591037034988403
vn -0.1818846166133881 0 0.983319878578186
vn -0.1818846166133881 0 0.983319878578186
vn -0.08693015575408936 0 0.9962143898010254
vn -0.08693015575408936 0 0.9962143898010254
vn 0 0 1
vn 0 0 1
vn 0.09312563389539719 0 0.9956543445587158
vn 0.09312563389539719 0 0.9956543445587158
vn 0.1953810304403305 0 0.9807274341583252
vn 0.1953810304403305 0 0.9807274341583252
vn 0.3044297397136688 0 0.9525347948074341
vn 0.3044297397136688 0 0.9525347948074341
vn 0.4163746535778046 0 0.9091930985450745
vn 0.4163746535778046 0 0.9091930985450745
vn 0.526114821434021 0 0.8504135608673096
vn 0.526114821434021 0 0.8504135608673096
vn 0.6282810568809509 0 0.777986466884613
vn 0.6282810568809509 0 0.777986466884613
vn 0.718441367149353 0 0.6955875158309937
vn 0.718441367149353 0 0.6955875158309937
vn 0.793840765953064 0 0.6081256866455078
vn 0.793840765953064 0 0.6081256866455078
vn 0.8460190296173096 0 0.53315269947052
vn 0.8460190296173096 0 0.53315269947052
vn 0.8909560441970825 0 0.4540896117687225
vn 0.8909560441970825 0 0.4540896117687225
vn 0.9278280735015869 0 0.3730081021785736
vn 0.9278280735015869 0 0.3730081021785736
vn 0.9564194083213806 0 0.2919964194297791
vn 0.9564194083213806 0 0.2919964194297791
vn 0.9770689606666565 0 0.2129231095314026
vn 0.9770689606666565 0 0.2129231095314026
vn 0.9905328154563904 0 0.1372763216495514
vn 0.9905328154563904 0 0.1372763216495514
vn 0.9978131651878357 0 0.06609801203012466
vn 0.9978131651878357 0 0.06609801203012466
vn 1 0 0
vn 1 0 0
vn 0.9914147257804871 0 -0.1307548880577087
vn 0.9914147257804871 0 -0.1307548880577087
vn 0.9790307879447937 0 -0.2037122696638107
vn 0.9790307879447937 0 -0.2037122696638107
vn 0.9597626924514771 0 -0.2808123230934143
vn 0.9597626924514771 0 -0.2808123230934143
vn 0.9326429963111877 0 -0.3608005344867706
vn 0.9326429963111877 0 -0.3608005344867706
vn 0.8970348238945007 0 -0.4419597983360291
vn 0.8970348238945007 0 -0.4419597983360291
vn 0.8528136610984802 0 -0.5222153067588806
vn 0.8528136610984802 0 -0.5222153067588806
vn 0.8007680773735046 0 -0.5989745259284973
vn 0.8007680773735046 0 -0.5989745259284973
vn 0.717690110206604 0 -0.6963626742362976
vn 0.717690110206604 0 -0.6963626742362976
vn 0.6196454763412476 0 -0.7848818302154541
vn 0.6196454763412476 0 -0.7848818302154541
vn 0.5111251473426819 0 -0.8595063090324402
vn 0.5111251473426819 0 -0.8595063090324402
vn 0.3981436789035797 0 -0.9173230528831482
vn 0.3981436789035797 0 -0.9173230528831482
vn 0.2867157459259033 0 -0.9580156803131104
vn 0.2867157459259033 0 -0.9580156803131104
vn 0.1815679520368576 0 -0.9833784103393555
vn 0.1815679520368576 0 -0.9833784103393555
vn 0.08559446781873703 0 -0.9963300824165344
vn 0.08559446781873703 0 -0.9963300824165344
vn 0 0 -1
vn 0 0 -1
vn 0 0 -1
vn -0.7559117078781128 0 0.6546735763549805
vn 0 0 -1
vn 0 0 -1
vn -0.09689240157604218 0 -0.9952948689460754
vn -0.09689240157604218 0 -0.9952948689460754
vn -0.2038931250572205 0 -0.9789931774139404
vn -0.2038931250572205 0 -0.9789931774139404
vn -0.3183327913284302 0 -0.9479790329933167
vn -0.3183327913284302 0 -0.9479790329933167
vn -0.435644656419754 0 -0.9001187086105347
vn -0.435644656419754 0 -0.9001187086105347
vn -0.5498400330543518 0 -0.8352699875831604
vn -0.5498400330543518 0 -0.8352699875831604
vn -0.6547483205795288 0 -0.7558469772338867
vn -0.6547483205795288 0 -0.7558469772338867
vn -0.7455492615699768 0 -0.6664505004882812
vn -0.7455492615699768 0 -0.6664505004882812
vn -0.8199580907821655 0 -0.5724235773086548
vn -0.8199580907821655 0 -0.5724235773086548
vn -0.86451655626297 0 -0.5026043057441711
vn -0.86451655626297 0 -0.5026043057441711
vn -0.9031459093093872 0 -0.4293337762355804
vn -0.9031459093093872 0 -0.4293337762355804
vn -0.9351832866668701 0 -0.354164183139801
vn -0.9351832866668701 0 -0.354164183139801
vn -0.9603787660598755 0 -0.2786981463432312
vn -0.9603787660598755 0 -0.2786981463432312
vn -0.9788808226585388 0 -0.2044317722320557
vn -0.9788808226585388 0 -0.2044317722320557
vn -0.9911652803421021 0 -0.1326325237751007
vn -0.9911652803421021 0 -0.1326325237751007
vn -1 0 0
vn -1 0 0
vn -0.9976629614830017 0 0.06832696497440338
vn -0.9976629614830017 0 0.06832696497440338
vn -0.9898673892021179 0 0.1419950276613235
vn -0.9898673892021179 0 0.1419950276613235
vn -0.975432276725769 0 0.2202993929386139
vn -0.975432276725769 0 0.2202993929386139
vn -0.9532919526100159 0 0.30205038189888
vn -0.9532919526100159 0 0.30205038189888
vn -0.9226805567741394 0 0.3855652809143066
vn -0.9226805567741394 0 0.3855652809143066
vn -0.8833256363868713 0 0.4687598943710327
vn -0.8833256363868713 0 0.4687598943710327
vn -0.8355919122695923 0 0.5493506193161011
vn -0.8355919122695923 0 0.5493506193161011
vn -0.7805161476135254 0 0.625135600566864
vn -0.7805161476135254 0 0.625135600566864
vn 0 0 -1
vn -0.7805161476135254 0 0.625135600566864
vn 0 0 -1
vn 0 0 -1
vn 0.08094477653503418 0 -0.9967185854911804
vn 0.08094477653503418 0 -0.9967185854911804
vn 0.1728422939777374 0 -0.98494952917099
vn 0.1728422939777374 0 -0.98494952917099
vn 0.2751905024051666 0 -0.9613897204399109
vn 0.2751905024051666 0 -0.9613897204399109
vn 0.3858417868614197 0 -0.9225649833679199
vn 0.3858417868614197 0 -0.9225649833679199
vn 0.5005422234535217 0 -0.8657121062278748
vn 0.5005422234535217 0 -0.8657121062278748
vn 0.6130968332290649 0 -0.7900077700614929
vn 0.6130968332290649 0 -0.7900077700614929
vn 0.716516375541687 0 -0.6975703239440918
vn 0.716516375541687 0 -0.6975703239440918
vn 0.8048746585845947 0 -0.5934448838233948
vn 0.8048746585845947 0 -0.5934448838233948
vn 0.8957427740097046 0 -0.4445726871490479
vn 0.8957427740097046 0 -0.4445726871490479
vn 0.9577942490577698 0 -0.2874546647071838
vn 0.9577942490577698 0 -0.2874546647071838
vn 0.9907058477401733 0 -0.1360215991735458
vn 0.9907058477401733 0 -0.1360215991735458
vn 1 0 0
vn 1 0 0
vn 0.9910901188850403 0 0.133192777633667
vn 0.9910901188850403 0 0.133192777633667
vn 0.977337658405304 0 0.2116864621639252
vn 0.977337658405304 0 0.2116864621639252
vn 0.9546087384223938 0 0.2978627383708954
vn 0.9546087384223938 0 0.2978627383708954
vn 0.9206110239028931 0 0.3904808759689331
vn 0.9206110239028931 0 0.3904808759689331
vn 0.8733309507369995 0 0.4871273040771484
vn 0.8733309507369995 0 0.4871273040771484
vn 0.8116325736045837 0 0.5841682553291321
vn 0.8116325736045837 0 0.5841682553291321
vn 0.7358841300010681 0 0.6771074533462524
vn 0.7358841300010681 0 0.6771074533462524
vn 0.6632928848266602 0 0.7483599185943604
vn 0.6632928848266602 0 0.7483599185943604
vn 0.5796614289283752 0 0.8148574233055115
vn 0.5796614289283752 0 0.8148574233055115
vn 0.4868316948413849 0 0.8734958171844482
vn 0.4868316948413849 0 0.8734958171844482
vn 0.3877800405025482 0 0.9217519164085388
vn 0.3877800405025482 0 0.9217519164085388
vn 0.28617262840271 0 0.9581781029701233
vn 0.28617262840271 0 0.9581781029701233
vn 0.1857202500104904 0 0.9826026558876038
vn 0.1857202500104904 0 0.9826026558876038
vn 0.0895799994468689 0 0.9959796071052551
vn 0.0895799994468689 0 0.9959796071052551
vn 0 0 1
vn 0 0 1
vn -0.08839086443185806 0 0.9960858821868896
vn -0.08839086443185806 0 0.9960858821868896
vn -0.1847462803125381 0 0.982786238193512
vn -0.1847462803125381 0 0.982786238193512
vn -0.2870970964431763 0 0.9579014778137207
vn -0.2870970964431763 0 0.9579014778137207
vn -0.3922706544399261 0 0.9198498725891113
vn -0.3922706544399261 0 0.9198498725891113
vn -0.4961396455764771 0 0.8682427406311035
vn -0.4961396455764771 0 0.8682427406311035
vn -0.5942687392234802 0 0.8042665719985962
vn -0.5942687392234802 0 0.8042665719985962
vn -0.6827808618545532 0 0.7306232452392578
vn -0.6827808618545532 0 0.7306232452392578
vn -0.7590870261192322 0 0.6509891748428345
vn -0.7590870261192322 0 0.6509891748428345
vn -0.8212049603462219 0 0.5706333518028259
vn -0.8212049603462219 0 0.5706333518028259
vn -0.8745222687721252 0 0.4849853217601776
vn -0.8745222687721252 0 0.4849853217601776
vn -0.9178827404975891 0 0.3968517482280731
vn -0.9178827404975891 0 0.3968517482280731
vn -0.9510508179664612 0 0.3090344965457916
vn -0.9510508179664612 0 0.3090344965457916
vn -0.9896618127822876 0 0.1434206813573837
vn -0.9896618127822876 0 0.1434206813573837
vn -1 0 0
vn -1 0 0
vn -0.9920029044151306 0 -0.1262151002883911
vn -0.9920029044151306 0 -0.1262151002883911
vn -0.9651736617088318 0 -0.2616099417209625
vn -0.9651736617088318 0 -0.2616099417209625
vn -0.9170247316360474 0 -0.3988302946090698
vn -0.9170247316360474 0 -0.3988302946090698
vn -0.8486300110816956 0 -0.5289868712425232
vn -0.8486300110816956 0 -0.5289868712425232
vn -0.7722604274749756 0 -0.6353061199188232
vn -0.7722604274749756 0 -0.6353061199188232
vn -0.6765651106834412 0 -0.7363828420639038
vn -0.6765651106834412 0 -0.7363828420639038
vn -0.5649640560150146 0 -0.8251155018806458
vn -0.5649640560150146 0 -0.8251155018806458
vn -0.4439135789871216 0 -0.8960695862770081
vn -0.4439135789871216 0 -0.8960695862770081
vn -0.3211636245250702 0 -0.9470237493515015
vn -0.3211636245250702 0 -0.9470237493515015
vn -0.2035863697528839 0 -0.9790570139884949
vn -0.2035863697528839 0 -0.9790570139884949
vn -0.095803402364254 0 -0.9954002499580383
vn -0.095803402364254 0 -0.9954002499580383
vn 0 0 -1
vn 0 0 -1
vn 0 1 0
vn 0 1 0
vn 0 1 0
vn 0 1 0
vn 0 1 0
vn 0 1 0
vn 0 1 0
vn 0 1 0
vn 0 1 0
vn 0 1 0
vn 0 1 0
vn 0 1 0
vn 0 1 0
vn 0 1 0
vn 0 1 0
vn 0 1 0
vn 0 1 0
vn 0 1 0
vn 0 1 0
vn 0 1 0
vn 0 1 0
vn 0 1 0
vn 0 1 0
vn 0 1 0
vn 0 1 0
vn 0 1 0
vn 0 1 0
vn 0 1 0
vn 0 1 0
vn 0 1 0
vn 0 1 0
vn 0 1 0
vn 0 1 0
vn 0 1 0
vn 0 1 0
vn 0 1 0
vn 0 1 0
vn 0 1 0
vn 0 1 0
vn 0 1 0
vn 0 1 0
vn 0 1 0
vn 0 1 0
vn 0 1 0
vn 0 1 0
vn 0 1 0
vn 0 1 0
vn 0 1 0
vn 0 1 0
vn 0 1 0
vn 0 1 0
vn 0 1 0
vn 0 1 0
vn 0 1 0
vn 0 1 0
vn 0 1 0
vn 0 1 0
vn 0 1 0
vn 0 1 0
vn 0 1 0
vn 0 1 0
vn 0 1 0
vn 0 1 0
vn 0 1 0
vn 0 1 0
vn 0 1 0
vn 0 1 0
vn 0 1 0
vn 0 1 0
vn 0 1 0
vn 0 1 0
vn 0 1 0
vn 0 1 0
vn 0 1 0
vn 0 1 0
vn 0 1 0
vn 0 1 0
vn 0 1 0
vn 0 1 0
vn 0 1 0
vn 0 1 0
vn 0 1 0
vn 0 1 0
vn 0 1 0
vn 0 1 0
vn 0 1 0
vn 0 1 0
vn 0 1 0
vn 0 1 0
vn 0 1 0
vn 0 1 0
vn 0 1 0
vn 0 1 0
vn 0 1 0
vn 0 1 0
vn 0 1 0
vn 0 1 0
vn 0 1 0
vn 0 1 0
vn 0 1 0
vn 0 1 0
vn 0 1 0
vn 0 1 0
vn 0 1 0
vn 0 1 0
vn 0 1 0
vn 0 1 0
vn 0 1 0
vn 0 1 0
vn 0 1 0
vn 0 1 0
vn 0 1 0
vn 0 1 0
vn 0 1 0
vn 0 1 0
vn -1.110223024625157e-16 1 0
vn 0 1 0
vn -4.440892098500626e-16 1 0
vn -1.110223024625157e-16 1 0
vn 0 1 0
vn -4.440892098500626e-16 1 0
f 992/992/992 1002/1002/1002 991/991/991
f 993/993/993 1002/1002/1002 992/992/992
f 963/963/963 964/964/964 1002/1002/1002
f 993/993/993 994/994/994 1002/1002/1002
f 994/994/994 962/962/962 1002/1002/1002
f 994/994/994 995/995/995 962/962/962
f 990/990/990 991/991/991 1002/1002/1002
f 988/988/988 989/989/989 1002/1002/1002
f 1002/1002/1002 1003/1003/1003 988/988/988
f 1002/1002/1002 989/989/989 990/990/990
f 965/965/965 966/966/966 1002/1002/1002
f 968/968/968 1002/1002/1002 967/967/967
f 967/967/967 1002/1002/1002 966/966/966
f 965/965/965 1002/1002/1002 964/964/964
f 968/968/968 1003/1003/1003 1002/1002/1002
f 961/961/961 995/995/995 996/996/996
f 997/997/997 998/998/998 959/959/959
f 998/998/998 999/999/999 958/958/958
f 955/955/955 1000/1000/1000 1001/1001/1001
f 1001/1001/1001 954/954/954 955/955/955
f 954/954/954 1001/1001/1001 887/887/887
f 956/956/956 999/999/999 1000/1000/1000
f 956/956/956 1000/1000/1000 955/955/955
f 960/960/960 961/961/961 996/996/996
f 962/962/962 963/963/963 1002/1002/1002
f 961/961/961 962/962/962 995/995/995
f 999/999/999 956/956/956 957/957/957
f 998/998/998 958/958/958 959/959/959
f 999/999/999 957/957/957 958/958/958
f 959/959/959 960/960/960 997/997/997
f 996/996/996 997/997/997 960/960/960
f 984/984/984 985/985/985 1003/1003/1003
f 986/986/986 1003/1003/1003 985/985/985
f 969/969/969 1003/1003/1003 968/968/968
f 1003/1003/1003 986/986/986 987/987/987
f 1003/1003/1003 970/970/970 1004/1004/1004
f 969/969/969 970/970/970 1003/1003/1003
f 988/988/988 1003/1003/1003 987/987/987
f 1003/1003/1003 1004/1004/1004 984/984/984
f 982/982/982 1004/1004/1004 981/981/981
f 981/981/981 1004/1004/1004 980/980/980
f 1004/1004/1004 982/982/982 983/983/983
f 926/926/926 980/980/980 972/972/972
f 983/983/983 984/984/984 1004/1004/1004
f 926/926/926 972/972/972 925/925/925
f 1004/1004/1004 971/971/971 972/972/972
f 980/980/980 1004/1004/1004 972/972/972
f 1004/1004/1004 970/970/970 971/971/971
f 924/924/924 973/973/973 974/974/974
f 925/925/925 973/973/973 924/924/924
f 922/922/922 975/975/975 976/976/976
f 920/920/920 977/977/977 978/978/978
f 921/921/921 976/976/976 977/977/977
f 923/923/923 974/974/974 975/975/975
f 922/922/922 923/923/923 975/975/975
f 976/976/976 921/921/921 922/922/922
f 974/974/974 923/923/923 924/924/924
f 920/920/920 978/978/978 919/919/919
f 977/977/977 920/920/920 921/921/921
f 979/979/979 918/918/918 919/919/919
f 927/927/927 918/918/918 979/979/979
f 978/978/978 979/979/979 919/919/919
f 972/972/972 973/973/973 925/925/925
f 952/952/952 953/953/953 887/887/887
f 887/887/887 888/888/888 952/952/952
f 950/950/950 889/889/889 890/890/890
f 949/949/949 890/890/890 891/891/891
f 951/951/951 888/888/888 889/889/889
f 892/892/892 948/948/948 891/891/891
f 888/888/888 951/951/951 952/952/952
f 890/890/890 949/949/949 950/950/950
f 950/950/950 951/951/951 889/889/889
f 892/892/892 947/947/947 948/948/948
f 946/946/946 893/893/893 945/945/945
f 946/946/946 947/947/947 892/892/892
f 948/948/948 949/949/949 891/891/891
f 893/893/893 946/946/946 892/892/892
f 944/944/944 945/945/945 894/894/894
f 893/893/893 894/894/894 945/945/945
f 895/895/895 944/944/944 894/894/894
f 896/896/896 1005/1005/1005 895/895/895
f 1005/1005/1005 896/896/896 897/897/897
f 895/895/895 1005/1005/1005 944/944/944
f 898/898/898 1005/1005/1005 897/897/897
f 1005/1005/1005 942/942/942 943/943/943
f 940/940/940 941/941/941 1005/1005/1005
f 941/941/941 942/942/942 1005/1005/1005
f 901/901/901 1005/1005/1005 900/900/900
f 898/898/898 899/899/899 1005/1005/1005
f 901/901/901 902/902/902 1006/1006/1006
f 900/900/900 1005/1005/1005 899/899/899
f 1005/1005/1005 943/943/943 944/944/944
f 940/940/940 1005/1005/1005 939/939/939
f 915/915/915 930/930/930 931/931/931
f 915/915/915 929/929/929 930/930/930
f 911/911/911 912/912/912 934/934/934
f 913/913/913 932/932/932 933/933/933
f 933/933/933 934/934/934 912/912/912
f 914/914/914 931/931/931 932/932/932
f 917/917/917 927/927/927 928/928/928
f 928/928/928 916/916/916 917/917/917
f 928/928/928 929/929/929 916/916/916
f 918/918/918 927/927/927 917/917/917
f 914/914/914 915/915/915 931/931/931
f 916/916/916 929/929/929 915/915/915
f 932/932/932 913/913/913 914/914/914
f 913/913/913 933/933/933 912/912/912
f 911/911/911 934/934/934 935/935/935
f 1006/1006/1006 938/938/938 939/939/939
f 906/906/906 1006/1006/1006 905/905/905
f 938/938/938 1006/1006/1006 937/937/937
f 939/939/939 1005/1005/1005 1006/1006/1006
f 903/903/903 904/904/904 1006/1006/1006
f 904/904/904 905/905/905 1006/1006/1006
f 901/901/901 1006/1006/1006 1005/1005/1005
f 902/902/902 903/903/903 1006/1006/1006
f 1006/1006/1006 906/906/906 1007/1007/1007
f 935/935/935 1007/1007/1007 910/910/910
f 1007/1007/1007 936/936/936 937/937/937
f 910/910/910 911/911/911 935/935/935
f 910/910/910 1007/1007/1007 909/909/909
f 1007/1007/1007 935/935/935 936/936/936
f 907/907/907 908/908/908 1007/1007/1007
f 908/908/908 909/909/909 1007/1007/1007
f 906/906/906 907/907/907 1007/1007/1007
f 937/937/937 1006/1006/1006 1007/1007/1007
f 887/887/887 953/953/953 954/954/954
f 1089/1089/1089 1008/1008/1008 1010/1010/1010
f 1014/1014/1014 1015/1015/1015 1013/1013/1013 1012/1012/1012
f 1016/1016/1016 1017/1017/1017 1015/1015/1015 1014/1014/1014
f 1012/1012/1012 1013/1013/1013 1011/1011/1011 1010/1010/1010
f 1020/1020/1020 1021/1021/1021 1019/1019/1019 1018/1018/1018
f 1024/1024/1024 1025/1025/1025 1023/1023/1023 1022/1022/1022
f 1026/1026/1026 1027/1027/1027 1025/1025/1025 1024/1024/1024
f 1022/1022/1022 1023/1023/1023 1021/1021/1021 1020/1020/1020
f 1018/1018/1018 1019/1019/1019 1017/1017/1017 1016/1016/1016
f 1030/1030/1030 1031/1031/1031 1029/1029/1029 1028/1028/1028
f 1034/1034/1034 1035/1035/1035 1033/1033/1033 1032/1032/1032
f 1036/1036/1036 1037/1037/1037 1035/1035/1035 1034/1034/1034
f 1032/1032/1032 1033/1033/1033 1031/1031/1031 1030/1030/1030
f 1040/1040/1040 1041/1041/1041 1039/1039/1039 1038/1038/1038
f 1044/1044/1044 1045/1045/1045 1043/1043/1043 1042/1042/1042
f 1046/1046/1046 1047/1047/1047 1045/1045/1045 1044/1044/1044
f 1042/1042/1042 1043/1043/1043 1041/1041/1041 1040/1040/1040
f 1038/1038/1038 1039/1039/1039 1037/1037/1037 1036/1036/1036
f 1028/1028/1028 1029/1029/1029 1027/1027/1027 1026/1026/1026
f 1011/1011/1011 1009/1009/1009 1089/1089/1089
f 1010/1010/1010 1011/1011/1011 1089/1089/1089
f 1047/1047/1047 1046/1046/1046 1048/1048/1048 1049/1049/1049
f 1050/1050/1050 1051/1051/1051 1049/1049/1049 1048/1048/1048
f 1054/1054/1054 1055/1055/1055 1053/1053/1053 1052/1052/1052
f 1056/1056/1056 1057/1057/1057 1055/1055/1055 1054/1054/1054
f 1052/1052/1052 1053/1053/1053 1051/1051/1051 1050/1050/1050
f 1060/1060/1060 1061/1061/1061 1059/1059/1059 1058/1058/1058
f 1064/1064/1064 1065/1065/1065 1063/1063/1063 1062/1062/1062
f 1066/1066/1066 1067/1067/1067 1065/1065/1065 1064/1064/1064
f 1062/1062/1062 1063/1063/1063 1061/1061/1061 1060/1060/1060
f 1058/1058/1058 1059/1059/1059 1057/1057/1057 1056/1056/1056
f 1070/1070/1070 1071/1071/1071 1069/1069/1069 1068/1068/1068
f 1074/1074/1074 1075/1075/1075 1073/1073/1073 1072/1072/1072
f 1076/1076/1076 1077/1077/1077 1075/1075/1075 1074/1074/1074
f 1072/1072/1072 1073/1073/1073 1071/1071/1071 1070/1070/1070
f 1080/1080/1080 1081/1081/1081 1079/1079/1079 1078/1078/1078
f 1084/1084/1084 1085/1085/1085 1083/1083/1083 1082/1082/1082
f 1088/1088/1088 1084/1084/1084 1086/1086/1086
f 1082/1082/1082 1083/1083/1083 1081/1081/1081 1080/1080/1080
f 1078/1078/1078 1079/1079/1079 1077/1077/1077 1076/1076/1076
f 1068/1068/1068 1069/1069/1069 1067/1067/1067 1066/1066/1066
f 1088/1088/1088 1087/1087/1087 1085/1085/1085
f 1088/1088/1088 1085/1085/1085 1084/1084/1084
f 1138/1138/1138 1090/1090/1090 1092/1092/1092
f 1094/1094/1094 1095/1095/1095 1093/1093/1093 1092/1092/1092
f 1098/1098/1098 1099/1099/1099 1097/1097/1097 1096/1096/1096
f 1100/1100/1100 1101/1101/1101 1099/1099/1099 1098/1098/1098
f 1096/1096/1096 1097/1097/1097 1095/1095/1095 1094/1094/1094
f 1104/1104/1104 1105/1105/1105 1103/1103/1103 1102/1102/1102
f 1106/1106/1106 1107/1107/1107 1105/1105/1105 1104/1104/1104
f 1110/1110/1110 1111/1111/1111 1109/1109/1109 1108/1108/1108
f 1112/1112/1112 1113/1113/1113 1111/1111/1111 1110/1110/1110
f 1108/1108/1108 1109/1109/1109 1107/1107/1107 1106/1106/1106
f 1102/1102/1102 1103/1103/1103 1101/1101/1101 1100/1100/1100
f 1091/1091/1091 1138/1138/1138 1093/1093/1093
f 1093/1093/1093 1138/1138/1138 1092/1092/1092
f 1113/1113/1113 1112/1112/1112 1114/1114/1114 1115/1115/1115
f 1116/1116/1116 1117/1117/1117 1115/1115/1115 1114/1114/1114
f 1118/1118/1118 1119/1119/1119 1117/1117/1117 1116/1116/1116
f 1122/1122/1122 1123/1123/1123 1121/1121/1121 1120/1120/1120
f 1124/1124/1124 1125/1125/1125 1123/1123/1123 1122/1122/1122
f 1120/1120/1120 1121/1121/1121 1119/1119/1119 1118/1118/1118
f 1128/1128/1128 1129/1129/1129 1127/1127/1127 1126/1126/1126
f 1130/1130/1130 1131/1131/1131 1129/1129/1129 1128/1128/1128
f 1134/1134/1134 1135/1135/1135 1133/1133/1133 1132/1132/1132
f 1139/1139/1139 1134/1134/1134 1136/1136/1136
f 1132/1132/1132 1133/1133/1133 1131/1131/1131 1130/1130/1130
f 1126/1126/1126 1127/1127/1127 1125/1125/1125 1124/1124/1124
f 1139/1139/1139 1137/1137/1137 1135/1135/1135
f 1135/1135/1135 1134/1134/1134 1139/1139/1139
f 1142/1142/1142 1143/1143/1143 1141/1141/1141 1140/1140/1140
f 1144/1144/1144 1145/1145/1145 1143/1143/1143 1142/1142/1142
f 1148/1148/1148 1149/1149/1149 1147/1147/1147 1146/1146/1146
f 1150/1150/1150 1151/1151/1151 1149/1149/1149 1148/1148/1148
f 1146/1146/1146 1147/1147/1147 1145/1145/1145 1144/1144/1144
f 1154/1154/1154 1155/1155/1155 1153/1153/1153 1152/1152/1152
f 1156/1156/1156 1157/1157/1157 1155/1155/1155 1154/1154/1154
f 1160/1160/1160 1161/1161/1161 1159/1159/1159 1158/1158/1158
f 1164/1164/1164 1165/1165/1165 1163/1163/1163 1162/1162/1162
f 1162/1162/1162 1163/1163/1163 1161/1161/1161 1160/1160/1160
f 1158/1158/1158 1159/1159/1159 1157/1157/1157 1156/1156/1156
f 1152/1152/1152 1153/1153/1153 1151/1151/1151 1150/1150/1150
f 1168/1168/1168 1169/1169/1169 1167/1167/1167 1166/1166/1166
f 1170/1170/1170 1171/1171/1171 1169/1169/1169 1168/1168/1168
f 1174/1174/1174 1175/1175/1175 1173/1173/1173 1172/1172/1172
f 1178/1178/1178 1179/1179/1179 1177/1177/1177 1176/1176/1176
f 1176/1176/1176 1177/1177/1177 1175/1175/1175 1174/1174/1174
f 1172/1172/1172 1173/1173/1173 1171/1171/1171 1170/1170/1170
f 1182/1182/1182 1183/1183/1183 1181/1181/1181 1180/1180/1180
f 1184/1184/1184 1185/1185/1185 1183/1183/1183 1182/1182/1182
f 1188/1188/1188 1189/1189/1189 1187/1187/1187 1186/1186/1186
f 1192/1192/1192 1193/1193/1193 1191/1191/1191 1190/1190/1190
f 1190/1190/1190 1191/1191/1191 1189/1189/1189 1188/1188/1188
f 1186/1186/1186 1187/1187/1187 1185/1185/1185 1184/1184/1184
f 1180/1180/1180 1181/1181/1181 1179/1179/1179 1178/1178/1178
f 1166/1166/1166 1167/1167/1167 1165/1165/1165 1164/1164/1164
f 1193/1193/1193 1192/1192/1192 1194/1194/1194 1195/1195/1195
f 1196/1196/1196 1197/1197/1197 1195/1195/1195 1194/1194/1194
f 1198/1198/1198 1199/1199/1199 1197/1197/1197 1196/1196/1196
f 1202/1202/1202 1203/1203/1203 1201/1201/1201 1200/1200/1200
f 1204/1204/1204 1205/1205/1205 1203/1203/1203 1202/1202/1202
f 1200/1200/1200 1201/1201/1201 1199/1199/1199 1198/1198/1198
f 1208/1208/1208 1209/1209/1209 1207/1207/1207 1206/1206/1206
f 1210/1210/1210 1211/1211/1211 1209/1209/1209 1208/1208/1208
f 1214/1214/1214 1215/1215/1215 1213/1213/1213 1212/1212/1212
f 1218/1218/1218 1219/1219/1219 1217/1217/1217 1216/1216/1216
f 1216/1216/1216 1217/1217/1217 1215/1215/1215 1214/1214/1214
f 1212/1212/1212 1213/1213/1213 1211/1211/1211 1210/1210/1210
f 1206/1206/1206 1207/1207/1207 1205/1205/1205 1204/1204/1204
f 1222/1222/1222 1223/1223/1223 1221/1221/1221 1220/1220/1220
f 1224/1224/1224 1225/1225/1225 1223/1223/1223 1222/1222/1222
f 1228/1228/1228 1229/1229/1229 1227/1227/1227 1226/1226/1226
f 1232/1232/1232 1233/1233/1233 1231/1231/1231 1230/1230/1230
f 1230/1230/1230 1231/1231/1231 1229/1229/1229 1228/1228/1228
f 1226/1226/1226 1227/1227/1227 1225/1225/1225 1224/1224/1224
f 1236/1236/1236 1237/1237/1237 1235/1235/1235 1234/1234/1234
f 1238/1238/1238 1239/1239/1239 1237/1237/1237 1236/1236/1236
f 1242/1242/1242 1243/1243/1243 1241/1241/1241 1240/1240/1240
f 1246/1246/1246 1247/1247/1247 1245/1245/1245 1244/1244/1244
f 1244/1244/1244 1245/1245/1245 1243/1243/1243 1242/1242/1242
f 1240/1240/1240 1241/1241/1241 1239/1239/1239 1238/1238/1238
f 1234/1234/1234 1235/1235/1235 1233/1233/1233 1232/1232/1232
f 1220/1220/1220 1221/1221/1221 1219/1219/1219 1218/1218/1218
f 1300/1300/1300 1299/1299/1299 1363/1363/1363
f 1301/1301/1301 1300/1300/1300 1363/1363/1363
f 1346/1346/1346 1363/1363/1363 1347/1347/1347
f 1301/1301/1301 1363/1363/1363 1302/1302/1302
f 1302/1302/1302 1363/1363/1363 1345/1345/1345
f 1302/1302/1302 1345/1345/1345 1303/1303/1303
f 1298/1298/1298 1363/1363/1363 1299/1299/1299
f 1296/1296/1296 1363/1363/1363 1297/1297/1297
f 1363/1363/1363 1296/1296/1296 1364/1364/1364
f 1363/1363/1363 1298/1298/1298 1297/1297/1297
f 1348/1348/1348 1363/1363/1363 1349/1349/1349
f 1351/1351/1351 1350/1350/1350 1363/1363/1363
f 1350/1350/1350 1349/1349/1349 1363/1363/1363
f 1348/1348/1348 1347/1347/1347 1363/1363/1363
f 1351/1351/1351 1363/1363/1363 1364/1364/1364
f 1344/1344/1344 1304/1304/1304 1303/1303/1303
f 1305/1305/1305 1342/1342/1342 1306/1306/1306
f 1306/1306/1306 1341/1341/1341 1307/1307/1307
f 1338/1338/1338 1309/1309/1309 1308/1308/1308
f 1309/1309/1309 1338/1338/1338 1337/1337/1337
f 1337/1337/1337 1248/1248/1248 1309/1309/1309
f 1339/1339/1339 1308/1308/1308 1307/1307/1307
f 1339/1339/1339 1338/1338/1338 1308/1308/1308
f 1343/1343/1343 1304/1304/1304 1344/1344/1344
f 1345/1345/1345 1363/1363/1363 1346/1346/1346
f 1344/1344/1344 1303/1303/1303 1345/1345/1345
f 1307/1307/1307 1340/1340/1340 1339/1339/1339
f 1306/1306/1306 1342/1342/1342 1341/1341/1341
f 1307/1307/1307 1341/1341/1341 1340/1340/1340
f 1342/1342/1342 1305/1305/1305 1343/1343/1343
f 1304/1304/1304 1343/1343/1343 1305/1305/1305
f 1292/1292/1292 1364/1364/1364 1293/1293/1293
f 1294/1294/1294 1293/1293/1293 1364/1364/1364
f 1352/1352/1352 1351/1351/1351 1364/1364/1364
f 1364/1364/1364 1295/1295/1295 1294/1294/1294
f 1364/1364/1364 1365/1365/1365 1353/1353/1353
f 1352/1352/1352 1364/1364/1364 1353/1353/1353
f 1296/1296/1296 1295/1295/1295 1364/1364/1364
f 1364/1364/1364 1292/1292/1292 1365/1365/1365
f 1290/1290/1290 1289/1289/1289 1365/1365/1365
f 1289/1289/1289 1288/1288/1288 1365/1365/1365
f 1365/1365/1365 1291/1291/1291 1290/1290/1290
f 1287/1287/1287 1355/1355/1355 1288/1288/1288
f 1291/1291/1291 1365/1365/1365 1292/1292/1292
f 1287/1287/1287 1286/1286/1286 1355/1355/1355
f 1365/1365/1365 1355/1355/1355 1354/1354/1354
f 1288/1288/1288 1355/1355/1355 1365/1365/1365
f 1365/1365/1365 1354/1354/1354 1353/1353/1353
f 1285/1285/1285 1357/1357/1357 1356/1356/1356
f 1286/1286/1286 1285/1285/1285 1356/1356/1356
f 1283/1283/1283 1359/1359/1359 1358/1358/1358
f 1281/1281/1281 1361/1361/1361 1360/1360/1360
f 1282/1282/1282 1360/1360/1360 1359/1359/1359
f 1284/1284/1284 1358/1358/1358 1357/1357/1357
f 1283/1283/1283 1358/1358/1358 1284/1284/1284
f 1359/1359/1359 1283/1283/1283 1282/1282/1282
f 1357/1357/1357 1285/1285/1285 1284/1284/1284
f 1281/1281/1281 1280/1280/1280 1361/1361/1361
f 1360/1360/1360 1282/1282/1282 1281/1281/1281
f 1362/1362/1362 1280/1280/1280 1279/1279/1279
f 1310/1310/1310 1362/1362/1362 1279/1279/1279
f 1361/1361/1361 1280/1280/1280 1362/1362/1362
f 1355/1355/1355 1286/1286/1286 1356/1356/1356
f 1335/1335/1335 1248/1248/1248 1336/1336/1336
f 1248/1248/1248 1335/1335/1335 1249/1249/1249
f 1333/1333/1333 1251/1251/1251 1250/1250/1250
f 1332/1332/1332 1252/1252/1252 1251/1251/1251
f 1334/1334/1334 1250/1250/1250 1249/1249/1249
f 1253/1253/1253 1252/1252/1252 1331/1331/1331
f 1249/1249/1249 1335/1335/1335 1334/1334/1334
f 1251/1251/1251 1333/1333/1333 1332/1332/1332
f 1333/1333/1333 1250/1250/1250 1334/1334/1334
f 1253/1253/1253 1331/1331/1331 1330/1330/1330
f 1329/1329/1329 1328/1328/1328 1254/1254/1254
f 1329/1329/1329 1253/1253/1253 1330/1330/1330
f 1331/1331/1331 1252/1252/1252 1332/1332/1332
f 1254/1254/1254 1253/1253/1253 1329/1329/1329
f 1327/1327/1327 1255/1255/1255 1328/1328/1328
f 1254/1254/1254 1328/1328/1328 1255/1255/1255
f 1256/1256/1256 1255/1255/1255 1327/1327/1327
f 1257/1257/1257 1256/1256/1256 1366/1366/1366
f 1366/1366/1366 1258/1258/1258 1257/1257/1257
f 1256/1256/1256 1327/1327/1327 1366/1366/1366
f 1259/1259/1259 1258/1258/1258 1366/1366/1366
f 1366/1366/1366 1326/1326/1326 1325/1325/1325
f 1323/1323/1323 1366/1366/1366 1324/1324/1324
f 1324/1324/1324 1366/1366/1366 1325/1325/1325
f 1262/1262/1262 1261/1261/1261 1366/1366/1366
f 1259/1259/1259 1366/1366/1366 1260/1260/1260
f 1262/1262/1262 1367/1367/1367 1263/1263/1263
f 1261/1261/1261 1260/1260/1260 1366/1366/1366
f 1366/1366/1366 1327/1327/1327 1326/1326/1326
f 1323/1323/1323 1322/1322/1322 1366/1366/1366
f 1276/1276/1276 1314/1314/1314 1313/1313/1313
f 1276/1276/1276 1313/1313/1313 1312/1312/1312
f 1272/1272/1272 1317/1317/1317 1273/1273/1273
f 1274/1274/1274 1316/1316/1316 1315/1315/1315
f 1316/1316/1316 1273/1273/1273 1317/1317/1317
f 1275/1275/1275 1315/1315/1315 1314/1314/1314
f 1278/1278/1278 1311/1311/1311 1310/1310/1310
f 1311/1311/1311 1278/1278/1278 1277/1277/1277
f 1311/1311/1311 1277/1277/1277 1312/1312/1312
f 1279/1279/1279 1278/1278/1278 1310/1310/1310
f 1275/1275/1275 1314/1314/1314 1276/1276/1276
f 1277/1277/1277 1276/1276/1276 1312/1312/1312
f 1315/1315/1315 1275/1275/1275 1274/1274/1274
f 1274/1274/1274 1273/1273/1273 1316/1316/1316
f 1272/1272/1272 1318/1318/1318 1317/1317/1317
f 1367/1367/1367 1322/1322/1322 1321/1321/1321
f 1267/1267/1267 1266/1266/1266 1367/1367/1367
f 1321/1321/1321 1320/1320/1320 1367/1367/1367
f 1322/1322/1322 1367/1367/1367 1366/1366/1366
f 1264/1264/1264 1367/1367/1367 1265/1265/1265
f 1265/1265/1265 1367/1367/1367 1266/1266/1266
f 1262/1262/1262 1366/1366/1366 1367/1367/1367
f 1263/1263/1263 1367/1367/1367 1264/1264/1264
f 1367/1367/1367 1368/1368/1368 1267/1267/1267
f 1318/1318/1318 1271/1271/1271 1368/1368/1368
f 1368/1368/1368 1320/1320/1320 1319/1319/1319
f 1271/1271/1271 1318/1318/1318 1272/1272/1272
f 1271/1271/1271 1270/1270/1270 1368/1368/1368
f 1368/1368/1368 1319/1319/1319 1318/1318/1318
f 1268/1268/1268 1368/1368/1368 1269/1269/1269
f 1269/1269/1269 1368/1368/1368 1270/1270/1270
f 1267/1267/1267 1368/1368/1368 1268/1268/1268
f 1320/1320/1320 1368/1368/1368 1367/1367/1367
f 1248/1248/1248 1337/1337/1337 1336/1336/1336
g object_8
v 670.6782836914062 -18.32500076293945 -470.508056640625
v 671.2858276367188 -18.32500076293945 -470.508056640625
v 671.8933715820312 -18.32500076293945 -470.508056640625
v 672.5009155273438 -18.32500076293945 -470.508056640625
v 673.1085205078125 -18.32500076293945 -470.508056640625
v 673.4091796875 -18.32500076293945 -470.4943542480469
v 673.6925659179688 -18.32500076293945 -470.4531860351562
v 673.9585571289062 -18.32500076293945 -470.3845825195312
v 674.2072143554688 -18.32500076293945 -470.2885131835938
v 674.4384765625 -18.32500076293945 -470.1650390625
v 674.6524047851562 -18.32500076293945 -470.0140991210938
v 674.8489379882812 -18.32500076293945 -469.8357238769531
v 675.0281372070312 -18.32500076293945 -469.6299133300781
v 675.1707763671875 -18.32500076293945 -469.4248657226562
v 675.29443359375 -18.32500076293945 -469.2059020996094
v 675.3989868164062 -18.32500076293945 -468.9730224609375
v 675.484619140625 -18.32500076293945 -468.7262268066406
v 675.5511474609375 -18.32500076293945 -468.4655456542969
v 675.5986938476562 -18.32500076293945 -468.19091796875
v 675.63671875 -18.32500076293945 -467.5999755859375
v 675.6142578125 -18.32500076293945 -467.1335754394531
v 675.546875 -18.32500076293945 -466.6901550292969
v 675.4345703125 -18.32500076293945 -466.2697143554688
v 675.2772827148438 -18.32500076293945 -465.8722534179688
v 675.1047973632812 -18.32500076293945 -465.5525207519531
v 674.9038696289062 -18.32500076293945 -465.2754211425781
v 674.6744384765625 -18.32500076293945 -465.0409545898438
v 674.41650390625 -18.32500076293945 -464.84912109375
v 674.1301879882812 -18.32500076293945 -464.6998901367188
v 673.8153686523438 -18.32500076293945 -464.5933227539062
v 673.4720458984375 -18.32500076293945 -464.5293884277344
v 673.100341796875 -18.32500076293945 -464.508056640625
v 672.4948120117188 -18.32500076293945 -464.508056640625
v 671.8892822265625 -18.32500076293945 -464.508056640625
v 671.2837524414062 -18.32500076293945 -464.508056640625
v 670.6782836914062 -18.32500076293945 -464.508056640625
v 671.4951171875 -18.32500076293945 -465.2024230957031
v 672.9451293945312 -18.32500076293945 -465.2024230957031
v 673.3208618164062 -18.32500076293945 -465.2238464355469
v 673.6231079101562 -18.32500076293945 -465.2881774902344
v 673.8493041992188 -18.32500076293945 -465.3861999511719
v 674.0540161132812 -18.32500076293945 -465.52099609375
v 674.2373046875 -18.32500076293945 -465.6925354003906
v 674.399169921875 -18.32500076293945 -465.9008483886719
v 674.51123046875 -18.32500076293945 -466.0953674316406
v 674.6064453125 -18.32500076293945 -466.3154296875
v 674.684814453125 -18.32500076293945 -466.5610046386719
v 674.746337890625 -18.32500076293945 -466.8320922851562
v 674.7922973632812 -18.32500076293945 -467.1588439941406
v 674.8076171875 -18.32500076293945 -467.4610900878906
v 674.7799072265625 -18.32500076293945 -467.9874877929688
v 674.6968383789062 -18.32500076293945 -468.4515686035156
v 674.558349609375 -18.32500076293945 -468.8533630371094
v 674.3644409179688 -18.32500076293945 -469.19287109375
v 674.2451782226562 -18.32500076293945 -469.3374328613281
v 674.1090698242188 -18.32500076293945 -469.4627075195312
v 673.9559936523438 -18.32500076293945 -469.5687255859375
v 673.7860107421875 -18.32500076293945 -469.6554565429688
v 673.59912109375 -18.32500076293945 -469.722900390625
v 673.395263671875 -18.32500076293945 -469.7710876464844
v 673.174560546875 -18.32500076293945 -469.7999877929688
v 672.9369506835938 -18.32500076293945 -469.8096313476562
v 671.4951171875 -18.32500076293945 -469.8096313476562
v 671.3511962890625 -18.32500076293945 -469.6937866210938
v 671.3511962890625 -18.32500076293945 -467.9452209472656
v 671.3511962890625 -18.32500076293945 -467.0709228515625
v 671.3511962890625 -18.32500076293945 -466.1966247558594
v 671.3511962890625 -18.32500076293945 -465.3223571777344
v 674.9638061523438 -18.32500076293945 -468.8194885253906
v 674.9638061523438 -18.32500076293945 -467.0709228515625
v 674.9638061523438 -18.32500076293945 -466.1966247558594
v 670.6782836914062 -18.32500076293945 -464.508056640625
v 670.6782836914062 -17.32500076293945 -464.508056640625
v 673.100341796875 -18.32500076293945 -464.508056640625
v 675.2772827148438 -18.32500076293945 -465.8722534179688
v 675.2772827148438 -17.32500076293945 -465.8722534179688
v 675.4345703125 -18.32500076293945 -466.2697143554688
v 675.6142578125 -17.32500076293945 -467.1335754394531
v 675.63671875 -18.32500076293945 -467.5999755859375
v 675.63671875 -17.32500076293945 -467.5999755859375
v 675.5511474609375 -17.32500076293945 -468.4655456542969
v 675.29443359375 -18.32500076293945 -469.2059020996094
v 675.29443359375 -17.32500076293945 -469.2059020996094
v 675.0281372070312 -18.32500076293945 -469.6299133300781
v 675.0281372070312 -17.32500076293945 -469.6299133300781
v 674.8489379882812 -18.32500076293945 -469.8357238769531
v 674.8489379882812 -17.32500076293945 -469.8357238769531
v 670.6782836914062 -18.32500076293945 -470.508056640625
v 670.6782836914062 -17.32500076293945 -470.508056640625
v 671.2837524414062 -18.32500076293945 -464.508056640625
v 671.8892822265625 -18.32500076293945 -464.508056640625
v 672.4948120117188 -18.32500076293945 -464.508056640625
v 673.4720458984375 -18.32500076293945 -464.5293884277344
v 673.8153686523438 -18.32500076293945 -464.5933227539062
v 674.1301879882812 -18.32500076293945 -464.6998901367188
v 674.41650390625 -18.32500076293945 -464.84912109375
v 674.6744384765625 -18.32500076293945 -465.0409545898438
v 674.9038696289062 -18.32500076293945 -465.2754211425781
v 675.1047973632812 -18.32500076293945 -465.5525207519531
v 675.546875 -18.32500076293945 -466.6901550292969
v 675.6142578125 -18.32500076293945 -467.1335754394531
v 675.5986938476562 -18.32500076293945 -468.19091796875
v 675.5511474609375 -18.32500076293945 -468.4655456542969
v 675.484619140625 -18.32500076293945 -468.7262268066406
v 675.3989868164062 -18.32500076293945 -468.9730224609375
v 675.1707763671875 -18.32500076293945 -469.4248657226562
v 674.6524047851562 -18.32500076293945 -470.0140991210938
v 674.4384765625 -18.32500076293945 -470.1650390625
v 674.2072143554688 -18.32500076293945 -470.2885131835938
v 673.9585571289062 -18.32500076293945 -470.3845825195312
v 673.6925659179688 -18.32500076293945 -470.4531860351562
v 673.4091796875 -18.32500076293945 -470.4943542480469
v 673.1085205078125 -18.32500076293945 -470.508056640625
v 672.5009155273438 -18.32500076293945 -470.508056640625
v 671.8933715820312 -18.32500076293945 -470.508056640625
v 671.2858276367188 -18.32500076293945 -470.508056640625
v 670.6782836914062 -17.82500076293945 -470.508056640625
v 671.2858276367188 -17.32500076293945 -470.508056640625
v 671.8933715820312 -17.32500076293945 -470.508056640625
v 672.5009155273438 -17.32500076293945 -470.508056640625
v 673.1085205078125 -17.32500076293945 -470.508056640625
v 673.4091796875 -17.32500076293945 -470.4943542480469
v 673.6925659179688 -17.32500076293945 -470.4531860351562
v 673.9585571289062 -17.32500076293945 -470.3845825195312
v 674.2072143554688 -17.32500076293945 -470.2885131835938
v 674.4384765625 -17.32500076293945 -470.1650390625
v 674.6524047851562 -17.32500076293945 -470.0140991210938
v 675.1707763671875 -17.32500076293945 -469.4248657226562
v 675.3989868164062 -17.32500076293945 -468.9730224609375
v 675.484619140625 -17.32500076293945 -468.7262268066406
v 675.5986938476562 -17.32500076293945 -468.19091796875
v 675.546875 -17.32500076293945 -466.6901550292969
v 675.4345703125 -17.32500076293945 -466.2697143554688
v 675.1047973632812 -17.32500076293945 -465.5525207519531
v 674.9038696289062 -17.32500076293945 -465.2754211425781
v 674.6744384765625 -17.32500076293945 -465.0409545898438
v 674.41650390625 -17.32500076293945 -464.84912109375
v 674.1301879882812 -17.32500076293945 -464.6998901367188
v 673.8153686523438 -17.32500076293945 -464.5933227539062
v 673.4720458984375 -17.32500076293945 -464.5293884277344
v 673.100341796875 -17.32500076293945 -464.508056640625
v 672.4948120117188 -17.32500076293945 -464.508056640625
v 671.8892822265625 -17.32500076293945 -464.508056640625
v 671.2837524414062 -17.32500076293945 -464.508056640625
v 670.6782836914062 -17.82500076293945 -464.508056640625
v 670.6782836914062 -18.32500076293945 -470.508056640625
v 670.6782836914062 -17.32500076293945 -470.508056640625
v 670.6782836914062 -18.32500076293945 -464.508056640625
v 670.6782836914062 -17.32500076293945 -464.508056640625
v 670.6782836914062 -17.82500076293945 -470.508056640625
v 670.6782836914062 -17.82500076293945 -464.508056640625
v 671.4951171875 -18.32500076293945 -469.8096313476562
v 671.4951171875 -17.32500076293945 -469.8096313476562
v 672.9369506835938 -18.32500076293945 -469.8096313476562
v 672.9369506835938 -17.32500076293945 -469.8096313476562
v 673.174560546875 -18.32500076293945 -469.7999877929688
v 673.174560546875 -17.32500076293945 -469.7999877929688
v 673.395263671875 -18.32500076293945 -469.7710876464844
v 673.395263671875 -17.32500076293945 -469.7710876464844
v 673.59912109375 -18.32500076293945 -469.722900390625
v 673.59912109375 -17.32500076293945 -469.722900390625
v 673.7860107421875 -18.32500076293945 -469.6554565429688
v 673.7860107421875 -17.32500076293945 -469.6554565429688
v 673.9559936523438 -18.32500076293945 -469.5687255859375
v 673.9559936523438 -17.32500076293945 -469.5687255859375
v 674.1090698242188 -18.32500076293945 -469.4627075195312
v 674.1090698242188 -17.32500076293945 -469.4627075195312
v 674.2451782226562 -18.32500076293945 -469.3374328613281
v 674.2451782226562 -17.32500076293945 -469.3374328613281
v 674.3644409179688 -18.32500076293945 -469.19287109375
v 674.3644409179688 -17.32500076293945 -469.19287109375
v 674.558349609375 -18.32500076293945 -468.8533630371094
v 674.558349609375 -17.32500076293945 -468.8533630371094
v 674.6968383789062 -18.32500076293945 -468.4515686035156
v 674.6968383789062 -17.32500076293945 -468.4515686035156
v 674.7799072265625 -18.32500076293945 -467.9874877929688
v 674.7799072265625 -17.32500076293945 -467.9874877929688
v 674.8076171875 -18.32500076293945 -467.4610900878906
v 674.8076171875 -17.32500076293945 -467.4610900878906
v 674.7922973632812 -18.32500076293945 -467.1588439941406
v 674.7922973632812 -17.32500076293945 -467.1588439941406
v 674.746337890625 -18.32500076293945 -466.8320922851562
v 674.746337890625 -17.32500076293945 -466.8320922851562
v 674.684814453125 -18.32500076293945 -466.5610046386719
v 674.684814453125 -17.32500076293945 -466.5610046386719
v 674.6064453125 -18.32500076293945 -466.3154296875
v 674.6064453125 -17.32500076293945 -466.3154296875
v 674.51123046875 -18.32500076293945 -466.0953674316406
v 674.51123046875 -17.32500076293945 -466.0953674316406
v 674.399169921875 -18.32500076293945 -465.9008483886719
v 674.399169921875 -17.32500076293945 -465.9008483886719
v 674.2373046875 -18.32500076293945 -465.6925354003906
v 674.2373046875 -17.32500076293945 -465.6925354003906
v 674.0540161132812 -18.32500076293945 -465.52099609375
v 674.0540161132812 -17.32500076293945 -465.52099609375
v 673.8493041992188 -18.32500076293945 -465.3861999511719
v 673.8493041992188 -17.32500076293945 -465.3861999511719
v 673.6231079101562 -18.32500076293945 -465.2881774902344
v 673.6231079101562 -17.32500076293945 -465.2881774902344
v 673.3208618164062 -18.32500076293945 -465.2238464355469
v 673.3208618164062 -17.32500076293945 -465.2238464355469
v 672.9451293945312 -18.32500076293945 -465.2024230957031
v 672.9451293945312 -17.32500076293945 -465.2024230957031
v 672.9451293945312 -17.82500076293945 -465.2024230957031
v 671.4951171875 -17.82500076293945 -469.8096313476562
v 671.4951171875 -18.32500076293945 -465.2024230957031
v 671.4951171875 -17.32500076293945 -465.2024230957031
v 671.4951171875 -18.32500076293945 -469.8096313476562
v 671.4951171875 -17.32500076293945 -469.8096313476562
v 671.4951171875 -17.82500076293945 -469.8096313476562
v 672.9451293945312 -18.32500076293945 -465.2024230957031
v 672.9451293945312 -17.32500076293945 -465.2024230957031
v 671.4951171875 -18.32500076293945 -465.2024230957031
v 671.4951171875 -17.32500076293945 -465.2024230957031
v 672.9451293945312 -17.82500076293945 -465.2024230957031
v 670.6782836914062 -17.32500076293945 -470.508056640625
v 671.2858276367188 -17.32500076293945 -470.508056640625
v 671.8933715820312 -17.32500076293945 -470.508056640625
v 672.5009155273438 -17.32500076293945 -470.508056640625
v 673.1085205078125 -17.32500076293945 -470.508056640625
v 673.4091796875 -17.32500076293945 -470.4943542480469
v 673.6925659179688 -17.32500076293945 -470.4531860351562
v 673.9585571289062 -17.32500076293945 -470.3845825195312
v 674.2072143554688 -17.32500076293945 -470.2885131835938
v 674.4384765625 -17.32500076293945 -470.1650390625
v 674.6524047851562 -17.32500076293945 -470.0140991210938
v 674.8489379882812 -17.32500076293945 -469.8357238769531
v 675.0281372070312 -17.32500076293945 -469.6299133300781
v 675.1707763671875 -17.32500076293945 -469.4248657226562
v 675.29443359375 -17.32500076293945 -469.2059020996094
v 675.3989868164062 -17.32500076293945 -468.9730224609375
v 675.484619140625 -17.32500076293945 -468.7262268066406
v 675.5511474609375 -17.32500076293945 -468.4655456542969
v 675.5986938476562 -17.32500076293945 -468.19091796875
v 675.63671875 -17.32500076293945 -467.5999755859375
v 675.6142578125 -17.32500076293945 -467.1335754394531
v 675.546875 -17.32500076293945 -466.6901550292969
v 675.4345703125 -17.32500076293945 -466.2697143554688
v 675.2772827148438 -17.32500076293945 -465.8722534179688
v 675.1047973632812 -17.32500076293945 -465.5525207519531
v 674.9038696289062 -17.32500076293945 -465.2754211425781
v 674.6744384765625 -17.32500076293945 -465.0409545898438
v 674.41650390625 -17.32500076293945 -464.84912109375
v 674.1301879882812 -17.32500076293945 -464.6998901367188
v 673.8153686523438 -17.32500076293945 -464.5933227539062
v 673.4720458984375 -17.32500076293945 -464.5293884277344
v 673.100341796875 -17.32500076293945 -464.508056640625
v 672.4948120117188 -17.32500076293945 -464.508056640625
v 671.8892822265625 -17.32500076293945 -464.508056640625
v 671.2837524414062 -17.32500076293945 -464.508056640625
v 670.6782836914062 -17.32500076293945 -464.508056640625
v 672.9451293945312 -17.32500076293945 -465.2024230957031
v 673.3208618164062 -17.32500076293945 -465.2238464355469
v 673.6231079101562 -17.32500076293945 -465.2881774902344
v 673.8493041992188 -17.32500076293945 -465.3861999511719
v 674.0540161132812 -17.32500076293945 -465.52099609375
v 674.2373046875 -17.32500076293945 -465.6925354003906
v 674.399169921875 -17.32500076293945 -465.9008483886719
v 674.51123046875 -17.32500076293945 -466.0953674316406
v 674.6064453125 -17.32500076293945 -466.3154296875
v 674.684814453125 -17.32500076293945 -466.5610046386719
v 674.746337890625 -17.32500076293945 -466.8320922851562
v 674.7922973632812 -17.32500076293945 -467.1588439941406
v 674.8076171875 -17.32500076293945 -467.4610900878906
v 674.7799072265625 -17.32500076293945 -467.9874877929688
v 674.6968383789062 -17.32500076293945 -468.4515686035156
v 674.558349609375 -17.32500076293945 -468.8533630371094
v 674.3644409179688 -17.32500076293945 -469.19287109375
v 674.2451782226562 -17.32500076293945 -469.3374328613281
v 674.1090698242188 -17.32500076293945 -469.4627075195312
v 673.9559936523438 -17.32500076293945 -469.5687255859375
v 673.7860107421875 -17.32500076293945 -469.6554565429688
v 673.59912109375 -17.32500076293945 -469.722900390625
v 673.395263671875 -17.32500076293945 -469.7710876464844
v 673.174560546875 -17.32500076293945 -469.7999877929688
v 672.9369506835938 -17.32500076293945 -469.8096313476562
v 671.4951171875 -17.32500076293945 -469.8096313476562
v 671.4951171875 -17.32500076293945 -465.2024230957031
v 671.3511962890625 -17.32500076293945 -469.6937866210938
v 671.3511962890625 -17.32500076293945 -467.9452209472656
v 671.3511962890625 -17.32500076293945 -467.0709228515625
v 671.3511962890625 -17.32500076293945 -466.1966247558594
v 671.3511962890625 -17.32500076293945 -465.3223571777344
v 674.9638061523438 -17.32500076293945 -468.8194885253906
v 674.9638061523438 -17.32500076293945 -467.0709228515625
v 674.9638061523438 -17.32500076293945 -466.1966247558594
vt 0.3724819421768188 0.2506815195083618
vt 0.4166181683540344 0.2506815195083618
vt 0.4607543647289276 0.2506815195083618
vt 0.5048905611038208 0.2506815195083618
vt 0.5490267872810364 0.2506815195083618
vt 0.57087242603302 0.2516822516918182
vt 0.5914569497108459 0.2546844780445099
vt 0.6107804775238037 0.2596881985664368
vt 0.6288428902626038 0.2666934132575989
vt 0.6456443071365356 0.2757001221179962
vt 0.6611846685409546 0.2867083549499512
vt 0.6754639744758606 0.2997181117534637
vt 0.6884823441505432 0.3147293627262115
vt 0.6988441944122314 0.3296847641468048
vt 0.7078244686126709 0.3456548452377319
vt 0.7154231071472168 0.3626395761966705
vt 0.7216402292251587 0.3806390166282654
vt 0.7264756560325623 0.3996531963348389
vt 0.7299296259880066 0.4196820855140686
vt 0.7326927185058594 0.4627841413021088
vt 0.7310608625411987 0.4968003332614899
vt 0.7261650562286377 0.5291407108306885
vt 0.7180054187774658 0.5598053932189941
vt 0.7065818905830383 0.5887945890426636
vt 0.6940503716468811 0.612114429473877
vt 0.6794511079788208 0.6323249340057373
vt 0.6627841591835022 0.6494260430335999
vt 0.6440495252609253 0.6634178757667542
vt 0.6232471466064453 0.6743003726005554
vt 0.6003769636154175 0.6820735931396484
vt 0.5754390358924866 0.6867375373840332
vt 0.5484333634376526 0.6882921457290649
vt 0.504445493221283 0.6882921457290649
vt 0.4604576528072357 0.6882921457290649
vt 0.4164698123931885 0.6882921457290649
vt 0.3724819421768188 0.6882921457290649
vt 0.4318247437477112 0.6376496553421021
vt 0.537158191204071 0.6376496553421021
vt 0.5644559264183044 0.6360856890678406
vt 0.5864127278327942 0.6313938498497009
vt 0.6028433442115784 0.6242443323135376
vt 0.6177160739898682 0.6144137382507324
vt 0.6310310959815979 0.6019020676612854
vt 0.6427884101867676 0.5867092609405518
vt 0.6509295105934143 0.5725219249725342
vt 0.6578466296195984 0.5564727783203125
vt 0.6635398268699646 0.5385617613792419
vt 0.6680091023445129 0.518788754940033
vt 0.6713471412658691 0.4949570298194885
vt 0.6724597811698914 0.4729126393795013
vt 0.6704477071762085 0.4345210790634155
vt 0.6644114851951599 0.40067258477211
vt 0.6543509960174561 0.3713670670986176
vt 0.6402662992477417 0.3466043472290039
vt 0.6316036581993103 0.3360615372657776
vt 0.6217124462127686 0.3269244730472565
vt 0.6105926632881165 0.3191930949687958
vt 0.5982442498207092 0.3128674626350403
vt 0.5846673250198364 0.3079475164413452
vt 0.5698617696762085 0.304433286190033
vt 0.5538275837898254 0.3023247420787811
vt 0.5365647673606873 0.3016219139099121
vt 0.4318247437477112 0.3016219139099121
vt 0.4213677048683167 0.3100715279579163
vt 0.4213677048683167 0.437603771686554
vt 0.4213677048683167 0.5013698935508728
vt 0.4213677048683167 0.5651360154151917
vt 0.4213677048683167 0.6289021372795105
vt 0.6838070154190063 0.3738376796245575
vt 0.6838070154190063 0.5013698935508728
vt 0.6838070154190063 0.5651360154151917
vt 0.9551001787185669 0
vt 0.8836299180984497 0
vt 0.9551001787185669 0.1664225310087204
vt 0.9551001787185669 0.3328450620174408
vt 0.8836299180984497 0.3328450620174408
vt 0.9551001787185669 0.37445068359375
vt 0.8836299180984497 0.4576619565486908
vt 0.9551001787185669 0.499267578125
vt 0.8836299180984497 0.499267578125
vt 0.8836299180984497 0.561676025390625
vt 0.9551001787185669 0.62408447265625
vt 0.8836299180984497 0.62408447265625
vt 0.9551001787185669 0.6656901240348816
vt 0.8836299180984497 0.6656901240348816
vt 0.9551001787185669 0.686492919921875
vt 0.8836299180984497 0.686492919921875
vt 0.9551001787185669 0.99853515625
vt 0.8836299180984497 0.99853515625
vt 0.9551001787185669 0.0416056327521801
vt 0.9551001787185669 0.0832112655043602
vt 0.9551001787185669 0.12481689453125
vt 0.9551001787185669 0.187225341796875
vt 0.9551001787185669 0.2080281525850296
vt 0.9551001787185669 0.2288309782743454
vt 0.9551001787185669 0.2496337890625
vt 0.9551001787185669 0.2704366147518158
vt 0.9551001787185669 0.2912394106388092
vt 0.9551001787185669 0.312042236328125
vt 0.9551001787185669 0.4160563051700592
vt 0.9551001787185669 0.4576619565486908
vt 0.9551001787185669 0.5408732295036316
vt 0.9551001787185669 0.561676025390625
vt 0.9551001787185669 0.5824788212776184
vt 0.9551001787185669 0.6032816767692566
vt 0.9551001787185669 0.6448872685432434
vt 0.9551001787185669 0.7072957158088684
vt 0.9551001787185669 0.7280985713005066
vt 0.9551001787185669 0.7489013671875
vt 0.9551001787185669 0.7697041630744934
vt 0.9551001787185669 0.7905070185661316
vt 0.9551001787185669 0.811309814453125
vt 0.9551001787185669 0.8321126103401184
vt 0.9551001787185669 0.87371826171875
vt 0.9551001787185669 0.9153239130973816
vt 0.9551001787185669 0.9569295048713684
vt 0.9193650484085083 0.99853515625
vt 0.8836299180984497 0.9569295048713684
vt 0.8836299180984497 0.9153239130973816
vt 0.8836299180984497 0.87371826171875
vt 0.8836299180984497 0.8321126103401184
vt 0.8836299180984497 0.811309814453125
vt 0.8836299180984497 0.7905070185661316
vt 0.8836299180984497 0.7697041630744934
vt 0.8836299180984497 0.7489013671875
vt 0.8836299180984497 0.7280985713005066
vt 0.8836299180984497 0.7072957158088684
vt 0.8836299180984497 0.6448872685432434
vt 0.8836299180984497 0.6032816767692566
vt 0.8836299180984497 0.5824788212776184
vt 0.8836299180984497 0.5408732295036316
vt 0.8836299180984497 0.4160563051700592
vt 0.8836299180984497 0.37445068359375
vt 0.8836299180984497 0.312042236328125
vt 0.8836299180984497 0.2912394106388092
vt 0.8836299180984497 0.2704366147518158
vt 0.8836299180984497 0.2496337890625
vt 0.8836299180984497 0.2288309782743454
vt 0.8836299180984497 0.2080281525850296
vt 0.8836299180984497 0.187225341796875
vt 0.8836299180984497 0.1664225310087204
vt 0.8836299180984497 0.12481689453125
vt 0.8836299180984497 0.0832112655043602
vt 0.8836299180984497 0.0416056327521801
vt 0.9193650484085083 0
vt 0 0
vt 0 0.07293510437011719
vt 0.4376106262207031 0
vt 0.4376106262207031 0.07293510437011719
vt 0 0.03646755218505859
vt 0.4376106262207031 0.03646755218505859
vt 0 0.1231527104973793
vt 0 0.1960878074169159
vt 0.08542582392692566 0.1231527104973793
vt 0.08542582392692566 0.1960878074169159
vt 0.09610404819250107 0.1231527104973793
vt 0.09610404819250107 0.1960878074169159
vt 0.1067822799086571 0.1231527104973793
vt 0.1067822799086571 0.1960878074169159
vt 0.1174605041742325 0.1231527104973793
vt 0.1174605041742325 0.1960878074169159
vt 0.1281387358903885 0.1231527104973793
vt 0.1281387358903885 0.1960878074169159
vt 0.1388169527053833 0.1231527104973793
vt 0.1388169527053833 0.1960878074169159
vt 0.1494951844215393 0.1231527104973793
vt 0.1494951844215393 0.1960878074169159
vt 0.1601734161376953 0.1231527104973793
vt 0.1601734161376953 0.1960878074169159
vt 0.1708516478538513 0.1231527104973793
vt 0.1708516478538513 0.1960878074169159
vt 0.1922080963850021 0.1231527104973793
vt 0.1922080963850021 0.1960878074169159
vt 0.2135645598173141 0.1231527104973793
vt 0.2135645598173141 0.1960878074169159
vt 0.234921008348465 0.1231527104973793
vt 0.234921008348465 0.1960878074169159
vt 0.256277471780777 0.1231527104973793
vt 0.256277471780777 0.1960878074169159
vt 0.2989903688430786 0.1231527104973793
vt 0.2989903688430786 0.1960878074169159
vt 0.3417032957077026 0.1231527104973793
vt 0.3417032957077026 0.1960878074169159
vt 0.3630597591400146 0.1231527104973793
vt 0.3630597591400146 0.1960878074169159
vt 0.3844161927700043 0.1231527104973793
vt 0.3844161927700043 0.1960878074169159
vt 0.4057726263999939 0.1231527104973793
vt 0.4057726263999939 0.1960878074169159
vt 0.4271291196346283 0.1231527104973793
vt 0.4271291196346283 0.1960878074169159
vt 0.4484855532646179 0.1231527104973793
vt 0.4484855532646179 0.1960878074169159
vt 0.4698420166969299 0.1231527104973793
vt 0.4698420166969299 0.1960878074169159
vt 0.4911984801292419 0.1231527104973793
vt 0.4911984801292419 0.1960878074169159
vt 0.512554943561554 0.1231527104973793
vt 0.512554943561554 0.1960878074169159
vt 0.5552678108215332 0.1231527104973793
vt 0.5552678108215332 0.1960878074169159
vt 0.5979807376861572 0.1231527104973793
vt 0.5979807376861572 0.1960878074169159
vt 0.5979807376861572 0.1596202552318573
vt 0 0.1596202552318573
vt 0.8821650743484497 0
vt 0.8106948137283325 0
vt 0.8821650743484497 0.3360277712345123
vt 0.8106948137283325 0.3360277712345123
vt 0.8464299440383911 0.3360277712345123
vt 0.8092299699783325 0
vt 0.7377597093582153 0
vt 0.8092299699783325 0.1057534217834473
vt 0.7377597093582153 0.1057534217834473
vt 0.7734948396682739 0
vt 0.003602107986807823 0.2506815195083618
vt 0.04773831367492676 0.2506815195083618
vt 0.09187452495098114 0.2506815195083618
vt 0.1360107362270355 0.2506815195083618
vt 0.1801469326019287 0.2506815195083618
vt 0.2019925862550735 0.2516822516918182
vt 0.2225771248340607 0.2546844780445099
vt 0.241900622844696 0.2596881985664368
vt 0.2599630653858185 0.2666934132575989
vt 0.276764452457428 0.2757001221179962
vt 0.2923047840595245 0.2867083549499512
vt 0.3065841495990753 0.2997181117534637
vt 0.3196024894714355 0.3147293627262115
vt 0.3299643695354462 0.3296847641468048
vt 0.3389446139335632 0.3456548452377319
vt 0.3465432822704315 0.3626395761966705
vt 0.3527603447437286 0.3806390166282654
vt 0.357595831155777 0.3996531963348389
vt 0.3610497713088989 0.4196820855140686
vt 0.3638128936290741 0.4627841413021088
vt 0.3621809780597687 0.4968003332614899
vt 0.35728520154953 0.5291407108306885
vt 0.3491255939006805 0.5598053932189941
vt 0.3377020657062531 0.5887945890426636
vt 0.3251705169677734 0.612114429473877
vt 0.3105712532997131 0.6323249340057373
vt 0.2939043343067169 0.6494260430335999
vt 0.2751696705818176 0.6634178757667542
vt 0.2543672919273376 0.6743003726005554
vt 0.2314971387386322 0.6820735931396484
vt 0.2065592110157013 0.6867375373840332
vt 0.1795534938573837 0.6882921457290649
vt 0.1355656534433365 0.6882921457290649
vt 0.09157780557870865 0.6882921457290649
vt 0.04758995771408081 0.6882921457290649
vt 0.003602107986807823 0.6882921457290649
vt 0.1682783663272858 0.6376496553421021
vt 0.1955760717391968 0.6360856890678406
vt 0.2175329029560089 0.6313938498497009
vt 0.2339634746313095 0.6242443323135376
vt 0.2488362491130829 0.6144137382507324
vt 0.2621512413024902 0.6019020676612854
vt 0.2739085555076599 0.5867092609405518
vt 0.2820496559143066 0.5725219249725342
vt 0.2889668047428131 0.5564727783203125
vt 0.2946600019931793 0.5385617613792419
vt 0.2991292476654053 0.518788754940033
vt 0.3024672865867615 0.4949570298194885
vt 0.3035799562931061 0.4729126393795013
vt 0.3015678822994232 0.4345210790634155
vt 0.2955316305160522 0.40067258477211
vt 0.2854711711406708 0.3713670670986176
vt 0.2713864743709564 0.3466043472290039
vt 0.2627238035202026 0.3360615372657776
vt 0.2528325915336609 0.3269244730472565
vt 0.2417127937078476 0.3191930949687958
vt 0.229364424943924 0.3128674626350403
vt 0.2157874554395676 0.3079475164413452
vt 0.2009819000959396 0.304433286190033
vt 0.184947744011879 0.3023247420787811
vt 0.167684942483902 0.3016219139099121
vt 0.06294490396976471 0.3016219139099121
vt 0.06294490396976471 0.6376496553421021
vt 0.05248786136507988 0.3100715279579163
vt 0.05248786136507988 0.437603771686554
vt 0.05248786136507988 0.5013698935508728
vt 0.05248786136507988 0.5651360154151917
vt 0.05248786136507988 0.6289021372795105
vt 0.3149271607398987 0.3738376796245575
vt 0.3149271607398987 0.5013698935508728
vt 0.3149271607398987 0.5651360154151917
vn 0 -1 0
vn 0 -1 0
vn 0 -1 0
vn 0 -1 0
vn 0 -1 0
vn 0 -1 0
vn 0 -1 0
vn 0 -1 0
vn 0 -1 0
vn 0 -1 0
vn 0 -1 0
vn 0 -1 0
vn 0 -1 0
vn 0 -1 0
vn 0 -1 0
vn 0 -1 0
vn 0 -1 0
vn 0 -1 0
vn 0 -1 0
vn 0 -1 0
vn 0 -1 0
vn 0 -1 0
vn 0 -1 0
vn 0 -1 0
vn 0 -1 0
vn 0 -1 0
vn 0 -1 0
vn 0 -1 0
vn 0 -1 0
vn 0 -1 0
vn 0 -1 0
vn 0 -1 0
vn 0 -1 0
vn 0 -1 0
vn 0 -1 0
vn 0 -1 0
vn 0 -1 0
vn 0 -1 0
vn 0 -1 0
vn 0 -1 0
vn 0 -1 0
vn 0 -1 0
vn 0 -1 0
vn 0 -1 0
vn 0 -1 0
vn 0 -1 0
vn 0 -1 0
vn 0 -1 0
vn 0 -1 0
vn 0 -1 0
vn 0 -1 0
vn 0 -1 0
vn 0 -1 0
vn 0 -1 0
vn 0 -1 0
vn 0 -1 0
vn 0 -1 0
vn 0 -1 0
vn 0 -1 0
vn 0 -1 0
vn 0 -1 0
vn 0 -1 0
vn 0 -1 0
vn 2.220446049250313e-16 -1 0
vn 0 -1 0
vn 0 -1 0
vn 0 -1 0
vn 0 -1 0
vn 0 -1 0
vn 0 -1 0
vn 0 -1 0
vn 0 0 1
vn 0 0 1
vn 0 0 1
vn 0.906550407409668 0 0.4220975339412689
vn 0.906550407409668 0 0.4220975339412689
vn 0.9497448205947876 0 0.3130252063274384
vn 0.9951581358909607 0 0.09828664362430573
vn 1 0 0
vn 1 0 0
vn 0.9780272245407104 0 -0.2084773331880569
vn 0.892603874206543 0 -0.4508417546749115
vn 0.892603874206543 0 -0.4508417546749115
vn 0.7897476553916931 0 -0.6134318709373474
vn 0.7897476553916931 0 -0.6134318709373474
vn 0.7149019241333008 0 -0.6992247104644775
vn 0.7149019241333008 0 -0.6992247104644775
vn 0 0 -1
vn 0 0 -1
vn 0 0 1
vn 0 0 1
vn 0 0 1
vn 0.1184030696749687 0 0.9929656386375427
vn 0.2508302927017212 0 0.9680310487747192
vn 0.3915119469165802 0 0.9201730489730835
vn 0.5309988856315613 0 0.8473725318908691
vn 0.6584216952323914 0 0.7526492476463318
vn 0.7652092576026917 0 0.6437816619873047
vn 0.8477137088775635 0 0.5304540395736694
vn 0.9790381193161011 0 0.2036769688129425
vn 0.9951581358909607 0 0.09828664362430573
vn 0.9909989833831787 0 -0.133869394659996
vn 0.9780272245407104 0 -0.2084773331880569
vn 0.9578793048858643 0 -0.2871710658073425
vn 0.9295981526374817 0 -0.3685747087001801
vn 0.8468788266181946 0 -0.5317859053611755
vn 0.6257603764533997 0 -0.7800153493881226
vn 0.5247244238853455 0 -0.8512721657752991
vn 0.4159883856773376 0 -0.909369945526123
vn 0.3047235310077667 0 -0.9524408578872681
vn 0.1959396749734879 0 -0.9806159734725952
vn 0.09355541318655014 0 -0.9956140518188477
vn 1.37793015929713e-13 0 -1
vn 0 0 -1
vn 0 0 -1
vn 0 0 -1
vn 0 0 -1
vn 0 0 -1
vn 0 0 -1
vn 0 0 -1
vn 0 0 -1
vn 0.09355541318655014 0 -0.9956140518188477
vn 0.1959396749734879 0 -0.9806159734725952
vn 0.3047235310077667 0 -0.9524408578872681
vn 0.4159883856773376 0 -0.909369945526123
vn 0.5247244238853455 0 -0.8512721657752991
vn 0.6257603764533997 0 -0.7800153493881226
vn 0.8468788266181946 0 -0.5317859053611755
vn 0.9295981526374817 0 -0.3685747087001801
vn 0.9578793048858643 0 -0.2871710658073425
vn 0.9909989833831787 0 -0.133869394659996
vn 0.9790381193161011 0 0.2036769688129425
vn 0.9497448205947876 0 0.3130252063274384
vn 0.8477137088775635 0 0.5304540395736694
vn 0.7652092576026917 0 0.6437816619873047
vn 0.6584216952323914 0 0.7526492476463318
vn 0.5309988856315613 0 0.8473725318908691
vn 0.3915119469165802 0 0.9201730489730835
vn 0.2508302927017212 0 0.9680310487747192
vn 0.1184030696749687 0 0.9929656386375427
vn 0 0 1
vn 0 0 1
vn 0 0 1
vn 0 0 1
vn 0 0 1
vn -1 0 0
vn -1 0 0
vn -1 0 0
vn -1 0 0
vn -1 0 0
vn -1 0 0
vn 0 0 1
vn 0 0 1
vn 0 0 1
vn 0 0 1
vn -0.08380242437124252 0 0.9964823722839355
vn -0.08380242437124252 0 0.9964823722839355
vn -0.1786760538816452 0 0.98390793800354
vn -0.1786760538816452 0 0.98390793800354
vn -0.2838102281093597 0 0.9588804841041565
vn -0.2838102281093597 0 0.9588804841041565
vn -0.3966121077537537 0 0.917986273765564
vn -0.3966121077537537 0 0.917986273765564
vn -0.5123493671417236 0 0.8587771058082581
vn -0.5123493671417236 0 0.8587771058082581
vn -0.6245281100273132 0 0.7810023427009583
vn -0.6245281100273132 0 0.7810023427009583
vn -0.7262514233589172 0 0.6874291300773621
vn -0.7262514233589172 0 0.6874291300773621
vn -0.8120949864387512 0 0.5835252404212952
vn -0.8120949864387512 0 0.5835252404212952
vn -0.9124846458435059 0 0.4091109931468964
vn -0.9124846458435059 0 0.4091109931468964
vn -0.9687835574150085 0 0.2479080557823181
vn -0.9687835574150085 0 0.2479080557823181
vn -0.9938023090362549 0 0.1111617237329483
vn -0.9938023090362549 0 0.1111617237329483
vn -1 0 0
vn -1 0 0
vn -0.9952898621559143 0 -0.09694381803274155
vn -0.9952898621559143 0 -0.09694381803274155
vn -0.9829521775245667 0 -0.1838615536689758
vn -0.9829521775245667 0 -0.1838615536689758
vn -0.9652465581893921 0 -0.2613409459590912
vn -0.9652465581893921 0 -0.2613409459590912
vn -0.9370030164718628 0 -0.3493213057518005
vn -0.9370030164718628 0 -0.3493213057518005
vn -0.8944268822669983 0 -0.4472141563892365
vn -0.8944268822669983 0 -0.4472141563892365
vn -0.8320503234863281 0 -0.5547001957893372
vn -0.8320503234863281 0 -0.5547001957893372
vn -0.7401207089424133 0 -0.6724740266799927
vn -0.7401207089424133 0 -0.6724740266799927
vn -0.6196442842483521 0 -0.7848827838897705
vn -0.6196442842483521 0 -0.7848827838897705
vn -0.4753417372703552 0 -0.8798012733459473
vn -0.4753417372703552 0 -0.8798012733459473
vn -0.3074304759502411 0 -0.9515705704689026
vn -0.3074304759502411 0 -0.9515705704689026
vn -0.125505730509758 0 -0.9920929074287415
vn -0.125505730509758 0 -0.9920929074287415
vn 0 0 -1
vn 0 0 -1
vn 0 0 -1
vn 0 0 1
vn 1 0 0
vn 1 0 0
vn 1 0 0
vn 1 0 0
vn 1 0 0
vn 0 0 -1
vn 0 0 -1
vn 0 0 -1
vn 0 0 -1
vn 0 0 -1
vn 0 1 0
vn 0 1 0
vn 0 1 0
vn 0 1 0
vn 0 1 0
vn 0 1 0
vn 0 1 0
vn 0 1 0
vn 0 1 0
vn 0 1 0
vn 0 1 0
vn 0 1 0
vn 0 1 0
vn 0 1 0
vn 0 1 0
vn 0 1 0
vn 0 1 0
vn 0 1 0
vn 0 1 0
vn 0 1 0
vn 0 1 0
vn 0 1 0
vn 0 1 0
vn 0 1 0
vn 0 1 0
vn 0 1 0
vn 0 1 0
vn 0 1 0
vn 0 1 0
vn 0 1 0
vn 0 1 0
vn 0 1 0
vn 0 1 0
vn 0 1 0
vn 0 1 0
vn 0 1 0
vn 0 1 0
vn 0 1 0
vn 0 1 0
vn 0 1 0
vn 0 1 0
vn 0 1 0
vn 0 1 0
vn 0 1 0
vn 0 1 0
vn 0 1 0
vn 0 1 0
vn 0 1 0
vn 0 1 0
vn 0 1 0
vn 0 1 0
vn 0 1 0
vn 0 1 0
vn 0 1 0
vn 0 1 0
vn 0 1 0
vn 0 1 0
vn 0 1 0
vn 0 1 0
vn 0 1 0
vn 0 1 0
vn 0 1 0
vn 0 1 0
vn 5.551115123125783e-17 1 0
vn 2.220446049250313e-16 1 0
vn 2.220446049250313e-16 1 0
vn 0 1 0
vn 0 1 0
vn 1.110223024625157e-16 1 0
vn 2.220446049250313e-16 1 0
vn 0 1 0
f 1432/1432/1432 1369/1369/1369 1370/1370/1370
f 1431/1431/1431 1371/1371/1371 1372/1372/1372
f 1431/1431/1431 1370/1370/1370 1371/1371/1371
f 1431/1431/1431 1433/1433/1433 1432/1432/1432
f 1370/1370/1370 1431/1431/1431 1432/1432/1432
f 1429/1429/1429 1430/1430/1430 1373/1373/1373
f 1372/1372/1372 1430/1430/1430 1431/1431/1431
f 1430/1430/1430 1372/1372/1372 1373/1373/1373
f 1433/1433/1433 1369/1369/1369 1432/1432/1432
f 1374/1374/1374 1428/1428/1428 1429/1429/1429
f 1373/1373/1373 1374/1374/1374 1429/1429/1429
f 1375/1375/1375 1428/1428/1428 1374/1374/1374
f 1376/1376/1376 1427/1427/1427 1375/1375/1375
f 1375/1375/1375 1427/1427/1427 1428/1428/1428
f 1426/1426/1426 1377/1377/1377 1425/1425/1425
f 1425/1425/1425 1378/1378/1378 1424/1424/1424
f 1426/1426/1426 1427/1427/1427 1376/1376/1376
f 1376/1376/1376 1377/1377/1377 1426/1426/1426
f 1404/1404/1404 1369/1369/1369 1433/1433/1433 1434/1434/1434
f 1431/1431/1431 1405/1405/1405 1434/1434/1434 1433/1433/1433
f 1404/1404/1404 1435/1435/1435 1436/1436/1436
f 1405/1405/1405 1436/1436/1436 1435/1435/1435
f 1435/1435/1435 1434/1434/1434 1405/1405/1405
f 1404/1404/1404 1434/1434/1434 1435/1435/1435
f 1403/1403/1403 1404/1404/1404 1436/1436/1436
f 1402/1402/1402 1405/1405/1405 1401/1401/1401
f 1405/1405/1405 1406/1406/1406 1401/1401/1401
f 1403/1403/1403 1405/1405/1405 1402/1402/1402
f 1403/1403/1403 1436/1436/1436 1405/1405/1405
f 1399/1399/1399 1407/1407/1407 1408/1408/1408
f 1397/1397/1397 1409/1409/1409 1410/1410/1410
f 1398/1398/1398 1408/1408/1408 1409/1409/1409
f 1401/1401/1401 1406/1406/1406 1400/1400/1400
f 1400/1400/1400 1406/1406/1406 1407/1407/1407
f 1407/1407/1407 1399/1399/1399 1400/1400/1400
f 1399/1399/1399 1408/1408/1408 1398/1398/1398
f 1398/1398/1398 1409/1409/1409 1397/1397/1397
f 1396/1396/1396 1397/1397/1397 1410/1410/1410
f 1424/1424/1424 1378/1378/1378 1379/1379/1379
f 1424/1424/1424 1379/1379/1379 1423/1423/1423
f 1379/1379/1379 1380/1380/1380 1423/1423/1423
f 1380/1380/1380 1422/1422/1422 1423/1423/1423
f 1421/1421/1421 1437/1437/1437 1420/1420/1420
f 1437/1437/1437 1419/1419/1419 1420/1420/1420
f 1381/1381/1381 1421/1421/1421 1422/1422/1422
f 1422/1422/1422 1380/1380/1380 1381/1381/1381
f 1382/1382/1382 1437/1437/1437 1381/1381/1381
f 1437/1437/1437 1382/1382/1382 1383/1383/1383
f 1383/1383/1383 1384/1384/1384 1437/1437/1437
f 1386/1386/1386 1437/1437/1437 1385/1385/1385
f 1384/1384/1384 1385/1385/1385 1437/1437/1437
f 1387/1387/1387 1438/1438/1438 1437/1437/1437
f 1387/1387/1387 1388/1388/1388 1438/1438/1438
f 1437/1437/1437 1386/1386/1386 1387/1387/1387
f 1421/1421/1421 1381/1381/1381 1437/1437/1437
f 1437/1437/1437 1438/1438/1438 1419/1419/1419
f 1414/1414/1414 1439/1439/1439 1413/1413/1413
f 1416/1416/1416 1439/1439/1439 1415/1415/1415
f 1415/1415/1415 1439/1439/1439 1414/1414/1414
f 1394/1394/1394 1395/1395/1395 1411/1411/1411
f 1396/1396/1396 1411/1411/1411 1395/1395/1395
f 1411/1411/1411 1412/1412/1412 1394/1394/1394
f 1412/1412/1412 1413/1413/1413 1393/1393/1393
f 1410/1410/1410 1411/1411/1411 1396/1396/1396
f 1438/1438/1438 1416/1416/1416 1417/1417/1417
f 1416/1416/1416 1438/1438/1438 1439/1439/1439
f 1419/1419/1419 1438/1438/1438 1418/1418/1418
f 1438/1438/1438 1389/1389/1389 1390/1390/1390
f 1438/1438/1438 1388/1388/1388 1389/1389/1389
f 1439/1439/1439 1438/1438/1438 1390/1390/1390
f 1394/1394/1394 1412/1412/1412 1393/1393/1393
f 1393/1393/1393 1413/1413/1413 1439/1439/1439
f 1393/1393/1393 1439/1439/1439 1392/1392/1392
f 1391/1391/1391 1392/1392/1392 1439/1439/1439
f 1391/1391/1391 1439/1439/1439 1390/1390/1390
f 1438/1438/1438 1417/1417/1417 1418/1418/1418
f 1378/1378/1378 1425/1425/1425 1377/1377/1377
f 1513/1513/1513 1440/1440/1440 1458/1458/1458
f 1459/1459/1459 1460/1460/1460 1510/1510/1510 1511/1511/1511
f 1458/1458/1458 1459/1459/1459 1511/1511/1511 1512/1512/1512
f 1442/1442/1442 1461/1461/1461 1508/1508/1508 1509/1509/1509
f 1462/1462/1462 1463/1463/1463 1506/1506/1506 1507/1507/1507
f 1463/1463/1463 1464/1464/1464 1505/1505/1505 1506/1506/1506
f 1461/1461/1461 1462/1462/1462 1507/1507/1507 1508/1508/1508
f 1460/1460/1460 1442/1442/1442 1509/1509/1509 1510/1510/1510
f 1465/1465/1465 1466/1466/1466 1503/1503/1503 1504/1504/1504
f 1467/1467/1467 1443/1443/1443 1444/1444/1444 1502/1502/1502
f 1466/1466/1466 1467/1467/1467 1502/1502/1502 1503/1503/1503
f 1445/1445/1445 1468/1468/1468 1500/1500/1500 1501/1501/1501
f 1469/1469/1469 1447/1447/1447 1448/1448/1448 1446/1446/1446
f 1470/1470/1470 1499/1499/1499 1448/1448/1448 1447/1447/1447
f 1468/1468/1468 1469/1469/1469 1446/1446/1446 1500/1500/1500
f 1443/1443/1443 1445/1445/1445 1501/1501/1501 1444/1444/1444
f 1464/1464/1464 1465/1465/1465 1504/1504/1504 1505/1505/1505
f 1512/1512/1512 1441/1441/1441 1513/1513/1513
f 1458/1458/1458 1512/1512/1512 1513/1513/1513
f 1470/1470/1470 1471/1471/1471 1449/1449/1449 1499/1499/1499
f 1471/1471/1471 1472/1472/1472 1498/1498/1498 1449/1449/1449
f 1450/1450/1450 1451/1451/1451 1497/1497/1497 1473/1473/1473
f 1473/1473/1473 1497/1497/1497 1498/1498/1498 1472/1472/1472
f 1474/1474/1474 1452/1452/1452 1453/1453/1453 1496/1496/1496
f 1454/1454/1454 1475/1475/1475 1495/1495/1495 1455/1455/1455
f 1475/1475/1475 1476/1476/1476 1494/1494/1494 1495/1495/1495
f 1454/1454/1454 1455/1455/1455 1453/1453/1453 1452/1452/1452
f 1450/1450/1450 1474/1474/1474 1496/1496/1496 1451/1451/1451
f 1477/1477/1477 1478/1478/1478 1492/1492/1492 1493/1493/1493
f 1479/1479/1479 1480/1480/1480 1490/1490/1490 1491/1491/1491
f 1478/1478/1478 1479/1479/1479 1491/1491/1491 1492/1492/1492
f 1481/1481/1481 1482/1482/1482 1488/1488/1488 1489/1489/1489
f 1483/1483/1483 1484/1484/1484 1486/1486/1486 1487/1487/1487
f 1485/1485/1485 1484/1484/1484 1456/1456/1456
f 1482/1482/1482 1483/1483/1483 1487/1487/1487 1488/1488/1488
f 1480/1480/1480 1481/1481/1481 1489/1489/1489 1490/1490/1490
f 1476/1476/1476 1477/1477/1477 1493/1493/1493 1494/1494/1494
f 1485/1485/1485 1457/1457/1457 1486/1486/1486
f 1486/1486/1486 1484/1484/1484 1485/1485/1485
f 1518/1518/1518 1514/1514/1514 1516/1516/1516 1519/1519/1519
f 1515/1515/1515 1518/1518/1518 1519/1519/1519 1517/1517/1517
f 1573/1573/1573 1520/1520/1520 1522/1522/1522
f 1524/1524/1524 1525/1525/1525 1523/1523/1523 1522/1522/1522
f 1528/1528/1528 1529/1529/1529 1527/1527/1527 1526/1526/1526
f 1530/1530/1530 1531/1531/1531 1529/1529/1529 1528/1528/1528
f 1526/1526/1526 1527/1527/1527 1525/1525/1525 1524/1524/1524
f 1534/1534/1534 1535/1535/1535 1533/1533/1533 1532/1532/1532
f 1536/1536/1536 1537/1537/1537 1535/1535/1535 1534/1534/1534
f 1540/1540/1540 1541/1541/1541 1539/1539/1539 1538/1538/1538
f 1544/1544/1544 1545/1545/1545 1543/1543/1543 1542/1542/1542
f 1542/1542/1542 1543/1543/1543 1541/1541/1541 1540/1540/1540
f 1538/1538/1538 1539/1539/1539 1537/1537/1537 1536/1536/1536
f 1532/1532/1532 1533/1533/1533 1531/1531/1531 1530/1530/1530
f 1521/1521/1521 1573/1573/1573 1523/1523/1523
f 1523/1523/1523 1573/1573/1573 1522/1522/1522
f 1545/1545/1545 1544/1544/1544 1546/1546/1546 1547/1547/1547
f 1548/1548/1548 1549/1549/1549 1547/1547/1547 1546/1546/1546
f 1550/1550/1550 1551/1551/1551 1549/1549/1549 1548/1548/1548
f 1554/1554/1554 1555/1555/1555 1553/1553/1553 1552/1552/1552
f 1556/1556/1556 1557/1557/1557 1555/1555/1555 1554/1554/1554
f 1552/1552/1552 1553/1553/1553 1551/1551/1551 1550/1550/1550
f 1560/1560/1560 1561/1561/1561 1559/1559/1559 1558/1558/1558
f 1562/1562/1562 1563/1563/1563 1561/1561/1561 1560/1560/1560
f 1566/1566/1566 1567/1567/1567 1565/1565/1565 1564/1564/1564
f 1572/1572/1572 1568/1568/1568 1570/1570/1570
f 1568/1568/1568 1569/1569/1569 1567/1567/1567 1566/1566/1566
f 1564/1564/1564 1565/1565/1565 1563/1563/1563 1562/1562/1562
f 1558/1558/1558 1559/1559/1559 1557/1557/1557 1556/1556/1556
f 1572/1572/1572 1571/1571/1571 1569/1569/1569
f 1568/1568/1568 1572/1572/1572 1569/1569/1569
f 1575/1575/1575 1574/1574/1574 1578/1578/1578 1577/1577/1577
f 1574/1574/1574 1576/1576/1576 1578/1578/1578
f 1581/1581/1581 1583/1583/1583 1579/1579/1579
f 1580/1580/1580 1583/1583/1583 1582/1582/1582
f 1581/1581/1581 1582/1582/1582 1583/1583/1583
f 1647/1647/1647 1585/1585/1585 1584/1584/1584
f 1645/1645/1645 1587/1587/1587 1586/1586/1586
f 1645/1645/1645 1586/1586/1586 1585/1585/1585
f 1645/1645/1645 1647/1647/1647 1648/1648/1648
f 1585/1585/1585 1647/1647/1647 1645/1645/1645
f 1643/1643/1643 1588/1588/1588 1644/1644/1644
f 1587/1587/1587 1645/1645/1645 1644/1644/1644
f 1644/1644/1644 1588/1588/1588 1587/1587/1587
f 1648/1648/1648 1647/1647/1647 1584/1584/1584
f 1589/1589/1589 1643/1643/1643 1642/1642/1642
f 1588/1588/1588 1643/1643/1643 1589/1589/1589
f 1590/1590/1590 1589/1589/1589 1642/1642/1642
f 1591/1591/1591 1590/1590/1590 1641/1641/1641
f 1590/1590/1590 1642/1642/1642 1641/1641/1641
f 1640/1640/1640 1639/1639/1639 1592/1592/1592
f 1639/1639/1639 1638/1638/1638 1593/1593/1593
f 1640/1640/1640 1591/1591/1591 1641/1641/1641
f 1591/1591/1591 1640/1640/1640 1592/1592/1592
f 1619/1619/1619 1649/1649/1649 1648/1648/1648 1584/1584/1584
f 1645/1645/1645 1648/1648/1648 1649/1649/1649 1646/1646/1646
f 1619/1619/1619 1651/1651/1651 1650/1650/1650
f 1646/1646/1646 1650/1650/1650 1651/1651/1651
f 1650/1650/1650 1646/1646/1646 1649/1649/1649
f 1619/1619/1619 1650/1650/1650 1649/1649/1649
f 1618/1618/1618 1651/1651/1651 1619/1619/1619
f 1617/1617/1617 1616/1616/1616 1646/1646/1646
f 1646/1646/1646 1616/1616/1616 1620/1620/1620
f 1618/1618/1618 1617/1617/1617 1646/1646/1646
f 1618/1618/1618 1646/1646/1646 1651/1651/1651
f 1614/1614/1614 1622/1622/1622 1621/1621/1621
f 1612/1612/1612 1624/1624/1624 1623/1623/1623
f 1613/1613/1613 1623/1623/1623 1622/1622/1622
f 1616/1616/1616 1615/1615/1615 1620/1620/1620
f 1615/1615/1615 1621/1621/1621 1620/1620/1620
f 1621/1621/1621 1615/1615/1615 1614/1614/1614
f 1614/1614/1614 1613/1613/1613 1622/1622/1622
f 1613/1613/1613 1612/1612/1612 1623/1623/1623
f 1611/1611/1611 1624/1624/1624 1612/1612/1612
f 1638/1638/1638 1594/1594/1594 1593/1593/1593
f 1638/1638/1638 1637/1637/1637 1594/1594/1594
f 1594/1594/1594 1637/1637/1637 1595/1595/1595
f 1595/1595/1595 1637/1637/1637 1636/1636/1636
f 1635/1635/1635 1634/1634/1634 1652/1652/1652
f 1652/1652/1652 1634/1634/1634 1633/1633/1633
f 1596/1596/1596 1636/1636/1636 1635/1635/1635
f 1636/1636/1636 1596/1596/1596 1595/1595/1595
f 1597/1597/1597 1596/1596/1596 1652/1652/1652
f 1652/1652/1652 1598/1598/1598 1597/1597/1597
f 1598/1598/1598 1652/1652/1652 1599/1599/1599
f 1601/1601/1601 1600/1600/1600 1652/1652/1652
f 1599/1599/1599 1652/1652/1652 1600/1600/1600
f 1602/1602/1602 1652/1652/1652 1653/1653/1653
f 1602/1602/1602 1653/1653/1653 1603/1603/1603
f 1652/1652/1652 1602/1602/1602 1601/1601/1601
f 1635/1635/1635 1652/1652/1652 1596/1596/1596
f 1652/1652/1652 1633/1633/1633 1653/1653/1653
f 1628/1628/1628 1627/1627/1627 1654/1654/1654
f 1630/1630/1630 1629/1629/1629 1654/1654/1654
f 1629/1629/1629 1628/1628/1628 1654/1654/1654
f 1609/1609/1609 1625/1625/1625 1610/1610/1610
f 1611/1611/1611 1610/1610/1610 1625/1625/1625
f 1625/1625/1625 1609/1609/1609 1626/1626/1626
f 1626/1626/1626 1608/1608/1608 1627/1627/1627
f 1624/1624/1624 1611/1611/1611 1625/1625/1625
f 1653/1653/1653 1631/1631/1631 1630/1630/1630
f 1630/1630/1630 1654/1654/1654 1653/1653/1653
f 1633/1633/1633 1632/1632/1632 1653/1653/1653
f 1653/1653/1653 1605/1605/1605 1604/1604/1604
f 1653/1653/1653 1604/1604/1604 1603/1603/1603
f 1654/1654/1654 1605/1605/1605 1653/1653/1653
f 1609/1609/1609 1608/1608/1608 1626/1626/1626
f 1608/1608/1608 1654/1654/1654 1627/1627/1627
f 1608/1608/1608 1607/1607/1607 1654/1654/1654
f 1606/1606/1606 1654/1654/1654 1607/1607/1607
f 1606/1606/1606 1605/1605/1605 1654/1654/1654
f 1653/1653/1653 1632/1632/1632 1631/1631/1631
f 1593/1593/1593 1592/1592/1592 1639/1639/1639
g object_9
v 676.7599487304688 -18.32500076293945 -470.508056640625
v 678.9471435546875 -18.32500076293945 -470.508056640625
v 681.1343383789062 -18.32500076293945 -470.508056640625
v 676.7599487304688 -18.32500076293945 -464.508056640625
v 676.7599487304688 -18.32500076293945 -467.508056640625
v 681.1956176757812 -18.32500076293945 -464.508056640625
v 678.977783203125 -18.32500076293945 -464.508056640625
v 681.1956176757812 -18.32500076293945 -465.2228393554688
v 677.5523071289062 -18.32500076293945 -465.2228393554688
v 679.3739624023438 -18.32500076293945 -465.2228393554688
v 677.5523071289062 -18.32500076293945 -467.2568664550781
v 677.5523071289062 -18.32500076293945 -466.2398681640625
v 680.8648071289062 -18.32500076293945 -467.2568664550781
v 679.2085571289062 -18.32500076293945 -467.2568664550781
v 680.8648071289062 -18.32500076293945 -467.9512329101562
v 677.5523071289062 -18.32500076293945 -467.9512329101562
v 679.2085571289062 -18.32500076293945 -467.9512329101562
v 677.5523071289062 -18.32500076293945 -469.7728576660156
v 677.5523071289062 -18.32500076293945 -468.862060546875
v 681.1343383789062 -18.32500076293945 -469.7728576660156
v 679.3433227539062 -18.32500076293945 -469.7728576660156
v 681.1343383789062 -18.32500076293945 -470.508056640625
v 681.1343383789062 -17.32500076293945 -470.508056640625
v 676.7599487304688 -18.32500076293945 -470.508056640625
v 676.7599487304688 -17.32500076293945 -470.508056640625
v 678.9471435546875 -18.32500076293945 -470.508056640625
v 678.9471435546875 -17.32500076293945 -470.508056640625
v 681.1343383789062 -17.82500076293945 -470.508056640625
v 681.1343383789062 -18.32500076293945 -469.7728576660156
v 681.1343383789062 -17.32500076293945 -469.7728576660156
v 681.1343383789062 -18.32500076293945 -470.508056640625
v 681.1343383789062 -17.32500076293945 -470.508056640625
v 681.1343383789062 -17.82500076293945 -470.508056640625
v 681.1343383789062 -17.82500076293945 -469.7728576660156
v 677.5523071289062 -18.32500076293945 -469.7728576660156
v 677.5523071289062 -17.32500076293945 -469.7728576660156
v 681.1343383789062 -18.32500076293945 -469.7728576660156
v 681.1343383789062 -17.32500076293945 -469.7728576660156
v 679.3433227539062 -18.32500076293945 -469.7728576660156
v 681.1343383789062 -17.82500076293945 -469.7728576660156
v 679.3433227539062 -17.32500076293945 -469.7728576660156
v 677.5523071289062 -18.32500076293945 -467.9512329101562
v 677.5523071289062 -17.32500076293945 -467.9512329101562
v 677.5523071289062 -18.32500076293945 -469.7728576660156
v 677.5523071289062 -17.32500076293945 -469.7728576660156
v 677.5523071289062 -18.32500076293945 -468.862060546875
v 677.5523071289062 -17.32500076293945 -468.862060546875
v 680.8648071289062 -18.32500076293945 -467.9512329101562
v 680.8648071289062 -17.32500076293945 -467.9512329101562
v 677.5523071289062 -18.32500076293945 -467.9512329101562
v 677.5523071289062 -17.32500076293945 -467.9512329101562
v 679.2085571289062 -18.32500076293945 -467.9512329101562
v 679.2085571289062 -17.32500076293945 -467.9512329101562
v 680.8648071289062 -17.82500076293945 -467.9512329101562
v 680.8648071289062 -18.32500076293945 -467.2568664550781
v 680.8648071289062 -17.32500076293945 -467.2568664550781
v 680.8648071289062 -18.32500076293945 -467.9512329101562
v 680.8648071289062 -17.32500076293945 -467.9512329101562
v 680.8648071289062 -17.82500076293945 -467.9512329101562
v 680.8648071289062 -17.82500076293945 -467.2568664550781
v 677.5523071289062 -18.32500076293945 -467.2568664550781
v 677.5523071289062 -17.32500076293945 -467.2568664550781
v 680.8648071289062 -18.32500076293945 -467.2568664550781
v 680.8648071289062 -17.32500076293945 -467.2568664550781
v 679.2085571289062 -18.32500076293945 -467.2568664550781
v 680.8648071289062 -17.82500076293945 -467.2568664550781
v 679.2085571289062 -17.32500076293945 -467.2568664550781
v 677.5523071289062 -18.32500076293945 -465.2228393554688
v 677.5523071289062 -17.32500076293945 -465.2228393554688
v 677.5523071289062 -18.32500076293945 -467.2568664550781
v 677.5523071289062 -17.32500076293945 -467.2568664550781
v 677.5523071289062 -18.32500076293945 -466.2398681640625
v 677.5523071289062 -17.32500076293945 -466.2398681640625
v 681.1956176757812 -18.32500076293945 -465.2228393554688
v 681.1956176757812 -17.32500076293945 -465.2228393554688
v 677.5523071289062 -18.32500076293945 -465.2228393554688
v 677.5523071289062 -17.32500076293945 -465.2228393554688
v 679.3739624023438 -18.32500076293945 -465.2228393554688
v 679.3739624023438 -17.32500076293945 -465.2228393554688
v 681.1956176757812 -17.82500076293945 -465.2228393554688
v 681.1956176757812 -18.32500076293945 -464.508056640625
v 681.1956176757812 -17.32500076293945 -464.508056640625
v 681.1956176757812 -18.32500076293945 -465.2228393554688
v 681.1956176757812 -17.32500076293945 -465.2228393554688
v 681.1956176757812 -17.82500076293945 -465.2228393554688
v 681.1956176757812 -17.82500076293945 -464.508056640625
v 676.7599487304688 -18.32500076293945 -464.508056640625
v 676.7599487304688 -17.32500076293945 -464.508056640625
v 681.1956176757812 -18.32500076293945 -464.508056640625
v 681.1956176757812 -17.32500076293945 -464.508056640625
v 678.977783203125 -18.32500076293945 -464.508056640625
v 681.1956176757812 -17.82500076293945 -464.508056640625
v 678.977783203125 -17.32500076293945 -464.508056640625
v 676.7599487304688 -18.32500076293945 -470.508056640625
v 676.7599487304688 -17.32500076293945 -470.508056640625
v 676.7599487304688 -18.32500076293945 -464.508056640625
v 676.7599487304688 -17.32500076293945 -464.508056640625
v 676.7599487304688 -18.32500076293945 -467.508056640625
v 676.7599487304688 -17.32500076293945 -467.508056640625
v 676.7599487304688 -17.32500076293945 -470.508056640625
v 678.9471435546875 -17.32500076293945 -470.508056640625
v 681.1343383789062 -17.32500076293945 -470.508056640625
v 681.1343383789062 -17.32500076293945 -469.7728576660156
v 679.3433227539062 -17.32500076293945 -469.7728576660156
v 677.5523071289062 -17.32500076293945 -469.7728576660156
v 677.5523071289062 -17.32500076293945 -468.862060546875
v 677.5523071289062 -17.32500076293945 -467.9512329101562
v 679.2085571289062 -17.32500076293945 -467.9512329101562
v 680.8648071289062 -17.32500076293945 -467.9512329101562
v 680.8648071289062 -17.32500076293945 -467.2568664550781
v 679.2085571289062 -17.32500076293945 -467.2568664550781
v 677.5523071289062 -17.32500076293945 -467.2568664550781
v 677.5523071289062 -17.32500076293945 -466.2398681640625
v 677.5523071289062 -17.32500076293945 -465.2228393554688
v 679.3739624023438 -17.32500076293945 -465.2228393554688
v 681.1956176757812 -17.32500076293945 -465.2228393554688
v 681.1956176757812 -17.32500076293945 -464.508056640625
v 678.977783203125 -17.32500076293945 -464.508056640625
v 676.7599487304688 -17.32500076293945 -464.508056640625
v 676.7599487304688 -17.32500076293945 -467.508056640625
vt 0.6566561460494995 0.004598135594278574
vt 0.8235654830932617 0.004598135594278574
vt 0.9904748797416687 0.004598135594278574
vt 0.6566561460494995 0.4644116461277008
vt 0.6566561460494995 0.2345048934221268
vt 0.9951502084732056 0.4644116461277008
vt 0.8259031772613525 0.4644116461277008
vt 0.9951502084732056 0.4096346795558929
vt 0.7171237468719482 0.4096346795558929
vt 0.8561369776725769 0.4096346795558929
vt 0.7171237468719482 0.2537550926208496
vt 0.7171237468719482 0.3316948711872101
vt 0.9699034094810486 0.2537550926208496
vt 0.8435136079788208 0.2537550926208496
vt 0.9699034094810486 0.2005431801080704
vt 0.7171237468719482 0.2005431801080704
vt 0.8435136079788208 0.2005431801080704
vt 0.7171237468719482 0.06094015762209892
vt 0.7171237468719482 0.1307416707277298
vt 0.9904748797416687 0.06094015762209892
vt 0.8537993431091309 0.06094015762209892
vt 0.3050775229930878 0.4071232974529266
vt 0.2299067676067352 0.4071232974529266
vt 0.3050775229930878 0.7423583269119263
vt 0.2299067676067352 0.7423583269119263
vt 0.3050775229930878 0.5747408270835876
vt 0.2299067676067352 0.5747408270835876
vt 0.2674921452999115 0.4071232974529266
vt 0.07663559168577194 0.2460807263851166
vt 0 0.2460807263851166
vt 0.07663559168577194 0.3024227619171143
vt 0 0.3024227619171143
vt 0.03831779584288597 0.3024227619171143
vt 0.03831779584288597 0.2460807263851166
vt 0.1518063396215439 0.4071232974529266
vt 0.07663559168577194 0.4071232974529266
vt 0.1518063396215439 0.6816341876983643
vt 0.07663559168577194 0.6816341876983643
vt 0.1518063396215439 0.5443787574768066
vt 0.1142209619283676 0.6816341876983643
vt 0.07663559168577194 0.5443787574768066
vt 0 0.3143137395381927
vt 0 0.3909493386745453
vt 0.1396030187606812 0.3143137395381927
vt 0.1396030187606812 0.3909493386745453
vt 0.06980150938034058 0.3143137395381927
vt 0.06980150938034058 0.3909493386745453
vt 0.07517074793577194 0.4071232974529266
vt 0 0.4071232974529266
vt 0.07517074793577194 0.660975456237793
vt 0 0.660975456237793
vt 0.07517074793577194 0.534049391746521
vt 0 0.534049391746521
vt 0.03758537396788597 0.4071232974529266
vt 0 0.1532711833715439
vt 0 0.2299067676067352
vt 0.05321191251277924 0.1532711833715439
vt 0.05321191251277924 0.2299067676067352
vt 0.05321191251277924 0.191588968038559
vt 0 0.191588968038559
vt 0.558967113494873 0.1532711833715439
vt 0.4823314845561981 0.1532711833715439
vt 0.558967113494873 0.4056584537029266
vt 0.4823314845561981 0.4056584537029266
vt 0.558967113494873 0.2794648110866547
vt 0.5206493139266968 0.4056584537029266
vt 0.4823314845561981 0.2794648110866547
vt 0.3880273997783661 0.1532711833715439
vt 0.3113918304443359 0.1532711833715439
vt 0.3880273997783661 0.3091507852077484
vt 0.3113918304443359 0.3091507852077484
vt 0.3880273997783661 0.2312109768390656
vt 0.3113918304443359 0.2312109768390656
vt 0.2284419238567352 0.4071232974529266
vt 0.1532711833715439 0.4071232974529266
vt 0.2284419238567352 0.6863293647766113
vt 0.1532711833715439 0.6863293647766113
vt 0.2284419238567352 0.5467263460159302
vt 0.1532711833715439 0.5467263460159302
vt 0.190856546163559 0.4071232974529266
vt 0.1534394472837448 0.1532711833715439
vt 0.1534394472837448 0.2299067676067352
vt 0.2082164138555527 0.1532711833715439
vt 0.2082164138555527 0.2299067676067352
vt 0.2082164138555527 0.191588968038559
vt 0.1534394472837448 0.191588968038559
vt 0 0
vt 0 0.07517074793577194
vt 0.3399302065372467 0
vt 0.3399302065372467 0.07517074793577194
vt 0.1699651032686234 0
vt 0.3399302065372467 0.03758537396788597
vt 0.1699651032686234 0.07517074793577194
vt 0 0.07663559168577194
vt 0 0.1518063396215439
vt 0.4598135352134705 0.07663559168577194
vt 0.4598135352134705 0.1518063396215439
vt 0.2299067676067352 0.07663559168577194
vt 0.2299067676067352 0.1518063396215439
vt 0.3099272847175598 0.4117070734500885
vt 0.4768366813659668 0.4117070734500885
vt 0.6437460780143738 0.4117070734500885
vt 0.6437460780143738 0.4678731262683868
vt 0.5070704817771912 0.4678731262683868
vt 0.3703949451446533 0.4678731262683868
vt 0.3703949451446533 0.5374566316604614
vt 0.3703949451446533 0.6070401072502136
vt 0.4967847466468811 0.6070401072502136
vt 0.6231746077537537 0.6070401072502136
vt 0.6231746077537537 0.6600858569145203
vt 0.4967847466468811 0.6600858569145203
vt 0.3703949451446533 0.6600858569145203
vt 0.3703949451446533 0.7377821803092957
vt 0.3703949451446533 0.8154785633087158
vt 0.509408175945282 0.8154785633087158
vt 0.6484214067459106 0.8154785633087158
vt 0.6484214067459106 0.8700844645500183
vt 0.4791743457317352 0.8700844645500183
vt 0.3099272847175598 0.8700844645500183
vt 0.3099272847175598 0.6408957839012146
vn 0 -1 0
vn 0 -1 0
vn 0 -1 0
vn 0 -1 0
vn 0 -1 0
vn 0 -1 0
vn 0 -1 0
vn 0 -1 0
vn 0 -1 0
vn 0 -1 0
vn 0 -1 0
vn 0 -1 0
vn 0 -1 0
vn 0 -1 0
vn 0 -1 0
vn 0 -1 0
vn 0 -1 0
vn 0 -1 0
vn 0 -1 0
vn 0 -1 0
vn 0 -1 0
vn 0 0 -1
vn 0 0 -1
vn 0 0 -1
vn 0 0 -1
vn 0 0 -1
vn 0 0 -1
vn 0 0 -1
vn 1 0 0
vn 1 0 0
vn 1 0 0
vn 1 0 0
vn 1 0 0
vn 1 0 0
vn 0 0 1
vn 0 0 1
vn 0 0 1
vn 0 0 1
vn 0 0 1
vn 0 0 1
vn 0 0 1
vn 1 0 0
vn 1 0 0
vn 1 0 0
vn 1 0 0
vn 1 0 0
vn 1 0 0
vn 0 0 -1
vn 0 0 -1
vn 0 0 -1
vn 0 0 -1
vn 0 0 -1
vn 0 0 -1
vn 0 0 -1
vn 1 0 0
vn 1 0 0
vn 1 0 0
vn 1 0 0
vn 1 0 0
vn 1 0 0
vn 0 0 1
vn 0 0 1
vn 0 0 1
vn 0 0 1
vn 0 0 1
vn 0 0 1
vn 0 0 1
vn 1 0 0
vn 1 0 0
vn 1 0 0
vn 1 0 0
vn 1 0 0
vn 1 0 0
vn 0 0 -1
vn 0 0 -1
vn 0 0 -1
vn 0 0 -1
vn 0 0 -1
vn 0 0 -1
vn 0 0 -1
vn 1 0 0
vn 1 0 0
vn 1 0 0
vn 1 0 0
vn 1 0 0
vn 1 0 0
vn 0 0 1
vn 0 0 1
vn 0 0 1
vn 0 0 1
vn 0 0 1
vn 0 0 1
vn 0 0 1
vn -1 0 0
vn -1 0 0
vn -1 0 0
vn -1 0 0
vn -1 0 0
vn -1 0 0
vn 0 1 0
vn 0 1 0
vn 0 1 0
vn 0 1 0
vn 0 1 0
vn 0 1 0
vn 0 1 0
vn 0 1 0
vn 0 1 0
vn 0 1 0
vn 0 1 0
vn 0 1 0
vn 0 1 0
vn 0 1 0
vn 0 1 0
vn 0 1 0
vn 0 1 0
vn 0 1 0
vn 0 1 0
vn 0 1 0
vn 0 1 0
f 1673/1673/1673 1655/1655/1655 1672/1672/1672
f 1655/1655/1655 1656/1656/1656 1675/1675/1675 1672/1672/1672
f 1665/1665/1665 1670/1670/1670 1671/1671/1671 1668/1668/1668
f 1659/1659/1659 1655/1655/1655 1673/1673/1673
f 1670/1670/1670 1659/1659/1659 1673/1673/1673
f 1658/1658/1658 1659/1659/1659 1666/1666/1666 1663/1663/1663
f 1659/1659/1659 1665/1665/1665 1666/1666/1666
f 1665/1665/1665 1659/1659/1659 1670/1670/1670
f 1661/1661/1661 1658/1658/1658 1663/1663/1663 1664/1664/1664
f 1674/1674/1674 1675/1675/1675 1656/1656/1656 1657/1657/1657
f 1669/1669/1669 1667/1667/1667 1668/1668/1668 1671/1671/1671
f 1660/1660/1660 1661/1661/1661 1664/1664/1664 1662/1662/1662
f 1680/1680/1680 1682/1682/1682 1676/1676/1676
f 1681/1681/1681 1677/1677/1677 1682/1682/1682
f 1678/1678/1678 1679/1679/1679 1681/1681/1681 1680/1680/1680
f 1682/1682/1682 1680/1680/1680 1681/1681/1681
f 1688/1688/1688 1683/1683/1683 1685/1685/1685 1687/1687/1687
f 1684/1684/1684 1688/1688/1688 1687/1687/1687 1686/1686/1686
f 1690/1690/1690 1689/1689/1689 1693/1693/1693 1695/1695/1695
f 1693/1693/1693 1694/1694/1694 1695/1695/1695
f 1694/1694/1694 1692/1692/1692 1695/1695/1695
f 1691/1691/1691 1694/1694/1694 1693/1693/1693
f 1697/1697/1697 1696/1696/1696 1700/1700/1700 1701/1701/1701
f 1698/1698/1698 1699/1699/1699 1701/1701/1701 1700/1700/1700
f 1706/1706/1706 1708/1708/1708 1702/1702/1702
f 1707/1707/1707 1703/1703/1703 1708/1708/1708
f 1704/1704/1704 1705/1705/1705 1707/1707/1707 1706/1706/1706
f 1708/1708/1708 1706/1706/1706 1707/1707/1707
f 1714/1714/1714 1709/1709/1709 1711/1711/1711 1713/1713/1713
f 1710/1710/1710 1714/1714/1714 1713/1713/1713 1712/1712/1712
f 1716/1716/1716 1715/1715/1715 1719/1719/1719 1721/1721/1721
f 1719/1719/1719 1720/1720/1720 1721/1721/1721
f 1720/1720/1720 1718/1718/1718 1721/1721/1721
f 1717/1717/1717 1720/1720/1720 1719/1719/1719
f 1723/1723/1723 1722/1722/1722 1726/1726/1726 1727/1727/1727
f 1724/1724/1724 1725/1725/1725 1727/1727/1727 1726/1726/1726
f 1732/1732/1732 1734/1734/1734 1728/1728/1728
f 1733/1733/1733 1729/1729/1729 1734/1734/1734
f 1730/1730/1730 1731/1731/1731 1733/1733/1733 1732/1732/1732
f 1734/1734/1734 1732/1732/1732 1733/1733/1733
f 1740/1740/1740 1735/1735/1735 1737/1737/1737 1739/1739/1739
f 1736/1736/1736 1740/1740/1740 1739/1739/1739 1738/1738/1738
f 1742/1742/1742 1741/1741/1741 1745/1745/1745 1747/1747/1747
f 1745/1745/1745 1746/1746/1746 1747/1747/1747
f 1746/1746/1746 1744/1744/1744 1747/1747/1747
f 1743/1743/1743 1746/1746/1746 1745/1745/1745
f 1749/1749/1749 1748/1748/1748 1752/1752/1752 1753/1753/1753
f 1750/1750/1750 1751/1751/1751 1753/1753/1753 1752/1752/1752
f 1760/1760/1760 1759/1759/1759 1754/1754/1754
f 1754/1754/1754 1759/1759/1759 1758/1758/1758 1755/1755/1755
f 1766/1766/1766 1765/1765/1765 1762/1762/1762 1761/1761/1761
f 1774/1774/1774 1760/1760/1760 1754/1754/1754
f 1761/1761/1761 1760/1760/1760 1774/1774/1774
f 1773/1773/1773 1768/1768/1768 1767/1767/1767 1774/1774/1774
f 1774/1774/1774 1767/1767/1767 1766/1766/1766
f 1766/1766/1766 1761/1761/1761 1774/1774/1774
f 1772/1772/1772 1769/1769/1769 1768/1768/1768 1773/1773/1773
f 1757/1757/1757 1756/1756/1756 1755/1755/1755 1758/1758/1758
f 1763/1763/1763 1762/1762/1762 1765/1765/1765 1764/1764/1764
f 1771/1771/1771 1770/1770/1770 1769/1769/1769 1772/1772/1772
g object_10
v 682.2984008789062 -18.32500076293945 -470.508056640625
v 682.9059448242188 -18.32500076293945 -470.508056640625
v 683.5135498046875 -18.32500076293945 -470.508056640625
v 684.12109375 -18.32500076293945 -470.508056640625
v 684.7286376953125 -18.32500076293945 -470.508056640625
v 685.0293579101562 -18.32500076293945 -470.4943542480469
v 685.3126831054688 -18.32500076293945 -470.4531860351562
v 685.5787353515625 -18.32500076293945 -470.3845825195312
v 685.8273315429688 -18.32500076293945 -470.2885131835938
v 686.0586547851562 -18.32500076293945 -470.1650390625
v 686.2725219726562 -18.32500076293945 -470.0140991210938
v 686.4691162109375 -18.32500076293945 -469.8357238769531
v 686.6483154296875 -18.32500076293945 -469.6299133300781
v 686.7909545898438 -18.32500076293945 -469.4248657226562
v 686.91455078125 -18.32500076293945 -469.2059020996094
v 687.0191650390625 -18.32500076293945 -468.9730224609375
v 687.104736328125 -18.32500076293945 -468.7262268066406
v 687.1713256835938 -18.32500076293945 -468.4655456542969
v 687.2188720703125 -18.32500076293945 -468.19091796875
v 687.2568969726562 -18.32500076293945 -467.5999755859375
v 687.2344360351562 -18.32500076293945 -467.1335754394531
v 687.1670532226562 -18.32500076293945 -466.6901550292969
v 687.0546875 -18.32500076293945 -466.2697143554688
v 686.8974609375 -18.32500076293945 -465.8722534179688
v 686.7249755859375 -18.32500076293945 -465.5525207519531
v 686.5239868164062 -18.32500076293945 -465.2754211425781
v 686.2945556640625 -18.32500076293945 -465.0409545898438
v 686.0366821289062 -18.32500076293945 -464.84912109375
v 685.7503051757812 -18.32500076293945 -464.6998901367188
v 685.4354858398438 -18.32500076293945 -464.5933227539062
v 685.0922241210938 -18.32500076293945 -464.5293884277344
v 684.720458984375 -18.32500076293945 -464.508056640625
v 684.1149291992188 -18.32500076293945 -464.508056640625
v 683.5094604492188 -18.32500076293945 -464.508056640625
v 682.9039306640625 -18.32500076293945 -464.508056640625
v 682.2984008789062 -18.32500076293945 -464.508056640625
v 683.1152954101562 -18.32500076293945 -465.2024230957031
v 684.5652465820312 -18.32500076293945 -465.2024230957031
v 684.8815307617188 -18.32500076293945 -465.2171020507812
v 685.1914672851562 -18.32500076293945 -465.2726440429688
v 685.4810180664062 -18.32500076293945 -465.3925476074219
v 685.737060546875 -18.32500076293945 -465.5735778808594
v 685.9513549804688 -18.32500076293945 -465.8054504394531
v 686.1141967773438 -18.32500076293945 -466.061767578125
v 686.2401123046875 -18.32500076293945 -466.3525695800781
v 686.3309326171875 -18.32500076293945 -466.6636047363281
v 686.390869140625 -18.32500076293945 -466.9817504882812
v 686.421875 -18.32500076293945 -467.2765808105469
v 686.425537109375 -18.32500076293945 -467.6163024902344
v 686.4052124023438 -18.32500076293945 -467.93896484375
v 686.3635864257812 -18.32500076293945 -468.2377014160156
v 686.2919921875 -18.32500076293945 -468.5427551269531
v 686.1849975585938 -18.32500076293945 -468.8387145996094
v 686.0361938476562 -18.32500076293945 -469.1170654296875
v 685.845458984375 -18.32500076293945 -469.3580017089844
v 685.6076049804688 -18.32500076293945 -469.5493774414062
v 685.32373046875 -18.32500076293945 -469.6883239746094
v 685.0115966796875 -18.32500076293945 -469.7717895507812
v 684.6942138671875 -18.32500076293945 -469.8065185546875
v 684.37744140625 -18.32500076293945 -469.8096313476562
v 684.0618896484375 -18.32500076293945 -469.8096313476562
v 683.7463989257812 -18.32500076293945 -469.8096313476562
v 683.4308471679688 -18.32500076293945 -469.8096313476562
v 683.1152954101562 -18.32500076293945 -469.8096313476562
v 682.9713745117188 -18.32500076293945 -469.6937866210938
v 682.9713745117188 -18.32500076293945 -467.9452209472656
v 682.9713745117188 -18.32500076293945 -467.0709228515625
v 682.9713745117188 -18.32500076293945 -466.1966247558594
v 682.9713745117188 -18.32500076293945 -465.3223571777344
v 686.583984375 -18.32500076293945 -468.8194885253906
v 686.583984375 -18.32500076293945 -467.0709228515625
v 686.583984375 -18.32500076293945 -466.1966247558594
v 682.2984008789062 -18.32500076293945 -464.508056640625
v 682.2984008789062 -17.32500076293945 -464.508056640625
v 684.720458984375 -18.32500076293945 -464.508056640625
v 685.7503051757812 -18.32500076293945 -464.6998901367188
v 685.7503051757812 -17.32500076293945 -464.6998901367188
v 686.0366821289062 -18.32500076293945 -464.84912109375
v 686.7249755859375 -17.32500076293945 -465.5525207519531
v 686.8974609375 -18.32500076293945 -465.8722534179688
v 687.2568969726562 -18.32500076293945 -467.5999755859375
v 687.2568969726562 -17.32500076293945 -467.5999755859375
v 685.0293579101562 -18.32500076293945 -470.4943542480469
v 682.2984008789062 -18.32500076293945 -470.508056640625
v 682.2984008789062 -17.32500076293945 -470.508056640625
v 682.9039306640625 -18.32500076293945 -464.508056640625
v 683.5094604492188 -18.32500076293945 -464.508056640625
v 684.1149291992188 -18.32500076293945 -464.508056640625
v 685.0922241210938 -18.32500076293945 -464.5293884277344
v 685.4354858398438 -18.32500076293945 -464.5933227539062
v 686.2945556640625 -18.32500076293945 -465.0409545898438
v 686.5239868164062 -18.32500076293945 -465.2754211425781
v 686.7249755859375 -18.32500076293945 -465.5525207519531
v 687.0546875 -18.32500076293945 -466.2697143554688
v 687.1670532226562 -18.32500076293945 -466.6901550292969
v 687.2344360351562 -18.32500076293945 -467.1335754394531
v 687.2188720703125 -18.32500076293945 -468.19091796875
v 687.1713256835938 -18.32500076293945 -468.4655456542969
v 687.104736328125 -18.32500076293945 -468.7262268066406
v 687.0191650390625 -18.32500076293945 -468.9730224609375
v 686.91455078125 -18.32500076293945 -469.2059020996094
v 686.7909545898438 -18.32500076293945 -469.4248657226562
v 686.6483154296875 -18.32500076293945 -469.6299133300781
v 686.4691162109375 -18.32500076293945 -469.8357238769531
v 686.2725219726562 -18.32500076293945 -470.0140991210938
v 686.0586547851562 -18.32500076293945 -470.1650390625
v 685.8273315429688 -18.32500076293945 -470.2885131835938
v 685.5787353515625 -18.32500076293945 -470.3845825195312
v 685.3126831054688 -18.32500076293945 -470.4531860351562
v 684.7286376953125 -18.32500076293945 -470.508056640625
v 684.12109375 -18.32500076293945 -470.508056640625
v 683.5135498046875 -18.32500076293945 -470.508056640625
v 682.9059448242188 -18.32500076293945 -470.508056640625
v 682.2984008789062 -17.82500076293945 -470.508056640625
v 682.9059448242188 -17.32500076293945 -470.508056640625
v 683.5135498046875 -17.32500076293945 -470.508056640625
v 684.12109375 -17.32500076293945 -470.508056640625
v 684.7286376953125 -17.32500076293945 -470.508056640625
v 685.0293579101562 -17.32500076293945 -470.4943542480469
v 685.3126831054688 -17.32500076293945 -470.4531860351562
v 685.5787353515625 -17.32500076293945 -470.3845825195312
v 685.8273315429688 -17.32500076293945 -470.2885131835938
v 686.0586547851562 -17.32500076293945 -470.1650390625
v 686.2725219726562 -17.32500076293945 -470.0140991210938
v 686.4691162109375 -17.32500076293945 -469.8357238769531
v 686.6483154296875 -17.32500076293945 -469.6299133300781
v 686.7909545898438 -17.32500076293945 -469.4248657226562
v 686.91455078125 -17.32500076293945 -469.2059020996094
v 687.0191650390625 -17.32500076293945 -468.9730224609375
v 687.104736328125 -17.32500076293945 -468.7262268066406
v 687.1713256835938 -17.32500076293945 -468.4655456542969
v 687.2188720703125 -17.32500076293945 -468.19091796875
v 687.2344360351562 -17.32500076293945 -467.1335754394531
v 687.1670532226562 -17.32500076293945 -466.6901550292969
v 687.0546875 -17.32500076293945 -466.2697143554688
v 686.8974609375 -17.32500076293945 -465.8722534179688
v 686.5239868164062 -17.32500076293945 -465.2754211425781
v 686.2945556640625 -17.32500076293945 -465.0409545898438
v 686.0366821289062 -17.32500076293945 -464.84912109375
v 685.4354858398438 -17.32500076293945 -464.5933227539062
v 685.0922241210938 -17.32500076293945 -464.5293884277344
v 684.720458984375 -17.32500076293945 -464.508056640625
v 684.1149291992188 -17.32500076293945 -464.508056640625
v 683.5094604492188 -17.32500076293945 -464.508056640625
v 682.9039306640625 -17.32500076293945 -464.508056640625
v 682.2984008789062 -17.82500076293945 -464.508056640625
v 682.2984008789062 -18.32500076293945 -470.508056640625
v 682.2984008789062 -17.32500076293945 -470.508056640625
v 682.2984008789062 -18.32500076293945 -464.508056640625
v 682.2984008789062 -17.32500076293945 -464.508056640625
v 682.2984008789062 -17.82500076293945 -470.508056640625
v 682.2984008789062 -17.82500076293945 -464.508056640625
v 683.1152954101562 -18.32500076293945 -469.8096313476562
v 683.1152954101562 -17.32500076293945 -469.8096313476562
v 683.4308471679688 -18.32500076293945 -469.8096313476562
v 683.4308471679688 -17.32500076293945 -469.8096313476562
v 683.7463989257812 -18.32500076293945 -469.8096313476562
v 683.7463989257812 -17.32500076293945 -469.8096313476562
v 684.0618896484375 -18.32500076293945 -469.8096313476562
v 684.0618896484375 -17.32500076293945 -469.8096313476562
v 684.37744140625 -18.32500076293945 -469.8096313476562
v 684.37744140625 -17.32500076293945 -469.8096313476562
v 684.6942138671875 -18.32500076293945 -469.8065185546875
v 684.6942138671875 -17.32500076293945 -469.8065185546875
v 685.0115966796875 -18.32500076293945 -469.7717895507812
v 685.0115966796875 -17.32500076293945 -469.7717895507812
v 685.32373046875 -18.32500076293945 -469.6883239746094
v 685.32373046875 -17.32500076293945 -469.6883239746094
v 685.6076049804688 -18.32500076293945 -469.5493774414062
v 685.6076049804688 -17.32500076293945 -469.5493774414062
v 685.845458984375 -18.32500076293945 -469.3580017089844
v 685.845458984375 -17.32500076293945 -469.3580017089844
v 686.0361938476562 -18.32500076293945 -469.1170654296875
v 686.0361938476562 -17.32500076293945 -469.1170654296875
v 686.1849975585938 -18.32500076293945 -468.8387145996094
v 686.1849975585938 -17.32500076293945 -468.8387145996094
v 686.2919921875 -18.32500076293945 -468.5427551269531
v 686.2919921875 -17.32500076293945 -468.5427551269531
v 686.3635864257812 -18.32500076293945 -468.2377014160156
v 686.3635864257812 -17.32500076293945 -468.2377014160156
v 686.4052124023438 -18.32500076293945 -467.93896484375
v 686.4052124023438 -17.32500076293945 -467.93896484375
v 686.425537109375 -18.32500076293945 -467.6163024902344
v 686.425537109375 -17.32500076293945 -467.6163024902344
v 686.421875 -18.32500076293945 -467.2765808105469
v 686.421875 -17.32500076293945 -467.2765808105469
v 686.390869140625 -18.32500076293945 -466.9817504882812
v 686.390869140625 -17.32500076293945 -466.9817504882812
v 686.3309326171875 -18.32500076293945 -466.6636047363281
v 686.3309326171875 -17.32500076293945 -466.6636047363281
v 686.2401123046875 -18.32500076293945 -466.3525695800781
v 686.2401123046875 -17.32500076293945 -466.3525695800781
v 686.1141967773438 -18.32500076293945 -466.061767578125
v 686.1141967773438 -17.32500076293945 -466.061767578125
v 685.9513549804688 -18.32500076293945 -465.8054504394531
v 685.9513549804688 -17.32500076293945 -465.8054504394531
v 685.737060546875 -18.32500076293945 -465.5735778808594
v 685.737060546875 -17.32500076293945 -465.5735778808594
v 685.4810180664062 -18.32500076293945 -465.3925476074219
v 685.4810180664062 -17.32500076293945 -465.3925476074219
v 685.1914672851562 -18.32500076293945 -465.2726440429688
v 685.1914672851562 -17.32500076293945 -465.2726440429688
v 684.8815307617188 -18.32500076293945 -465.2171020507812
v 684.8815307617188 -17.32500076293945 -465.2171020507812
v 684.5652465820312 -18.32500076293945 -465.2024230957031
v 684.5652465820312 -17.32500076293945 -465.2024230957031
v 684.5652465820312 -17.82500076293945 -465.2024230957031
v 683.1152954101562 -17.82500076293945 -469.8096313476562
v 683.1152954101562 -18.32500076293945 -465.2024230957031
v 683.1152954101562 -17.32500076293945 -465.2024230957031
v 683.1152954101562 -18.32500076293945 -469.8096313476562
v 683.1152954101562 -17.32500076293945 -469.8096313476562
v 683.1152954101562 -17.82500076293945 -469.8096313476562
v 684.5652465820312 -18.32500076293945 -465.2024230957031
v 684.5652465820312 -17.32500076293945 -465.2024230957031
v 683.1152954101562 -18.32500076293945 -465.2024230957031
v 683.1152954101562 -17.32500076293945 -465.2024230957031
v 684.5652465820312 -17.82500076293945 -465.2024230957031
v 682.2984008789062 -17.32500076293945 -470.508056640625
v 682.9059448242188 -17.32500076293945 -470.508056640625
v 683.5135498046875 -17.32500076293945 -470.508056640625
v 684.12109375 -17.32500076293945 -470.508056640625
v 684.7286376953125 -17.32500076293945 -470.508056640625
v 685.0293579101562 -17.32500076293945 -470.4943542480469
v 685.3126831054688 -17.32500076293945 -470.4531860351562
v 685.5787353515625 -17.32500076293945 -470.3845825195312
v 685.8273315429688 -17.32500076293945 -470.2885131835938
v 686.0586547851562 -17.32500076293945 -470.1650390625
v 686.2725219726562 -17.32500076293945 -470.0140991210938
v 686.4691162109375 -17.32500076293945 -469.8357238769531
v 686.6483154296875 -17.32500076293945 -469.6299133300781
v 686.7909545898438 -17.32500076293945 -469.4248657226562
v 686.91455078125 -17.32500076293945 -469.2059020996094
v 687.0191650390625 -17.32500076293945 -468.9730224609375
v 687.104736328125 -17.32500076293945 -468.7262268066406
v 687.1713256835938 -17.32500076293945 -468.4655456542969
v 687.2188720703125 -17.32500076293945 -468.19091796875
v 687.2568969726562 -17.32500076293945 -467.5999755859375
v 687.2344360351562 -17.32500076293945 -467.1335754394531
v 687.1670532226562 -17.32500076293945 -466.6901550292969
v 687.0546875 -17.32500076293945 -466.2697143554688
v 686.8974609375 -17.32500076293945 -465.8722534179688
v 686.7249755859375 -17.32500076293945 -465.5525207519531
v 686.5239868164062 -17.32500076293945 -465.2754211425781
v 686.2945556640625 -17.32500076293945 -465.0409545898438
v 686.0366821289062 -17.32500076293945 -464.84912109375
v 685.7503051757812 -17.32500076293945 -464.6998901367188
v 685.4354858398438 -17.32500076293945 -464.5933227539062
v 685.0922241210938 -17.32500076293945 -464.5293884277344
v 684.720458984375 -17.32500076293945 -464.508056640625
v 684.1149291992188 -17.32500076293945 -464.508056640625
v 683.5094604492188 -17.32500076293945 -464.508056640625
v 682.9039306640625 -17.32500076293945 -464.508056640625
v 682.2984008789062 -17.32500076293945 -464.508056640625
v 684.5652465820312 -17.32500076293945 -465.2024230957031
v 684.8815307617188 -17.32500076293945 -465.2171020507812
v 685.1914672851562 -17.32500076293945 -465.2726440429688
v 685.4810180664062 -17.32500076293945 -465.3925476074219
v 685.737060546875 -17.32500076293945 -465.5735778808594
v 685.9513549804688 -17.32500076293945 -465.8054504394531
v 686.1141967773438 -17.32500076293945 -466.061767578125
v 686.2401123046875 -17.32500076293945 -466.3525695800781
v 686.3309326171875 -17.32500076293945 -466.6636047363281
v 686.390869140625 -17.32500076293945 -466.9817504882812
v 686.421875 -17.32500076293945 -467.2765808105469
v 686.425537109375 -17.32500076293945 -467.6163024902344
v 686.4052124023438 -17.32500076293945 -467.93896484375
v 686.3635864257812 -17.32500076293945 -468.2377014160156
v 686.2919921875 -17.32500076293945 -468.5427551269531
v 686.1849975585938 -17.32500076293945 -468.8387145996094
v 686.0361938476562 -17.32500076293945 -469.1170654296875
v 685.845458984375 -17.32500076293945 -469.3580017089844
v 685.6076049804688 -17.32500076293945 -469.5493774414062
v 685.32373046875 -17.32500076293945 -469.6883239746094
v 685.0115966796875 -17.32500076293945 -469.7717895507812
v 684.6942138671875 -17.32500076293945 -469.8065185546875
v 684.37744140625 -17.32500076293945 -469.8096313476562
v 684.0618896484375 -17.32500076293945 -469.8096313476562
v 683.7463989257812 -17.32500076293945 -469.8096313476562
v 683.4308471679688 -17.32500076293945 -469.8096313476562
v 683.1152954101562 -17.32500076293945 -469.8096313476562
v 683.1152954101562 -17.32500076293945 -465.2024230957031
v 682.9713745117188 -17.32500076293945 -469.6937866210938
v 682.9713745117188 -17.32500076293945 -467.9452209472656
v 682.9713745117188 -17.32500076293945 -467.0709228515625
v 682.9713745117188 -17.32500076293945 -466.1966247558594
v 682.9713745117188 -17.32500076293945 -465.3223571777344
v 686.583984375 -17.32500076293945 -468.8194885253906
v 686.583984375 -17.32500076293945 -467.0709228515625
v 686.583984375 -17.32500076293945 -466.1966247558594
vt 0.3724819421768188 0.2506815195083618
vt 0.4166181683540344 0.2506815195083618
vt 0.4607543647289276 0.2506815195083618
vt 0.5048905611038208 0.2506815195083618
vt 0.5490267872810364 0.2506815195083618
vt 0.57087242603302 0.2516822516918182
vt 0.5914569497108459 0.2546844780445099
vt 0.6107804775238037 0.2596881985664368
vt 0.6288428902626038 0.2666934132575989
vt 0.6456443071365356 0.2757001221179962
vt 0.6611846685409546 0.2867083549499512
vt 0.6754639744758606 0.2997181117534637
vt 0.6884823441505432 0.3147293627262115
vt 0.6988441944122314 0.3296847641468048
vt 0.7078244686126709 0.3456548452377319
vt 0.7154231071472168 0.3626395761966705
vt 0.7216402292251587 0.3806390166282654
vt 0.7264756560325623 0.3996531963348389
vt 0.7299296259880066 0.4196820855140686
vt 0.7326927185058594 0.4627841413021088
vt 0.7310608625411987 0.4968003332614899
vt 0.7261650562286377 0.5291407108306885
vt 0.7180054187774658 0.5598053932189941
vt 0.7065818905830383 0.5887945890426636
vt 0.6940503716468811 0.612114429473877
vt 0.6794511079788208 0.6323249340057373
vt 0.6627841591835022 0.6494260430335999
vt 0.6440495252609253 0.6634178757667542
vt 0.6232471466064453 0.6743003726005554
vt 0.6003769636154175 0.6820735931396484
vt 0.5754390358924866 0.6867375373840332
vt 0.5484333634376526 0.6882921457290649
vt 0.504445493221283 0.6882921457290649
vt 0.4604576528072357 0.6882921457290649
vt 0.4164698123931885 0.6882921457290649
vt 0.3724819421768188 0.6882921457290649
vt 0.4318247437477112 0.6376496553421021
vt 0.537158191204071 0.6376496553421021
vt 0.5601319074630737 0.636578381061554
vt 0.5826494097709656 0.632526695728302
vt 0.6036843657493591 0.6237829923629761
vt 0.6222856044769287 0.6105782985687256
vt 0.6378505825996399 0.593667209148407
vt 0.6496796607971191 0.5749736428260803
vt 0.6588292121887207 0.5537620782852173
vt 0.6654269099235535 0.5310783386230469
vt 0.6697823405265808 0.5078730583190918
vt 0.6720320582389832 0.4863696396350861
vt 0.6722988486289978 0.4615923166275024
vt 0.670820415019989 0.4380592703819275
vt 0.6677963137626648 0.4162713289260864
vt 0.6625974774360657 0.3940208256244659
vt 0.654823362827301 0.3724353611469269
vt 0.6440136432647705 0.3521330952644348
vt 0.6301582455635071 0.3345606029033661
vt 0.6128779053688049 0.3206034302711487
vt 0.5922569632530212 0.3104685544967651
vt 0.5695809721946716 0.3043823540210724
vt 0.5465254187583923 0.3018488585948944
vt 0.5235151648521423 0.3016219139099121
vt 0.5005925297737122 0.3016219139099121
vt 0.4776699542999268 0.3016219139099121
vt 0.454747349023819 0.3016219139099121
vt 0.4318247437477112 0.3016219139099121
vt 0.4213677048683167 0.3100715279579163
vt 0.4213677048683167 0.437603771686554
vt 0.4213677048683167 0.5013698935508728
vt 0.4213677048683167 0.5651360154151917
vt 0.4213677048683167 0.6289021372795105
vt 0.6838070154190063 0.3738376796245575
vt 0.6838070154190063 0.5013698935508728
vt 0.6838070154190063 0.5651360154151917
vt 0.9551001787185669 0
vt 0.8836299180984497 0
vt 0.9551001787185669 0.1664225310087204
vt 0.9551001787185669 0.2288309782743454
vt 0.8836299180984497 0.2288309782743454
vt 0.9551001787185669 0.2496337890625
vt 0.8836299180984497 0.312042236328125
vt 0.9551001787185669 0.3328450620174408
vt 0.9551001787185669 0.499267578125
vt 0.8836299180984497 0.499267578125
vt 0.9551001787185669 0.811309814453125
vt 0.9551001787185669 0.99853515625
vt 0.8836299180984497 0.99853515625
vt 0.9551001787185669 0.0416056327521801
vt 0.9551001787185669 0.0832112655043602
vt 0.9551001787185669 0.12481689453125
vt 0.9551001787185669 0.187225341796875
vt 0.9551001787185669 0.2080281525850296
vt 0.9551001787185669 0.2704366147518158
vt 0.9551001787185669 0.2912394106388092
vt 0.9551001787185669 0.312042236328125
vt 0.9551001787185669 0.37445068359375
vt 0.9551001787185669 0.4160563051700592
vt 0.9551001787185669 0.4576619565486908
vt 0.9551001787185669 0.5408732295036316
vt 0.9551001787185669 0.561676025390625
vt 0.9551001787185669 0.5824788212776184
vt 0.9551001787185669 0.6032816767692566
vt 0.9551001787185669 0.62408447265625
vt 0.9551001787185669 0.6448872685432434
vt 0.9551001787185669 0.6656901240348816
vt 0.9551001787185669 0.686492919921875
vt 0.9551001787185669 0.7072957158088684
vt 0.9551001787185669 0.7280985713005066
vt 0.9551001787185669 0.7489013671875
vt 0.9551001787185669 0.7697041630744934
vt 0.9551001787185669 0.7905070185661316
vt 0.9551001787185669 0.8321126103401184
vt 0.9551001787185669 0.87371826171875
vt 0.9551001787185669 0.9153239130973816
vt 0.9551001787185669 0.9569295048713684
vt 0.9193650484085083 0.99853515625
vt 0.8836299180984497 0.9569295048713684
vt 0.8836299180984497 0.9153239130973816
vt 0.8836299180984497 0.87371826171875
vt 0.8836299180984497 0.8321126103401184
vt 0.8836299180984497 0.811309814453125
vt 0.8836299180984497 0.7905070185661316
vt 0.8836299180984497 0.7697041630744934
vt 0.8836299180984497 0.7489013671875
vt 0.8836299180984497 0.7280985713005066
vt 0.8836299180984497 0.7072957158088684
vt 0.8836299180984497 0.686492919921875
vt 0.8836299180984497 0.6656901240348816
vt 0.8836299180984497 0.6448872685432434
vt 0.8836299180984497 0.62408447265625
vt 0.8836299180984497 0.6032816767692566
vt 0.8836299180984497 0.5824788212776184
vt 0.8836299180984497 0.561676025390625
vt 0.8836299180984497 0.5408732295036316
vt 0.8836299180984497 0.4576619565486908
vt 0.8836299180984497 0.4160563051700592
vt 0.8836299180984497 0.37445068359375
vt 0.8836299180984497 0.3328450620174408
vt 0.8836299180984497 0.2912394106388092
vt 0.8836299180984497 0.2704366147518158
vt 0.8836299180984497 0.2496337890625
vt 0.8836299180984497 0.2080281525850296
vt 0.8836299180984497 0.187225341796875
vt 0.8836299180984497 0.1664225310087204
vt 0.8836299180984497 0.12481689453125
vt 0.8836299180984497 0.0832112655043602
vt 0.8836299180984497 0.0416056327521801
vt 0.9193650484085083 0
vt 0 0
vt 0 0.07293510437011719
vt 0.4376106262207031 0
vt 0.4376106262207031 0.07293510437011719
vt 0 0.03646755218505859
vt 0.4376106262207031 0.03646755218505859
vt 0 0.1231527104973793
vt 0 0.1960878074169159
vt 0.01870760694146156 0.1231527104973793
vt 0.01870760694146156 0.1960878074169159
vt 0.03741521388292313 0.1231527104973793
vt 0.03741521388292313 0.1960878074169159
vt 0.05612282454967499 0.1231527104973793
vt 0.05612282454967499 0.1960878074169159
vt 0.07483042776584625 0.1231527104973793
vt 0.07483042776584625 0.1960878074169159
vt 0.0915524959564209 0.1231527104973793
vt 0.0915524959564209 0.1960878074169159
vt 0.1066562160849571 0.1231527104973793
vt 0.1066562160849571 0.1960878074169159
vt 0.1233890280127525 0.1231527104973793
vt 0.1233890280127525 0.1960878074169159
vt 0.1410085111856461 0.1231527104973793
vt 0.1410085111856461 0.1960878074169159
vt 0.158627986907959 0.1231527104973793
vt 0.158627986907959 0.1960878074169159
vt 0.176089882850647 0.1231527104973793
vt 0.176089882850647 0.1960878074169159
vt 0.1931728720664978 0.1231527104973793
vt 0.1931728720664978 0.1960878074169159
vt 0.2091292589902878 0.1231527104973793
vt 0.2091292589902878 0.1960878074169159
vt 0.2239073216915131 0.1231527104973793
vt 0.2239073216915131 0.1960878074169159
vt 0.2371520400047302 0.1231527104973793
vt 0.2371520400047302 0.1960878074169159
vt 0.2503967583179474 0.1231527104973793
vt 0.2503967583179474 0.1960878074169159
vt 0.282940536737442 0.1231527104973793
vt 0.282940536737442 0.1960878074169159
vt 0.3227421939373016 0.1231527104973793
vt 0.3227421939373016 0.1960878074169159
vt 0.3549650311470032 0.1231527104973793
vt 0.3549650311470032 0.1960878074169159
vt 0.3812801241874695 0.1231527104973793
vt 0.3812801241874695 0.1960878074169159
vt 0.4095334112644196 0.1231527104973793
vt 0.4095334112644196 0.1960878074169159
vt 0.4367258250713348 0.1231527104973793
vt 0.4367258250713348 0.1960878074169159
vt 0.4630854427814484 0.1231527104973793
vt 0.4630854427814484 0.1960878074169159
vt 0.4903615713119507 0.1231527104973793
vt 0.4903615713119507 0.1960878074169159
vt 0.5210090279579163 0.1231527104973793
vt 0.5210090279579163 0.1960878074169159
vt 0.5629899501800537 0.1231527104973793
vt 0.5629899501800537 0.1960878074169159
vt 0.5983636379241943 0.1231527104973793
vt 0.5983636379241943 0.1960878074169159
vt 0.5983636379241943 0.1596202552318573
vt 0 0.1596202552318573
vt 0.8821650743484497 0
vt 0.8106948137283325 0
vt 0.8821650743484497 0.3360277712345123
vt 0.8106948137283325 0.3360277712345123
vt 0.8464299440383911 0.3360277712345123
vt 0.8092299699783325 0
vt 0.7377597093582153 0
vt 0.8092299699783325 0.1057534217834473
vt 0.7377597093582153 0.1057534217834473
vt 0.7734948396682739 0
vt 0.003602107986807823 0.2506815195083618
vt 0.04773831367492676 0.2506815195083618
vt 0.09187452495098114 0.2506815195083618
vt 0.1360107362270355 0.2506815195083618
vt 0.1801469326019287 0.2506815195083618
vt 0.2019925862550735 0.2516822516918182
vt 0.2225771248340607 0.2546844780445099
vt 0.241900622844696 0.2596881985664368
vt 0.2599630653858185 0.2666934132575989
vt 0.276764452457428 0.2757001221179962
vt 0.2923047840595245 0.2867083549499512
vt 0.3065841495990753 0.2997181117534637
vt 0.3196024894714355 0.3147293627262115
vt 0.3299643695354462 0.3296847641468048
vt 0.3389446139335632 0.3456548452377319
vt 0.3465432822704315 0.3626395761966705
vt 0.3527603447437286 0.3806390166282654
vt 0.357595831155777 0.3996531963348389
vt 0.3610497713088989 0.4196820855140686
vt 0.3638128936290741 0.4627841413021088
vt 0.3621809780597687 0.4968003332614899
vt 0.35728520154953 0.5291407108306885
vt 0.3491255939006805 0.5598053932189941
vt 0.3377020657062531 0.5887945890426636
vt 0.3251705169677734 0.612114429473877
vt 0.3105712532997131 0.6323249340057373
vt 0.2939043343067169 0.6494260430335999
vt 0.2751696705818176 0.6634178757667542
vt 0.2543672919273376 0.6743003726005554
vt 0.2314971387386322 0.6820735931396484
vt 0.2065592110157013 0.6867375373840332
vt 0.1795534938573837 0.6882921457290649
vt 0.1355656534433365 0.6882921457290649
vt 0.09157780557870865 0.6882921457290649
vt 0.04758995771408081 0.6882921457290649
vt 0.003602107986807823 0.6882921457290649
vt 0.1682783663272858 0.6376496553421021
vt 0.1912520825862885 0.636578381061554
vt 0.2137695699930191 0.632526695728302
vt 0.2348045259714127 0.6237829923629761
vt 0.253405749797821 0.6105782985687256
vt 0.2689706981182098 0.593667209148407
vt 0.2807998061180115 0.5749736428260803
vt 0.2899493873119354 0.5537620782852173
vt 0.2965470552444458 0.5310783386230469
vt 0.3009024560451508 0.5078730583190918
vt 0.3031522333621979 0.4863696396350861
vt 0.3034189641475677 0.4615923166275024
vt 0.3019405901432037 0.4380592703819275
vt 0.2989164590835571 0.4162713289260864
vt 0.293717622756958 0.3940208256244659
vt 0.2859435379505157 0.3724353611469269
vt 0.2751338183879852 0.3521330952644348
vt 0.261278361082077 0.3345606029033661
vt 0.2439980953931808 0.3206034302711487
vt 0.2233771234750748 0.3104685544967651
vt 0.2007011026144028 0.3043823540210724
vt 0.1776455491781235 0.3018488585948944
vt 0.1546352952718735 0.3016219139099121
vt 0.1317126899957657 0.3016219139099121
vt 0.1087900996208191 0.3016219139099121
vt 0.0858675092458725 0.3016219139099121
vt 0.06294490396976471 0.3016219139099121
vt 0.06294490396976471 0.6376496553421021
vt 0.05248786136507988 0.3100715279579163
vt 0.05248786136507988 0.437603771686554
vt 0.05248786136507988 0.5013698935508728
vt 0.05248786136507988 0.5651360154151917
vt 0.05248786136507988 0.6289021372795105
vt 0.3149271607398987 0.3738376796245575
vt 0.3149271607398987 0.5013698935508728
vt 0.3149271607398987 0.5651360154151917
vn 0 -1 0
vn 0 -1 0
vn 0 -1 0
vn 0 -1 0
vn 0 -1 0
vn 0 -1 0
vn 0 -1 0
vn 0 -1 0
vn 0 -1 0
vn 0 -1 0
vn 0 -1 0
vn 0 -1 0
vn 0 -1 0
vn 0 -1 0
vn 0 -1 0
vn 0 -1 0
vn 0 -1 0
vn 0 -1 0
vn 0 -1 0
vn 0 -1 0
vn 0 -1 0
vn 0 -1 0
vn 0 -1 0
vn 0 -1 0
vn 0 -1 0
vn 0 -1 0
vn 0 -1 0
vn 0 -1 0
vn 0 -1 0
vn 0 -1 0
vn 0 -1 0
vn 0 -1 0
vn 0 -1 0
vn 0 -1 0
vn 0 -1 0
vn 0 -1 0
vn 0 -1 0
vn 0 -1 0
vn 0 -1 0
vn 0 -1 0
vn 0 -1 0
vn 0 -1 0
vn 0 -1 0
vn 0 -1 0
vn 0 -1 0
vn 0 -1 0
vn 0 -1 0
vn 0 -1 0
vn 0 -1 0
vn 0 -1 0
vn 0 -1 0
vn 0 -1 0
vn 0 -1 0
vn 0 -1 0
vn 0 -1 0
vn 0 -1 0
vn 0 -1 0
vn 0 -1 0
vn 0 -1 0
vn 0 -1 0
vn 0 -1 0
vn 0 -1 0
vn 0 -1 0
vn 0 -1 0
vn 1.110223024625157e-16 -1 0
vn 0 -1 0
vn 0 -1 0
vn 0 -1 0
vn 0 -1 0
vn 2.220446049250313e-16 -1 0
vn 0 -1 0
vn 0 -1 0
vn 0 0 1
vn 0 0 1
vn 0 0 1
vn 0.3915119469165802 0 0.9201730489730835
vn 0.3915119469165802 0 0.9201730489730835
vn 0.5309988856315613 0 0.8473725318908691
vn 0.8477137088775635 0 0.5304540395736694
vn 0.906550407409668 0 0.4220975339412689
vn 1 0 0
vn 1 0 0
vn 0.09355541318655014 0 -0.9956140518188477
vn 0 0 -1
vn 0 0 -1
vn 0 0 1
vn 0 0 1
vn 0 0 1
vn 0.1184030696749687 0 0.9929656386375427
vn 0.2508302927017212 0 0.9680310487747192
vn 0.6584216952323914 0 0.7526492476463318
vn 0.7652092576026917 0 0.6437816619873047
vn 0.8477137088775635 0 0.5304540395736694
vn 0.9497448205947876 0 0.3130252063274384
vn 0.9790381193161011 0 0.2036769688129425
vn 0.9951581358909607 0 0.09828664362430573
vn 0.9909989833831787 0 -0.133869394659996
vn 0.9780272245407104 0 -0.2084773331880569
vn 0.9578793048858643 0 -0.2871710658073425
vn 0.9295981526374817 0 -0.3685747087001801
vn 0.892603874206543 0 -0.4508417546749115
vn 0.8468788266181946 0 -0.5317859053611755
vn 0.793079674243927 0 -0.6091179251670837
vn 0.7149019241333008 0 -0.6992247104644775
vn 0.6257603764533997 0 -0.7800153493881226
vn 0.5247244238853455 0 -0.8512721657752991
vn 0.4159883856773376 0 -0.909369945526123
vn 0.3047235310077667 0 -0.9524408578872681
vn 0.1959396749734879 0 -0.9806159734725952
vn 1.37793015929713e-13 0 -1
vn 0 0 -1
vn 0 0 -1
vn 0 0 -1
vn 0 0 -1
vn 0 0 -1
vn 0 0 -1
vn 0 0 -1
vn 0 0 -1
vn 0.09355541318655014 0 -0.9956140518188477
vn 0.1959396749734879 0 -0.9806159734725952
vn 0.3047235310077667 0 -0.9524408578872681
vn 0.4159883856773376 0 -0.909369945526123
vn 0.5247244238853455 0 -0.8512721657752991
vn 0.6257603764533997 0 -0.7800153493881226
vn 0.7149019241333008 0 -0.6992247104644775
vn 0.793079674243927 0 -0.6091179251670837
vn 0.8468788266181946 0 -0.5317859053611755
vn 0.892603874206543 0 -0.4508417546749115
vn 0.9295981526374817 0 -0.3685747087001801
vn 0.9578793048858643 0 -0.2871710658073425
vn 0.9780272245407104 0 -0.2084773331880569
vn 0.9909989833831787 0 -0.133869394659996
vn 0.9951581358909607 0 0.09828664362430573
vn 0.9790381193161011 0 0.2036769688129425
vn 0.9497448205947876 0 0.3130252063274384
vn 0.906550407409668 0 0.4220975339412689
vn 0.7652092576026917 0 0.6437816619873047
vn 0.6584216952323914 0 0.7526492476463318
vn 0.5309988856315613 0 0.8473725318908691
vn 0.2508302927017212 0 0.9680310487747192
vn 0.1184030696749687 0 0.9929656386375427
vn 2.209062604065573e-13 0 1
vn 0 0 1
vn 0 0 1
vn 0 0 1
vn 0 0 1
vn -1 0 0
vn -1 0 0
vn -1 0 0
vn -1 0 0
vn -1 0 0
vn -1 0 0
vn 0 0 1
vn 0 0 1
vn -2.956904605064606e-14 0 1
vn -2.956904605064606e-14 0 1
vn 3.942539247544022e-14 0 1
vn 3.942539247544022e-14 0 1
vn 0 0 1
vn 0 0 1
vn 0 0 1
vn 0 0 1
vn -0.04626508429646492 0 0.9989292025566101
vn -0.04626508429646492 0 0.9989292025566101
vn -0.1768531948328018 0 0.9842372536659241
vn -0.1768531948328018 0 0.9842372536659241
vn -0.344906210899353 0 0.9386371374130249
vn -0.344906210899353 0 0.9386371374130249
vn -0.5349287390708923 0 0.8448971509933472
vn -0.5349287390708923 0 0.8448971509933472
vn -0.7114905118942261 0 0.7026956677436829
vn -0.7114905118942261 0 0.7026956677436829
vn -0.8406636118888855 0 0.5415576100349426
vn -0.8406636118888855 0 0.5415576100349426
vn -0.9154658913612366 0 0.402395635843277
vn -0.9154658913612366 0 0.402395635843277
vn -0.9598451256752014 0 0.2805304229259491
vn -0.9598451256752014 0 0.2805304229259491
vn -0.9837921857833862 0 0.1793124079704285
vn -0.9837921857833862 0 0.1793124079704285
vn -0.9950624704360962 0 0.09925080835819244
vn -0.9950624704360962 0 0.09925080835819244
vn -0.999579131603241 0 0.02900954149663448
vn -0.999579131603241 0 0.02900954149663448
vn -0.998069167137146 0 -0.06211194396018982
vn -0.998069167137146 0 -0.06211194396018982
vn -0.9896683096885681 0 -0.1433758586645126
vn -0.9896683096885681 0 -0.1433758586645126
vn -0.9732112288475037 0 -0.2299126982688904
vn -0.9732112288475037 0 -0.2299126982688904
vn -0.9423235654830933 0 -0.334703266620636
vn -0.9423235654830933 0 -0.334703266620636
vn -0.8858036994934082 0 -0.4640601277351379
vn -0.8858036994934082 0 -0.4640601277351379
vn -0.795459508895874 0 -0.6060066819190979
vn -0.795459508895874 0 -0.6060066819190979
vn -0.6624523401260376 0 -0.7491040229797363
vn -0.6624523401260376 0 -0.7491040229797363
vn -0.4835566282272339 0 -0.8753131031990051
vn -0.4835566282272339 0 -0.8753131031990051
vn -0.2676122486591339 0 -0.9635266661643982
vn -0.2676122486591339 0 -0.9635266661643982
vn -0.1004189476370811 0 -0.994945228099823
vn -0.1004189476370811 0 -0.994945228099823
vn 0 0 -1
vn 0 0 -1
vn 0 0 -1
vn 0 0 1
vn 1 0 0
vn 1 0 0
vn 1 0 0
vn 1 0 0
vn 1 0 0
vn 0 0 -1
vn 0 0 -1
vn 0 0 -1
vn 0 0 -1
vn 0 0 -1
vn 0 1 0
vn 0 1 0
vn 0 1 0
vn 0 1 0
vn 0 1 0
vn 0 1 0
vn 0 1 0
vn 0 1 0
vn 0 1 0
vn 0 1 0
vn 0 1 0
vn 0 1 0
vn 0 1 0
vn 0 1 0
vn 0 1 0
vn 0 1 0
vn 0 1 0
vn 0 1 0
vn 0 1 0
vn 0 1 0
vn 0 1 0
vn 0 1 0
vn 0 1 0
vn 0 1 0
vn 0 1 0
vn 0 1 0
vn 0 1 0
vn 0 1 0
vn 0 1 0
vn 0 1 0
vn 0 1 0
vn 0 1 0
vn 0 1 0
vn 0 1 0
vn 0 1 0
vn 0 1 0
vn 0 1 0
vn 0 1 0
vn 0 1 0
vn 0 1 0
vn 0 1 0
vn 0 1 0
vn 0 1 0
vn 0 1 0
vn 0 1 0
vn 0 1 0
vn 0 1 0
vn 0 1 0
vn 0 1 0
vn 0 1 0
vn 0 1 0
vn 0 1 0
vn 0 1 0
vn 0 1 0
vn 0 1 0
vn 0 1 0
vn 0 1 0
vn 0 1 0
vn 0 1 0
vn 0 1 0
vn 0 1 0
vn 0 1 0
vn 0 1 0
vn 0 1 0
vn -2.220446049250313e-16 1 0
vn 0 1 0
vn 0 1 0
vn 0 1 0
vn 0 1 0
vn 0 1 0
vn 0 1 0
vn 0 1 0
f 1839/1839/1839 1775/1775/1775 1776/1776/1776
f 1836/1836/1836 1777/1777/1777 1778/1778/1778
f 1838/1838/1838 1776/1776/1776 1777/1777/1777
f 1776/1776/1776 1838/1838/1838 1839/1839/1839
f 1837/1837/1837 1777/1777/1777 1836/1836/1836
f 1835/1835/1835 1836/1836/1836 1778/1778/1778
f 1839/1839/1839 1838/1838/1838 1840/1840/1840
f 1837/1837/1837 1838/1838/1838 1777/1777/1777
f 1835/1835/1835 1778/1778/1778 1834/1834/1834
f 1840/1840/1840 1775/1775/1775 1839/1839/1839
f 1780/1780/1780 1833/1833/1833 1779/1779/1779
f 1832/1832/1832 1780/1780/1780 1781/1781/1781
f 1781/1781/1781 1782/1782/1782 1831/1831/1831
f 1779/1779/1779 1833/1833/1833 1834/1834/1834
f 1781/1781/1781 1831/1831/1831 1832/1832/1832
f 1782/1782/1782 1830/1830/1830 1831/1831/1831
f 1832/1832/1832 1833/1833/1833 1780/1780/1780
f 1830/1830/1830 1782/1782/1782 1783/1783/1783
f 1778/1778/1778 1779/1779/1779 1834/1834/1834
f 1810/1810/1810 1775/1775/1775 1840/1840/1840 1841/1841/1841
f 1838/1838/1838 1811/1811/1811 1841/1841/1841 1840/1840/1840
f 1810/1810/1810 1842/1842/1842 1843/1843/1843
f 1811/1811/1811 1843/1843/1843 1842/1842/1842
f 1842/1842/1842 1841/1841/1841 1811/1811/1811
f 1810/1810/1810 1841/1841/1841 1842/1842/1842
f 1809/1809/1809 1810/1810/1810 1843/1843/1843
f 1808/1808/1808 1811/1811/1811 1807/1807/1807
f 1811/1811/1811 1812/1812/1812 1807/1807/1807
f 1809/1809/1809 1811/1811/1811 1808/1808/1808
f 1809/1809/1809 1843/1843/1843 1811/1811/1811
f 1805/1805/1805 1813/1813/1813 1814/1814/1814
f 1802/1802/1802 1803/1803/1803 1815/1815/1815
f 1804/1804/1804 1814/1814/1814 1815/1815/1815
f 1807/1807/1807 1812/1812/1812 1806/1806/1806
f 1806/1806/1806 1812/1812/1812 1813/1813/1813
f 1813/1813/1813 1805/1805/1805 1806/1806/1806
f 1805/1805/1805 1814/1814/1814 1804/1804/1804
f 1804/1804/1804 1815/1815/1815 1803/1803/1803
f 1802/1802/1802 1815/1815/1815 1816/1816/1816
f 1783/1783/1783 1784/1784/1784 1830/1830/1830
f 1829/1829/1829 1830/1830/1830 1784/1784/1784
f 1829/1829/1829 1784/1784/1784 1785/1785/1785
f 1786/1786/1786 1828/1828/1828 1829/1829/1829
f 1828/1828/1828 1844/1844/1844 1827/1827/1827
f 1826/1826/1826 1844/1844/1844 1825/1825/1825
f 1844/1844/1844 1824/1824/1824 1825/1825/1825
f 1844/1844/1844 1826/1826/1826 1827/1827/1827
f 1785/1785/1785 1786/1786/1786 1829/1829/1829
f 1844/1844/1844 1828/1828/1828 1787/1787/1787
f 1788/1788/1788 1844/1844/1844 1787/1787/1787
f 1789/1789/1789 1844/1844/1844 1788/1788/1788
f 1791/1791/1791 1844/1844/1844 1790/1790/1790
f 1789/1789/1789 1790/1790/1790 1844/1844/1844
f 1793/1793/1793 1794/1794/1794 1845/1845/1845
f 1791/1791/1791 1792/1792/1792 1844/1844/1844
f 1792/1792/1792 1793/1793/1793 1844/1844/1844
f 1786/1786/1786 1787/1787/1787 1828/1828/1828
f 1845/1845/1845 1844/1844/1844 1793/1793/1793
f 1820/1820/1820 1846/1846/1846 1819/1819/1819
f 1845/1845/1845 1822/1822/1822 1823/1823/1823
f 1821/1821/1821 1845/1845/1845 1820/1820/1820
f 1817/1817/1817 1801/1801/1801 1816/1816/1816
f 1802/1802/1802 1816/1816/1816 1801/1801/1801
f 1818/1818/1818 1800/1800/1800 1817/1817/1817
f 1818/1818/1818 1819/1819/1819 1846/1846/1846
f 1801/1801/1801 1817/1817/1817 1800/1800/1800
f 1845/1845/1845 1821/1821/1821 1822/1822/1822
f 1846/1846/1846 1845/1845/1845 1796/1796/1796
f 1795/1795/1795 1796/1796/1796 1845/1845/1845
f 1845/1845/1845 1794/1794/1794 1795/1795/1795
f 1823/1823/1823 1824/1824/1824 1845/1845/1845
f 1800/1800/1800 1818/1818/1818 1799/1799/1799
f 1799/1799/1799 1818/1818/1818 1846/1846/1846
f 1799/1799/1799 1846/1846/1846 1798/1798/1798
f 1797/1797/1797 1798/1798/1798 1846/1846/1846
f 1797/1797/1797 1846/1846/1846 1796/1796/1796
f 1845/1845/1845 1846/1846/1846 1820/1820/1820
f 1824/1824/1824 1844/1844/1844 1845/1845/1845
f 1920/1920/1920 1847/1847/1847 1860/1860/1860
f 1862/1862/1862 1917/1917/1917 1918/1918/1918 1861/1861/1861
f 1861/1861/1861 1918/1918/1918 1919/1919/1919 1860/1860/1860
f 1849/1849/1849 1863/1863/1863 1915/1915/1915 1916/1916/1916
f 1864/1864/1864 1850/1850/1850 1851/1851/1851 1914/1914/1914
f 1850/1850/1850 1852/1852/1852 1913/1913/1913 1851/1851/1851
f 1863/1863/1863 1864/1864/1864 1914/1914/1914 1915/1915/1915
f 1862/1862/1862 1849/1849/1849 1916/1916/1916 1917/1917/1917
f 1865/1865/1865 1866/1866/1866 1911/1911/1911 1912/1912/1912
f 1867/1867/1867 1854/1854/1854 1910/1910/1910 1853/1853/1853
f 1866/1866/1866 1867/1867/1867 1853/1853/1853 1911/1911/1911
f 1868/1868/1868 1869/1869/1869 1908/1908/1908 1909/1909/1909
f 1870/1870/1870 1855/1855/1855 1856/1856/1856 1907/1907/1907
f 1855/1855/1855 1871/1871/1871 1906/1906/1906 1856/1856/1856
f 1869/1869/1869 1870/1870/1870 1907/1907/1907 1908/1908/1908
f 1854/1854/1854 1868/1868/1868 1909/1909/1909 1910/1910/1910
f 1852/1852/1852 1865/1865/1865 1912/1912/1912 1913/1913/1913
f 1919/1919/1919 1848/1848/1848 1920/1920/1920
f 1860/1860/1860 1919/1919/1919 1920/1920/1920
f 1871/1871/1871 1872/1872/1872 1905/1905/1905 1906/1906/1906
f 1872/1872/1872 1873/1873/1873 1904/1904/1904 1905/1905/1905
f 1874/1874/1874 1875/1875/1875 1902/1902/1902 1903/1903/1903
f 1873/1873/1873 1874/1874/1874 1903/1903/1903 1904/1904/1904
f 1876/1876/1876 1877/1877/1877 1900/1900/1900 1901/1901/1901
f 1878/1878/1878 1879/1879/1879 1898/1898/1898 1899/1899/1899
f 1879/1879/1879 1880/1880/1880 1897/1897/1897 1898/1898/1898
f 1877/1877/1877 1878/1878/1878 1899/1899/1899 1900/1900/1900
f 1875/1875/1875 1876/1876/1876 1901/1901/1901 1902/1902/1902
f 1881/1881/1881 1882/1882/1882 1895/1895/1895 1896/1896/1896
f 1883/1883/1883 1857/1857/1857 1893/1893/1893 1894/1894/1894
f 1882/1882/1882 1883/1883/1883 1894/1894/1894 1895/1895/1895
f 1884/1884/1884 1885/1885/1885 1891/1891/1891 1892/1892/1892
f 1886/1886/1886 1887/1887/1887 1889/1889/1889 1890/1890/1890
f 1888/1888/1888 1887/1887/1887 1858/1858/1858
f 1885/1885/1885 1886/1886/1886 1890/1890/1890 1891/1891/1891
f 1857/1857/1857 1884/1884/1884 1892/1892/1892 1893/1893/1893
f 1880/1880/1880 1881/1881/1881 1896/1896/1896 1897/1897/1897
f 1888/1888/1888 1859/1859/1859 1889/1889/1889
f 1889/1889/1889 1887/1887/1887 1888/1888/1888
f 1925/1925/1925 1921/1921/1921 1923/1923/1923 1926/1926/1926
f 1922/1922/1922 1925/1925/1925 1926/1926/1926 1924/1924/1924
f 1982/1982/1982 1927/1927/1927 1929/1929/1929
f 1931/1931/1931 1932/1932/1932 1930/1930/1930 1929/1929/1929
f 1935/1935/1935 1936/1936/1936 1934/1934/1934 1933/1933/1933
f 1939/1939/1939 1940/1940/1940 1938/1938/1938 1937/1937/1937
f 1937/1937/1937 1938/1938/1938 1936/1936/1936 1935/1935/1935
f 1933/1933/1933 1934/1934/1934 1932/1932/1932 1931/1931/1931
f 1943/1943/1943 1944/1944/1944 1942/1942/1942 1941/1941/1941
f 1945/1945/1945 1946/1946/1946 1944/1944/1944 1943/1943/1943
f 1949/1949/1949 1950/1950/1950 1948/1948/1948 1947/1947/1947
f 1952/1952/1952 1951/1951/1951 1953/1953/1953 1954/1954/1954
f 1951/1951/1951 1952/1952/1952 1950/1950/1950 1949/1949/1949
f 1947/1947/1947 1948/1948/1948 1946/1946/1946 1945/1945/1945
f 1941/1941/1941 1942/1942/1942 1940/1940/1940 1939/1939/1939
f 1928/1928/1928 1982/1982/1982 1930/1930/1930
f 1930/1930/1930 1982/1982/1982 1929/1929/1929
f 1957/1957/1957 1958/1958/1958 1956/1956/1956 1955/1955/1955
f 1959/1959/1959 1960/1960/1960 1958/1958/1958 1957/1957/1957
f 1963/1963/1963 1964/1964/1964 1962/1962/1962 1961/1961/1961
f 1967/1967/1967 1968/1968/1968 1966/1966/1966 1965/1965/1965
f 1965/1965/1965 1966/1966/1966 1964/1964/1964 1963/1963/1963
f 1961/1961/1961 1962/1962/1962 1960/1960/1960 1959/1959/1959
f 1971/1971/1971 1972/1972/1972 1970/1970/1970 1969/1969/1969
f 1973/1973/1973 1974/1974/1974 1972/1972/1972 1971/1971/1971
f 1977/1977/1977 1978/1978/1978 1976/1976/1976 1975/1975/1975
f 1977/1977/1977 1979/1979/1979 1981/1981/1981
f 1975/1975/1975 1976/1976/1976 1974/1974/1974 1973/1973/1973
f 1969/1969/1969 1970/1970/1970 1968/1968/1968 1967/1967/1967
f 1977/1977/1977 1981/1981/1981 1978/1978/1978
f 1955/1955/1955 1956/1956/1956 1954/1954/1954 1953/1953/1953
f 1981/1981/1981 1980/1980/1980 1978/1978/1978
f 1984/1984/1984 1983/1983/1983 1987/1987/1987 1986/1986/1986
f 1983/1983/1983 1985/1985/1985 1987/1987/1987
f 1990/1990/1990 1992/1992/1992 1988/1988/1988
f 1989/1989/1989 1992/1992/1992 1991/1991/1991
f 1990/1990/1990 1991/1991/1991 1992/1992/1992
f 2057/2057/2057 1994/1994/1994 1993/1993/1993
f 2053/2053/2053 1996/1996/1996 1995/1995/1995
f 2055/2055/2055 1995/1995/1995 1994/1994/1994
f 1994/1994/1994 2057/2057/2057 2055/2055/2055
f 2054/2054/2054 2053/2053/2053 1995/1995/1995
f 2052/2052/2052 1996/1996/1996 2053/2053/2053
f 2057/2057/2057 2058/2058/2058 2055/2055/2055
f 2054/2054/2054 1995/1995/1995 2055/2055/2055
f 2052/2052/2052 2051/2051/2051 1996/1996/1996
f 2058/2058/2058 2057/2057/2057 1993/1993/1993
f 1998/1998/1998 1997/1997/1997 2050/2050/2050
f 2049/2049/2049 1999/1999/1999 1998/1998/1998
f 1999/1999/1999 2048/2048/2048 2000/2000/2000
f 1997/1997/1997 2051/2051/2051 2050/2050/2050
f 1999/1999/1999 2049/2049/2049 2048/2048/2048
f 2000/2000/2000 2048/2048/2048 2047/2047/2047
f 2049/2049/2049 1998/1998/1998 2050/2050/2050
f 2047/2047/2047 2001/2001/2001 2000/2000/2000
f 1996/1996/1996 2051/2051/2051 1997/1997/1997
f 2028/2028/2028 2059/2059/2059 2058/2058/2058 1993/1993/1993
f 2055/2055/2055 2058/2058/2058 2059/2059/2059 2056/2056/2056
f 2028/2028/2028 2061/2061/2061 2060/2060/2060
f 2056/2056/2056 2060/2060/2060 2061/2061/2061
f 2060/2060/2060 2056/2056/2056 2059/2059/2059
f 2028/2028/2028 2060/2060/2060 2059/2059/2059
f 2027/2027/2027 2061/2061/2061 2028/2028/2028
f 2026/2026/2026 2025/2025/2025 2056/2056/2056
f 2056/2056/2056 2025/2025/2025 2029/2029/2029
f 2027/2027/2027 2026/2026/2026 2056/2056/2056
f 2027/2027/2027 2056/2056/2056 2061/2061/2061
f 2023/2023/2023 2031/2031/2031 2030/2030/2030
f 2020/2020/2020 2032/2032/2032 2021/2021/2021
f 2022/2022/2022 2032/2032/2032 2031/2031/2031
f 2025/2025/2025 2024/2024/2024 2029/2029/2029
f 2024/2024/2024 2030/2030/2030 2029/2029/2029
f 2030/2030/2030 2024/2024/2024 2023/2023/2023
f 2023/2023/2023 2022/2022/2022 2031/2031/2031
f 2022/2022/2022 2021/2021/2021 2032/2032/2032
f 2020/2020/2020 2033/2033/2033 2032/2032/2032
f 2001/2001/2001 2047/2047/2047 2002/2002/2002
f 2046/2046/2046 2002/2002/2002 2047/2047/2047
f 2046/2046/2046 2003/2003/2003 2002/2002/2002
f 2004/2004/2004 2046/2046/2046 2045/2045/2045
f 2045/2045/2045 2044/2044/2044 2062/2062/2062
f 2043/2043/2043 2042/2042/2042 2062/2062/2062
f 2062/2062/2062 2042/2042/2042 2041/2041/2041
f 2062/2062/2062 2044/2044/2044 2043/2043/2043
f 2003/2003/2003 2046/2046/2046 2004/2004/2004
f 2062/2062/2062 2005/2005/2005 2045/2045/2045
f 2006/2006/2006 2005/2005/2005 2062/2062/2062
f 2007/2007/2007 2006/2006/2006 2062/2062/2062
f 2009/2009/2009 2008/2008/2008 2062/2062/2062
f 2007/2007/2007 2062/2062/2062 2008/2008/2008
f 2011/2011/2011 2063/2063/2063 2012/2012/2012
f 2009/2009/2009 2062/2062/2062 2010/2010/2010
f 2010/2010/2010 2062/2062/2062 2011/2011/2011
f 2004/2004/2004 2045/2045/2045 2005/2005/2005
f 2063/2063/2063 2011/2011/2011 2062/2062/2062
f 2037/2037/2037 2036/2036/2036 2064/2064/2064
f 2063/2063/2063 2040/2040/2040 2039/2039/2039
f 2038/2038/2038 2037/2037/2037 2063/2063/2063
f 2034/2034/2034 2033/2033/2033 2019/2019/2019
f 2020/2020/2020 2019/2019/2019 2033/2033/2033
f 2035/2035/2035 2034/2034/2034 2018/2018/2018
f 2035/2035/2035 2064/2064/2064 2036/2036/2036
f 2019/2019/2019 2018/2018/2018 2034/2034/2034
f 2063/2063/2063 2039/2039/2039 2038/2038/2038
f 2064/2064/2064 2014/2014/2014 2063/2063/2063
f 2013/2013/2013 2063/2063/2063 2014/2014/2014
f 2063/2063/2063 2013/2013/2013 2012/2012/2012
f 2040/2040/2040 2063/2063/2063 2041/2041/2041
f 2018/2018/2018 2017/2017/2017 2035/2035/2035
f 2017/2017/2017 2064/2064/2064 2035/2035/2035
f 2017/2017/2017 2016/2016/2016 2064/2064/2064
f 2015/2015/2015 2064/2064/2064 2016/2016/2016
f 2015/2015/2015 2014/2014/2014 2064/2064/2064
f 2063/2063/2063 2037/2037/2037 2064/2064/2064
f 2041/2041/2041 2063/2063/2063 2062/2062/2062
g object_11
v 509.11962890625 -18.32500076293945 -470.508056640625
v 511.3068237304688 -18.32500076293945 -470.508056640625
v 513.4940185546875 -18.32500076293945 -470.508056640625
v 509.11962890625 -18.32500076293945 -464.508056640625
v 509.11962890625 -18.32500076293945 -467.508056640625
v 513.5552978515625 -18.32500076293945 -464.508056640625
v 511.3374633789062 -18.32500076293945 -464.508056640625
v 513.5552978515625 -18.32500076293945 -465.2228393554688
v 509.9119873046875 -18.32500076293945 -465.2228393554688
v 511.733642578125 -18.32500076293945 -465.2228393554688
v 509.9119873046875 -18.32500076293945 -467.2568664550781
v 509.9119873046875 -18.32500076293945 -466.2398681640625
v 513.2244262695312 -18.32500076293945 -467.2568664550781
v 511.5682067871094 -18.32500076293945 -467.2568664550781
v 513.2244262695312 -18.32500076293945 -467.9512329101562
v 509.9119873046875 -18.32500076293945 -467.9512329101562
v 511.5682067871094 -18.32500076293945 -467.9512329101562
v 509.9119873046875 -18.32500076293945 -469.7728576660156
v 509.9119873046875 -18.32500076293945 -468.862060546875
v 513.4940185546875 -18.32500076293945 -469.7728576660156
v 511.7030029296875 -18.32500076293945 -469.7728576660156
v 513.4940185546875 -18.32500076293945 -470.508056640625
v 513.4940185546875 -17.32500076293945 -470.508056640625
v 509.11962890625 -18.32500076293945 -470.508056640625
v 509.11962890625 -17.32500076293945 -470.508056640625
v 511.3068237304688 -18.32500076293945 -470.508056640625
v 511.3068237304688 -17.32500076293945 -470.508056640625
v 513.4940185546875 -17.82500076293945 -470.508056640625
v 513.4940185546875 -18.32500076293945 -469.7728576660156
v 513.4940185546875 -17.32500076293945 -469.7728576660156
v 513.4940185546875 -18.32500076293945 -470.508056640625
v 513.4940185546875 -17.32500076293945 -470.508056640625
v 513.4940185546875 -17.82500076293945 -470.508056640625
v 513.4940185546875 -17.82500076293945 -469.7728576660156
v 509.9119873046875 -18.32500076293945 -469.7728576660156
v 509.9119873046875 -17.32500076293945 -469.7728576660156
v 513.4940185546875 -18.32500076293945 -469.7728576660156
v 513.4940185546875 -17.32500076293945 -469.7728576660156
v 511.7030029296875 -18.32500076293945 -469.7728576660156
v 513.4940185546875 -17.82500076293945 -469.7728576660156
v 511.7030029296875 -17.32500076293945 -469.7728576660156
v 509.9119873046875 -18.32500076293945 -467.9512329101562
v 509.9119873046875 -17.32500076293945 -467.9512329101562
v 509.9119873046875 -18.32500076293945 -469.7728576660156
v 509.9119873046875 -17.32500076293945 -469.7728576660156
v 509.9119873046875 -18.32500076293945 -468.862060546875
v 509.9119873046875 -17.32500076293945 -468.862060546875
v 513.2244262695312 -18.32500076293945 -467.9512329101562
v 513.2244262695312 -17.32500076293945 -467.9512329101562
v 509.9119873046875 -18.32500076293945 -467.9512329101562
v 509.9119873046875 -17.32500076293945 -467.9512329101562
v 511.5682067871094 -18.32500076293945 -467.9512329101562
v 511.5682067871094 -17.32500076293945 -467.9512329101562
v 513.2244262695312 -17.82500076293945 -467.9512329101562
v 513.2244262695312 -18.32500076293945 -467.2568664550781
v 513.2244262695312 -17.32500076293945 -467.2568664550781
v 513.2244262695312 -18.32500076293945 -467.9512329101562
v 513.2244262695312 -17.32500076293945 -467.9512329101562
v 513.2244262695312 -17.82500076293945 -467.9512329101562
v 513.2244262695312 -17.82500076293945 -467.2568664550781
v 509.9119873046875 -18.32500076293945 -467.2568664550781
v 509.9119873046875 -17.32500076293945 -467.2568664550781
v 513.2244262695312 -18.32500076293945 -467.2568664550781
v 513.2244262695312 -17.32500076293945 -467.2568664550781
v 511.5682067871094 -18.32500076293945 -467.2568664550781
v 513.2244262695312 -17.82500076293945 -467.2568664550781
v 511.5682067871094 -17.32500076293945 -467.2568664550781
v 509.9119873046875 -18.32500076293945 -465.2228393554688
v 509.9119873046875 -17.32500076293945 -465.2228393554688
v 509.9119873046875 -18.32500076293945 -467.2568664550781
v 509.9119873046875 -17.32500076293945 -467.2568664550781
v 509.9119873046875 -18.32500076293945 -466.2398681640625
v 509.9119873046875 -17.32500076293945 -466.2398681640625
v 513.5552978515625 -18.32500076293945 -465.2228393554688
v 513.5552978515625 -17.32500076293945 -465.2228393554688
v 509.9119873046875 -18.32500076293945 -465.2228393554688
v 509.9119873046875 -17.32500076293945 -465.2228393554688
v 511.733642578125 -18.32500076293945 -465.2228393554688
v 511.733642578125 -17.32500076293945 -465.2228393554688
v 513.5552978515625 -17.82500076293945 -465.2228393554688
v 513.5552978515625 -18.32500076293945 -464.508056640625
v 513.5552978515625 -17.32500076293945 -464.508056640625
v 513.5552978515625 -18.32500076293945 -465.2228393554688
v 513.5552978515625 -17.32500076293945 -465.2228393554688
v 513.5552978515625 -17.82500076293945 -465.2228393554688
v 513.5552978515625 -17.82500076293945 -464.508056640625
v 509.11962890625 -18.32500076293945 -464.508056640625
v 509.11962890625 -17.32500076293945 -464.508056640625
v 513.5552978515625 -18.32500076293945 -464.508056640625
v 513.5552978515625 -17.32500076293945 -464.508056640625
v 511.3374633789062 -18.32500076293945 -464.508056640625
v 513.5552978515625 -17.82500076293945 -464.508056640625
v 511.3374633789062 -17.32500076293945 -464.508056640625
v 509.11962890625 -18.32500076293945 -470.508056640625
v 509.11962890625 -17.32500076293945 -470.508056640625
v 509.11962890625 -18.32500076293945 -464.508056640625
v 509.11962890625 -17.32500076293945 -464.508056640625
v 509.11962890625 -18.32500076293945 -467.508056640625
v 509.11962890625 -17.32500076293945 -467.508056640625
v 509.11962890625 -17.32500076293945 -470.508056640625
v 511.3068237304688 -17.32500076293945 -470.508056640625
v 513.4940185546875 -17.32500076293945 -470.508056640625
v 513.4940185546875 -17.32500076293945 -469.7728576660156
v 511.7030029296875 -17.32500076293945 -469.7728576660156
v 509.9119873046875 -17.32500076293945 -469.7728576660156
v 509.9119873046875 -17.32500076293945 -468.862060546875
v 509.9119873046875 -17.32500076293945 -467.9512329101562
v 511.5682067871094 -17.32500076293945 -467.9512329101562
v 513.2244262695312 -17.32500076293945 -467.9512329101562
v 513.2244262695312 -17.32500076293945 -467.2568664550781
v 511.5682067871094 -17.32500076293945 -467.2568664550781
v 509.9119873046875 -17.32500076293945 -467.2568664550781
v 509.9119873046875 -17.32500076293945 -466.2398681640625
v 509.9119873046875 -17.32500076293945 -465.2228393554688
v 511.733642578125 -17.32500076293945 -465.2228393554688
v 513.5552978515625 -17.32500076293945 -465.2228393554688
v 513.5552978515625 -17.32500076293945 -464.508056640625
v 511.3374633789062 -17.32500076293945 -464.508056640625
v 509.11962890625 -17.32500076293945 -464.508056640625
v 509.11962890625 -17.32500076293945 -467.508056640625
vt 0.6566561460494995 0.004598135594278574
vt 0.8235654830932617 0.004598135594278574
vt 0.9904748797416687 0.004598135594278574
vt 0.6566561460494995 0.4644116461277008
vt 0.6566561460494995 0.2345048934221268
vt 0.9951502084732056 0.4644116461277008
vt 0.8259031772613525 0.4644116461277008
vt 0.9951502084732056 0.4096346795558929
vt 0.7171237468719482 0.4096346795558929
vt 0.8561369776725769 0.4096346795558929
vt 0.7171237468719482 0.2537550926208496
vt 0.7171237468719482 0.3316948711872101
vt 0.9699034094810486 0.2537550926208496
vt 0.8435136079788208 0.2537550926208496
vt 0.9699034094810486 0.2005431801080704
vt 0.7171237468719482 0.2005431801080704
vt 0.8435136079788208 0.2005431801080704
vt 0.7171237468719482 0.06094015762209892
vt 0.7171237468719482 0.1307416707277298
vt 0.9904748797416687 0.06094015762209892
vt 0.8537993431091309 0.06094015762209892
vt 0.3050775229930878 0.4071232974529266
vt 0.2299067676067352 0.4071232974529266
vt 0.3050775229930878 0.7423583269119263
vt 0.2299067676067352 0.7423583269119263
vt 0.3050775229930878 0.5747408270835876
vt 0.2299067676067352 0.5747408270835876
vt 0.2674921452999115 0.4071232974529266
vt 0.07663559168577194 0.2460807263851166
vt 0 0.2460807263851166
vt 0.07663559168577194 0.3024227619171143
vt 0 0.3024227619171143
vt 0.03831779584288597 0.3024227619171143
vt 0.03831779584288597 0.2460807263851166
vt 0.1518063396215439 0.4071232974529266
vt 0.07663559168577194 0.4071232974529266
vt 0.1518063396215439 0.6816341876983643
vt 0.07663559168577194 0.6816341876983643
vt 0.1518063396215439 0.5443787574768066
vt 0.1142209619283676 0.6816341876983643
vt 0.07663559168577194 0.5443787574768066
vt 0 0.3143137395381927
vt 0 0.3909493386745453
vt 0.1396030187606812 0.3143137395381927
vt 0.1396030187606812 0.3909493386745453
vt 0.06980150938034058 0.3143137395381927
vt 0.06980150938034058 0.3909493386745453
vt 0.07517074793577194 0.4071232974529266
vt 0 0.4071232974529266
vt 0.07517074793577194 0.660975456237793
vt 0 0.660975456237793
vt 0.07517074793577194 0.534049391746521
vt 0 0.534049391746521
vt 0.03758537396788597 0.4071232974529266
vt 0 0.1532711833715439
vt 0 0.2299067676067352
vt 0.05321191251277924 0.1532711833715439
vt 0.05321191251277924 0.2299067676067352
vt 0.05321191251277924 0.191588968038559
vt 0 0.191588968038559
vt 0.558967113494873 0.1532711833715439
vt 0.4823314845561981 0.1532711833715439
vt 0.558967113494873 0.4056584537029266
vt 0.4823314845561981 0.4056584537029266
vt 0.558967113494873 0.2794648110866547
vt 0.5206493139266968 0.4056584537029266
vt 0.4823314845561981 0.2794648110866547
vt 0.3880273997783661 0.1532711833715439
vt 0.3113918304443359 0.1532711833715439
vt 0.3880273997783661 0.3091507852077484
vt 0.3113918304443359 0.3091507852077484
vt 0.3880273997783661 0.2312109768390656
vt 0.3113918304443359 0.2312109768390656
vt 0.2284419238567352 0.4071232974529266
vt 0.1532711833715439 0.4071232974529266
vt 0.2284419238567352 0.6863293647766113
vt 0.1532711833715439 0.6863293647766113
vt 0.2284419238567352 0.5467263460159302
vt 0.1532711833715439 0.5467263460159302
vt 0.190856546163559 0.4071232974529266
vt 0.1534394472837448 0.1532711833715439
vt 0.1534394472837448 0.2299067676067352
vt 0.2082164138555527 0.1532711833715439
vt 0.2082164138555527 0.2299067676067352
vt 0.2082164138555527 0.191588968038559
vt 0.1534394472837448 0.191588968038559
vt 0 0
vt 0 0.07517074793577194
vt 0.3399302065372467 0
vt 0.3399302065372467 0.07517074793577194
vt 0.1699651032686234 0
vt 0.3399302065372467 0.03758537396788597
vt 0.1699651032686234 0.07517074793577194
vt 0 0.07663559168577194
vt 0 0.1518063396215439
vt 0.4598135352134705 0.07663559168577194
vt 0.4598135352134705 0.1518063396215439
vt 0.2299067676067352 0.07663559168577194
vt 0.2299067676067352 0.1518063396215439
vt 0.3099272847175598 0.4117070734500885
vt 0.4768366813659668 0.4117070734500885
vt 0.6437460780143738 0.4117070734500885
vt 0.6437460780143738 0.4678731262683868
vt 0.5070704817771912 0.4678731262683868
vt 0.3703949451446533 0.4678731262683868
vt 0.3703949451446533 0.5374566316604614
vt 0.3703949451446533 0.6070401072502136
vt 0.4967847466468811 0.6070401072502136
vt 0.6231746077537537 0.6070401072502136
vt 0.6231746077537537 0.6600858569145203
vt 0.4967847466468811 0.6600858569145203
vt 0.3703949451446533 0.6600858569145203
vt 0.3703949451446533 0.7377821803092957
vt 0.3703949451446533 0.8154785633087158
vt 0.509408175945282 0.8154785633087158
vt 0.6484214067459106 0.8154785633087158
vt 0.6484214067459106 0.8700844645500183
vt 0.4791743457317352 0.8700844645500183
vt 0.3099272847175598 0.8700844645500183
vt 0.3099272847175598 0.6408957839012146
vn 0 -1 0
vn 0 -1 0
vn 0 -1 0
vn 0 -1 0
vn 0 -1 0
vn 0 -1 0
vn 0 -1 0
vn 0 -1 0
vn 0 -1 0
vn 0 -1 0
vn 0 -1 0
vn 0 -1 0
vn 0 -1 0
vn 0 -1 0
vn 0 -1 0
vn 0 -1 0
vn 0 -1 0
vn 0 -1 0
vn 0 -1 0
vn 0 -1 0
vn 0 -1 0
vn 0 0 -1
vn 0 0 -1
vn 0 0 -1
vn 0 0 -1
vn 0 0 -1
vn 0 0 -1
vn 0 0 -1
vn 1 0 0
vn 1 0 0
vn 1 0 0
vn 1 0 0
vn 1 0 0
vn 1 0 0
vn 0 0 1
vn 0 0 1
vn 0 0 1
vn 0 0 1
vn 0 0 1
vn 0 0 1
vn 0 0 1
vn 1 0 0
vn 1 0 0
vn 1 0 0
vn 1 0 0
vn 1 0 0
vn 1 0 0
vn 0 0 -1
vn 0 0 -1
vn 0 0 -1
vn 0 0 -1
vn 0 0 -1
vn 0 0 -1
vn 0 0 -1
vn 1 0 0
vn 1 0 0
vn 1 0 0
vn 1 0 0
vn 1 0 0
vn 1 0 0
vn 0 0 1
vn 0 0 1
vn 0 0 1
vn 0 0 1
vn 0 0 1
vn 0 0 1
vn 0 0 1
vn 1 0 0
vn 1 0 0
vn 1 0 0
vn 1 0 0
vn 1 0 0
vn 1 0 0
vn 0 0 -1
vn 0 0 -1
vn 0 0 -1
vn 0 0 -1
vn 0 0 -1
vn 0 0 -1
vn 0 0 -1
vn 1 0 0
vn 1 0 0
vn 1 0 0
vn 1 0 0
vn 1 0 0
vn 1 0 0
vn 0 0 1
vn 0 0 1
vn 0 0 1
vn 0 0 1
vn 0 0 1
vn 0 0 1
vn 0 0 1
vn -1 0 0
vn -1 0 0
vn -1 0 0
vn -1 0 0
vn -1 0 0
vn -1 0 0
vn 0 1 0
vn 0 1 0
vn 0 1 0
vn 0 1 0
vn 0 1 0
vn 0 1 0
vn 0 1 0
vn 0 1 0
vn 0 1 0
vn 0 1 0
vn 0 1 0
vn 0 1 0
vn 0 1 0
vn 0 1 0
vn 0 1 0
vn 0 1 0
vn 0 1 0
vn 0 1 0
vn 0 1 0
vn 0 1 0
vn 0 1 0
f 2083/2083/2083 2065/2065/2065 2082/2082/2082
f 2065/2065/2065 2066/2066/2066 2085/2085/2085 2082/2082/2082
f 2075/2075/2075 2080/2080/2080 2081/2081/2081 2078/2078/2078
f 2069/2069/2069 2065/2065/2065 2083/2083/2083
f 2080/2080/2080 2069/2069/2069 2083/2083/2083
f 2068/2068/2068 2069/2069/2069 2076/2076/2076 2073/2073/2073
f 2069/2069/2069 2075/2075/2075 2076/2076/2076
f 2075/2075/2075 2069/2069/2069 2080/2080/2080
f 2071/2071/2071 2068/2068/2068 2073/2073/2073 2074/2074/2074
f 2084/2084/2084 2085/2085/2085 2066/2066/2066 2067/2067/2067
f 2079/2079/2079 2077/2077/2077 2078/2078/2078 2081/2081/2081
f 2070/2070/2070 2071/2071/2071 2074/2074/2074 2072/2072/2072
f 2090/2090/2090 2092/2092/2092 2086/2086/2086
f 2091/2091/2091 2087/2087/2087 2092/2092/2092
f 2088/2088/2088 2089/2089/2089 2091/2091/2091 2090/2090/2090
f 2092/2092/2092 2090/2090/2090 2091/2091/2091
f 2098/2098/2098 2093/2093/2093 2095/2095/2095 2097/2097/2097
f 2094/2094/2094 2098/2098/2098 2097/2097/2097 2096/2096/2096
f 2100/2100/2100 2099/2099/2099 2103/2103/2103 2105/2105/2105
f 2103/2103/2103 2104/2104/2104 2105/2105/2105
f 2104/2104/2104 2102/2102/2102 2105/2105/2105
f 2101/2101/2101 2104/2104/2104 2103/2103/2103
f 2107/2107/2107 2106/2106/2106 2110/2110/2110 2111/2111/2111
f 2108/2108/2108 2109/2109/2109 2111/2111/2111 2110/2110/2110
f 2116/2116/2116 2118/2118/2118 2112/2112/2112
f 2117/2117/2117 2113/2113/2113 2118/2118/2118
f 2114/2114/2114 2115/2115/2115 2117/2117/2117 2116/2116/2116
f 2118/2118/2118 2116/2116/2116 2117/2117/2117
f 2124/2124/2124 2119/2119/2119 2121/2121/2121 2123/2123/2123
f 2120/2120/2120 2124/2124/2124 2123/2123/2123 2122/2122/2122
f 2126/2126/2126 2125/2125/2125 2129/2129/2129 2131/2131/2131
f 2129/2129/2129 2130/2130/2130 2131/2131/2131
f 2130/2130/2130 2128/2128/2128 2131/2131/2131
f 2127/2127/2127 2130/2130/2130 2129/2129/2129
f 2133/2133/2133 2132/2132/2132 2136/2136/2136 2137/2137/2137
f 2134/2134/2134 2135/2135/2135 2137/2137/2137 2136/2136/2136
f 2142/2142/2142 2144/2144/2144 2138/2138/2138
f 2143/2143/2143 2139/2139/2139 2144/2144/2144
f 2140/2140/2140 2141/2141/2141 2143/2143/2143 2142/2142/2142
f 2144/2144/2144 2142/2142/2142 2143/2143/2143
f 2150/2150/2150 2145/2145/2145 2147/2147/2147 2149/2149/2149
f 2146/2146/2146 2150/2150/2150 2149/2149/2149 2148/2148/2148
f 2152/2152/2152 2151/2151/2151 2155/2155/2155 2157/2157/2157
f 2155/2155/2155 2156/2156/2156 2157/2157/2157
f 2156/2156/2156 2154/2154/2154 2157/2157/2157
f 2153/2153/2153 2156/2156/2156 2155/2155/2155
f 2159/2159/2159 2158/2158/2158 2162/2162/2162 2163/2163/2163
f 2160/2160/2160 2161/2161/2161 2163/2163/2163 2162/2162/2162
f 2170/2170/2170 2169/2169/2169 2164/2164/2164
f 2164/2164/2164 2169/2169/2169 2168/2168/2168 2165/2165/2165
f 2176/2176/2176 2175/2175/2175 2172/2172/2172 2171/2171/2171
f 2184/2184/2184 2170/2170/2170 2164/2164/2164
f 2171/2171/2171 2170/2170/2170 2184/2184/2184
f 2183/2183/2183 2178/2178/2178 2177/2177/2177 2184/2184/2184
f 2184/2184/2184 2177/2177/2177 2176/2176/2176
f 2176/2176/2176 2171/2171/2171 2184/2184/2184
f 2182/2182/2182 2179/2179/2179 2178/2178/2178 2183/2183/2183
f 2167/2167/2167 2166/2166/2166 2165/2165/2165 2168/2168/2168
f 2173/2173/2173 2172/2172/2172 2175/2175/2175 2174/2174/2174
f 2181/2181/2181 2180/2180/2180 2179/2179/2179 2182/2182/2182
g object_12
v 515.1359252929688 -18.32500076293945 -464.508056640625
v 514.6458129882812 -18.32500076293945 -464.508056640625
v 514.1557006835938 -18.32500076293945 -464.508056640625
v 516.7982788085938 -18.32500076293945 -466.9750366210938
v 516.2442016601562 -18.32500076293945 -466.1527099609375
v 515.6900634765625 -18.32500076293945 -465.3303833007812
v 518.4157104492188 -18.32500076293945 -464.508056640625
v 517.6069946289062 -18.32500076293945 -465.7415466308594
v 519.424560546875 -18.32500076293945 -464.508056640625
v 518.920166015625 -18.32500076293945 -464.508056640625
v 517.3129272460938 -18.32500076293945 -467.5836181640625
v 518.3687744140625 -18.32500076293945 -466.0458374023438
v 519.3265380859375 -18.32500076293945 -470.508056640625
v 518.3197631835938 -18.32500076293945 -469.0458374023438
v 518.3585815429688 -18.32500076293945 -470.508056640625
v 518.842529296875 -18.32500076293945 -470.508056640625
v 516.8391723632812 -18.32500076293945 -468.2126159667969
v 517.598876953125 -18.32500076293945 -469.3603515625
v 515.3074951171875 -18.32500076293945 -470.508056640625
v 516.0733032226562 -18.32500076293945 -469.3603515625
v 514.2904663085938 -18.32500076293945 -470.508056640625
v 514.7990112304688 -18.32500076293945 -470.508056640625
v 516.3040771484375 -18.32500076293945 -467.5836181640625
v 515.2973022460938 -18.32500076293945 -469.0458374023438
v 514.871826171875 -18.32500076293945 -465.5332641601562
v 515.5879516601562 -18.32500076293945 -466.5584411621094
v 514.1557006835938 -18.32500076293945 -464.508056640625
v 514.1557006835938 -17.32500076293945 -464.508056640625
v 515.1359252929688 -18.32500076293945 -464.508056640625
v 515.1359252929688 -17.32500076293945 -464.508056640625
v 514.6458129882812 -18.32500076293945 -464.508056640625
v 515.1359252929688 -17.82500076293945 -464.508056640625
v 514.6458129882812 -17.32500076293945 -464.508056640625
v 514.1557006835938 -17.82500076293945 -464.508056640625
v 516.3040771484375 -18.32500076293945 -467.5836181640625
v 516.3040771484375 -17.32500076293945 -467.5836181640625
v 514.1557006835938 -18.32500076293945 -464.508056640625
v 514.1557006835938 -17.32500076293945 -464.508056640625
v 515.5879516601562 -18.32500076293945 -466.5584411621094
v 514.871826171875 -18.32500076293945 -465.5332641601562
v 514.1557006835938 -17.82500076293945 -464.508056640625
v 514.871826171875 -17.32500076293945 -465.5332641601562
v 515.5879516601562 -17.32500076293945 -466.5584411621094
v 514.2904663085938 -18.32500076293945 -470.508056640625
v 514.2904663085938 -17.32500076293945 -470.508056640625
v 516.3040771484375 -18.32500076293945 -467.5836181640625
v 516.3040771484375 -17.32500076293945 -467.5836181640625
v 515.2973022460938 -18.32500076293945 -469.0458374023438
v 515.2973022460938 -17.32500076293945 -469.0458374023438
v 514.2904663085938 -17.82500076293945 -470.508056640625
v 515.3074951171875 -18.32500076293945 -470.508056640625
v 515.3074951171875 -17.32500076293945 -470.508056640625
v 514.2904663085938 -18.32500076293945 -470.508056640625
v 514.2904663085938 -17.32500076293945 -470.508056640625
v 514.7990112304688 -18.32500076293945 -470.508056640625
v 514.2904663085938 -17.82500076293945 -470.508056640625
v 514.7990112304688 -17.32500076293945 -470.508056640625
v 515.3074951171875 -17.82500076293945 -470.508056640625
v 516.8391723632812 -18.32500076293945 -468.2126159667969
v 516.8391723632812 -17.32500076293945 -468.2126159667969
v 515.3074951171875 -18.32500076293945 -470.508056640625
v 515.3074951171875 -17.32500076293945 -470.508056640625
v 516.0733032226562 -18.32500076293945 -469.3603515625
v 515.3074951171875 -17.82500076293945 -470.508056640625
v 516.0733032226562 -17.32500076293945 -469.3603515625
v 518.3585815429688 -18.32500076293945 -470.508056640625
v 518.3585815429688 -17.32500076293945 -470.508056640625
v 516.8391723632812 -18.32500076293945 -468.2126159667969
v 516.8391723632812 -17.32500076293945 -468.2126159667969
v 517.598876953125 -18.32500076293945 -469.3603515625
v 517.598876953125 -17.32500076293945 -469.3603515625
v 518.3585815429688 -17.82500076293945 -470.508056640625
v 519.3265380859375 -18.32500076293945 -470.508056640625
v 519.3265380859375 -17.32500076293945 -470.508056640625
v 518.3585815429688 -18.32500076293945 -470.508056640625
v 518.3585815429688 -17.32500076293945 -470.508056640625
v 518.842529296875 -18.32500076293945 -470.508056640625
v 518.3585815429688 -17.82500076293945 -470.508056640625
v 518.842529296875 -17.32500076293945 -470.508056640625
v 519.3265380859375 -17.82500076293945 -470.508056640625
v 517.3129272460938 -18.32500076293945 -467.5836181640625
v 517.3129272460938 -17.32500076293945 -467.5836181640625
v 519.3265380859375 -18.32500076293945 -470.508056640625
v 519.3265380859375 -17.32500076293945 -470.508056640625
v 518.3197631835938 -18.32500076293945 -469.0458374023438
v 519.3265380859375 -17.82500076293945 -470.508056640625
v 518.3197631835938 -17.32500076293945 -469.0458374023438
v 519.424560546875 -18.32500076293945 -464.508056640625
v 519.424560546875 -17.32500076293945 -464.508056640625
v 517.3129272460938 -18.32500076293945 -467.5836181640625
v 517.3129272460938 -17.32500076293945 -467.5836181640625
v 518.3687744140625 -18.32500076293945 -466.0458374023438
v 518.3687744140625 -17.32500076293945 -466.0458374023438
v 519.424560546875 -17.82500076293945 -464.508056640625
v 518.4157104492188 -18.32500076293945 -464.508056640625
v 518.4157104492188 -17.32500076293945 -464.508056640625
v 519.424560546875 -18.32500076293945 -464.508056640625
v 519.424560546875 -17.32500076293945 -464.508056640625
v 518.920166015625 -18.32500076293945 -464.508056640625
v 519.424560546875 -17.82500076293945 -464.508056640625
v 518.920166015625 -17.32500076293945 -464.508056640625
v 518.4157104492188 -17.82500076293945 -464.508056640625
v 516.7982788085938 -18.32500076293945 -466.9750366210938
v 516.7982788085938 -17.32500076293945 -466.9750366210938
v 518.4157104492188 -18.32500076293945 -464.508056640625
v 518.4157104492188 -17.32500076293945 -464.508056640625
v 517.6069946289062 -18.32500076293945 -465.7415466308594
v 518.4157104492188 -17.82500076293945 -464.508056640625
v 517.6069946289062 -17.32500076293945 -465.7415466308594
v 515.1359252929688 -18.32500076293945 -464.508056640625
v 515.1359252929688 -17.32500076293945 -464.508056640625
v 516.7982788085938 -18.32500076293945 -466.9750366210938
v 516.7982788085938 -17.32500076293945 -466.9750366210938
v 515.6900634765625 -18.32500076293945 -465.3303833007812
v 516.2442016601562 -18.32500076293945 -466.1527099609375
v 515.1359252929688 -17.82500076293945 -464.508056640625
v 516.2442016601562 -17.32500076293945 -466.1527099609375
v 515.6900634765625 -17.32500076293945 -465.3303833007812
v 515.1359252929688 -17.32500076293945 -464.508056640625
v 514.6458129882812 -17.32500076293945 -464.508056640625
v 514.1557006835938 -17.32500076293945 -464.508056640625
v 514.871826171875 -17.32500076293945 -465.5332641601562
v 515.5879516601562 -17.32500076293945 -466.5584411621094
v 516.3040771484375 -17.32500076293945 -467.5836181640625
v 515.2973022460938 -17.32500076293945 -469.0458374023438
v 514.2904663085938 -17.32500076293945 -470.508056640625
v 514.7990112304688 -17.32500076293945 -470.508056640625
v 515.3074951171875 -17.32500076293945 -470.508056640625
v 516.0733032226562 -17.32500076293945 -469.3603515625
v 516.8391723632812 -17.32500076293945 -468.2126159667969
v 517.598876953125 -17.32500076293945 -469.3603515625
v 518.3585815429688 -17.32500076293945 -470.508056640625
v 518.842529296875 -17.32500076293945 -470.508056640625
v 519.3265380859375 -17.32500076293945 -470.508056640625
v 518.3197631835938 -17.32500076293945 -469.0458374023438
v 517.3129272460938 -17.32500076293945 -467.5836181640625
v 518.3687744140625 -17.32500076293945 -466.0458374023438
v 519.424560546875 -17.32500076293945 -464.508056640625
v 518.920166015625 -17.32500076293945 -464.508056640625
v 518.4157104492188 -17.32500076293945 -464.508056640625
v 517.6069946289062 -17.32500076293945 -465.7415466308594
v 516.7982788085938 -17.32500076293945 -466.9750366210938
v 516.2442016601562 -17.32500076293945 -466.1527099609375
v 515.6900634765625 -17.32500076293945 -465.3303833007812
vt 0.6677072048187256 0.463450700044632
vt 0.6303571462631226 0.463450700044632
vt 0.5930071473121643 0.463450700044632
vt 0.794386088848114 0.2747831344604492
vt 0.7521597743034363 0.3376723229885101
vt 0.7099335193634033 0.4005615413188934
vt 0.9176412224769592 0.463450700044632
vt 0.8560136556625366 0.3691169321537018
vt 0.9945200085639954 0.463450700044632
vt 0.9560806155204773 0.463450700044632
vt 0.8336036205291748 0.2282409518957138
vt 0.9140618443489075 0.3458458185195923
vt 0.9870500564575195 0.004588621202856302
vt 0.9103268384933472 0.1164147853851318
vt 0.9132837057113647 0.004588621202856302
vt 0.9501668810844421 0.004588621202856302
vt 0.7974985837936401 0.1801369488239288
vt 0.8553911447525024 0.09236278384923935
vt 0.6807796955108643 0.004588621202856302
vt 0.7391391396522522 0.09236278384923935
vt 0.6032783985137939 0.004588621202856302
vt 0.6420290470123291 0.004588621202856302
vt 0.7567247748374939 0.2282409518957138
vt 0.6800016164779663 0.1164147853851318
vt 0.6475796699523926 0.3850474655628204
vt 0.7021522521972656 0.3066442012786865
vt 0.3633902370929718 0.4870040118694305
vt 0.2869132161140442 0.4870040118694305
vt 0.3633902370929718 0.5619713068008423
vt 0.2869132161140442 0.5619713068008423
vt 0.3633902370929718 0.5244876742362976
vt 0.3251517117023468 0.5619713068008423
vt 0.2869132161140442 0.5244876742362976
vt 0.3251517117023468 0.4870040118694305
vt 0 0.6977968215942383
vt 0 0.7742738127708435
vt 0.2854483723640442 0.6977968215942383
vt 0.2854483723640442 0.7742738127708435
vt 0.0951494574546814 0.6977968215942383
vt 0.1902989149093628 0.6977968215942383
vt 0.2854483723640442 0.7360352873802185
vt 0.1902989149093628 0.7742738127708435
vt 0.0951494574546814 0.7742738127708435
vt 0 0.5066042542457581
vt 0 0.5830813050270081
vt 0.2715417146682739 0.5066042542457581
vt 0.2715417146682739 0.5830813050270081
vt 0.135770857334137 0.5066042542457581
vt 0.135770857334137 0.5830813050270081
vt 0 0.5448427796363831
vt 0.4366782307624817 0.4874850213527679
vt 0.4366782307624817 0.5624971985816956
vt 0.5144567489624023 0.4874850213527679
vt 0.5144567489624023 0.5624971985816956
vt 0.475567489862442 0.4874850213527679
vt 0.5144567489624023 0.5249910950660706
vt 0.475567489862442 0.5624971985816956
vt 0.4366782307624817 0.5249910950660706
vt 0.3633902370929718 0.6404390335083008
vt 0.3633902370929718 0.7154512405395508
vt 0.5744308233261108 0.6404390335083008
vt 0.5744308233261108 0.7154512405395508
vt 0.4689105451107025 0.6404390335083008
vt 0.5744308233261108 0.6779451370239258
vt 0.4689105451107025 0.7154512405395508
vt 0.3633902370929718 0.5639620423316956
vt 0.3633902370929718 0.6389741897583008
vt 0.5739121437072754 0.5639620423316956
vt 0.5739121437072754 0.6389741897583008
vt 0.4686512053012848 0.5639620423316956
vt 0.4686512053012848 0.6389741897583008
vt 0.3633902370929718 0.6014680862426758
vt 0.3633902370929718 0.4110080003738403
vt 0.2869132161140442 0.4110080003738403
vt 0.3633902370929718 0.485038161277771
vt 0.2869132161140442 0.485038161277771
vt 0.3633902370929718 0.4480230808258057
vt 0.3251517117023468 0.485038161277771
vt 0.2869132161140442 0.4480230808258057
vt 0.3251517117023468 0.4110080003738403
vt 0 0.4110080003738403
vt 0 0.4874850213527679
vt 0.2715417146682739 0.4110080003738403
vt 0.2715417146682739 0.4874850213527679
vt 0.135770857334137 0.4110080003738403
vt 0.2715417146682739 0.4492464959621429
vt 0.135770857334137 0.4874850213527679
vt 0 0.6022005081176758
vt 0 0.6786775588989258
vt 0.2853126227855682 0.6022005081176758
vt 0.2853126227855682 0.6786775588989258
vt 0.1426563113927841 0.6022005081176758
vt 0.1426563113927841 0.6786775588989258
vt 0 0.6404390335083008
vt 0.4366782307624817 0.4110080003738403
vt 0.4366782307624817 0.4860201776027679
vt 0.5138320326805115 0.4110080003738403
vt 0.5138320326805115 0.4860201776027679
vt 0.4752551317214966 0.4110080003738403
vt 0.5138320326805115 0.4485140740871429
vt 0.4752551317214966 0.4860201776027679
vt 0.4366782307624817 0.4485140740871429
vt 0.3633902370929718 0.7169160842895508
vt 0.3633902370929718 0.791928231716156
vt 0.5875271558761597 0.7169160842895508
vt 0.5875271558761597 0.791928231716156
vt 0.4754586815834045 0.7169160842895508
vt 0.5875271558761597 0.754422128200531
vt 0.4754586815834045 0.791928231716156
vt 0.3619253933429718 0.5639620423316956
vt 0.2869132161140442 0.5639620423316956
vt 0.3619253933429718 0.7914658784866333
vt 0.2869132161140442 0.7914658784866333
vt 0.3619253933429718 0.6397966742515564
vt 0.3619253933429718 0.7156312465667725
vt 0.3244192898273468 0.5639620423316956
vt 0.2869132161140442 0.7156312465667725
vt 0.2869132161140442 0.6397966742515564
vt 0.004588634707033634 0.07871520519256592
vt 0.004588634707033634 0.04136516526341438
vt 0.004588634707033634 0.004015129059553146
vt 0.08299187570810318 0.05858768150210381
vt 0.1613951325416565 0.1131602302193642
vt 0.2397983968257904 0.1677327901124954
vt 0.3516245484352112 0.09100958704948425
vt 0.4634507298469543 0.01428638957440853
vt 0.4634507298469543 0.05303705483675003
vt 0.4634507298469543 0.09178771823644638
vt 0.3756765425205231 0.1501471549272537
vt 0.2879023849964142 0.2085065841674805
vt 0.3756765425205231 0.2663991451263428
vt 0.4634507298469543 0.3242917060852051
vt 0.4634507298469543 0.3611748814582825
vt 0.4634507298469543 0.3980580270290375
vt 0.3516245484352112 0.3213348090648651
vt 0.2397983968257904 0.2446116209030151
vt 0.1221935227513313 0.3250698149204254
vt 0.004588634707033634 0.4055280089378357
vt 0.004588634707033634 0.3670886158943176
vt 0.004588634707033634 0.3286491930484772
vt 0.09892241656780243 0.2670216262340546
vt 0.193256214261055 0.2053940743207932
vt 0.1303670108318329 0.1631677746772766
vt 0.06747780740261078 0.1209414899349213
vn 0 -1 0
vn 0 -1 0
vn 0 -1 0
vn 0 -1 0
vn 0 -1 0
vn 0 -1 0
vn 0 -1 0
vn 0 -1 0
vn 0 -1 0
vn 0 -1 0
vn 0 -1 0
vn 0 -1 0
vn 0 -1 0
vn 0 -1 0
vn 0 -1 0
vn 0 -1 0
vn 0 -1 0
vn 0 -1 0
vn 0 -1 0
vn 0 -1 0
vn 0 -1 0
vn 0 -1 0
vn 0 -1 0
vn 0 -1 0
vn 0 -1 0
vn 0 -1 0
vn 0 0 1
vn 0 0 1
vn 0 0 1
vn 0 0 1
vn 0 0 1
vn 0 0 1
vn 0 0 1
vn 0 0 1
vn -0.8197941184043884 0 -0.5726583003997803
vn -0.8197941184043884 0 -0.5726583003997803
vn -0.8197941184043884 0 -0.5726583003997803
vn -0.8197941184043884 0 -0.5726583003997803
vn -0.8197941184043884 0 -0.5726583003997803
vn -0.8197941184043884 0 -0.5726583003997803
vn -0.8197941184043884 0 -0.5726583003997803
vn -0.8197941184043884 0 -0.5726583003997803
vn -0.8197941184043884 0 -0.5726583003997803
vn -0.8236389756202698 0 0.567114531993866
vn -0.8236389756202698 0 0.567114531993866
vn -0.8236389756202698 0 0.567114531993866
vn -0.8236389756202698 0 0.567114531993866
vn -0.8236389756202698 0 0.567114531993866
vn -0.8236389756202698 0 0.567114531993866
vn -0.8236389756202698 0 0.567114531993866
vn 0 0 -1
vn 0 0 -1
vn 0 0 -1
vn 0 0 -1
vn 0 0 -1
vn 0 0 -1
vn 0 0 -1
vn 0 0 -1
vn 0.8318225145339966 0 -0.5550417304039001
vn 0.8318225145339966 0 -0.5550417304039001
vn 0.8318225145339966 0 -0.5550417304039001
vn 0.8318225145339966 0 -0.5550417304039001
vn 0.8318225145339966 0 -0.5550417304039001
vn 0.8318225145339966 0 -0.5550417304039001
vn 0.8318225145339966 0 -0.5550417304039001
vn -0.8338719606399536 0 -0.5519579648971558
vn -0.8338719606399536 0 -0.5519579648971558
vn -0.8338719606399536 0 -0.5519579648971558
vn -0.8338719606399536 0 -0.5519579648971558
vn -0.8338719606399536 0 -0.5519579648971558
vn -0.8338719606399536 0 -0.5519579648971558
vn -0.8338719606399536 0 -0.5519579648971558
vn 0 0 -1
vn 0 0 -1
vn 0 0 -1
vn 0 0 -1
vn 0 0 -1
vn 0 0 -1
vn 0 0 -1
vn 0 0 -1
vn 0.8236389756202698 0 0.567114531993866
vn 0.8236389756202698 0 0.567114531993866
vn 0.8236389756202698 0 0.567114531993866
vn 0.8236389756202698 0 0.567114531993866
vn 0.8236389756202698 0 0.567114531993866
vn 0.8236389756202698 0 0.567114531993866
vn 0.8236389756202698 0 0.567114531993866
vn 0.8243931531906128 0 -0.5660176277160645
vn 0.8243931531906128 0 -0.5660176277160645
vn 0.8243931531906128 0 -0.5660176277160645
vn 0.8243931531906128 0 -0.5660176277160645
vn 0.8243931531906128 0 -0.5660176277160645
vn 0.8243931531906128 0 -0.5660176277160645
vn 0.8243931531906128 0 -0.5660176277160645
vn 0 0 1
vn 0 0 1
vn 0 0 1
vn 0 0 1
vn 0 0 1
vn 0 0 1
vn 0 0 1
vn 0 0 1
vn -0.8362860083580017 0 0.5482934713363647
vn -0.8362860083580017 0 0.5482934713363647
vn -0.8362860083580017 0 0.5482934713363647
vn -0.8362860083580017 0 0.5482934713363647
vn -0.8362860083580017 0 0.5482934713363647
vn -0.8362860083580017 0 0.5482934713363647
vn -0.8362860083580017 0 0.5482934713363647
vn 0.8292940855026245 0 0.5588123798370361
vn 0.8292940855026245 0 0.5588123798370361
vn 0.8292940855026245 0 0.5588123798370361
vn 0.8292940855026245 0 0.5588123798370361
vn 0.8292940855026245 0 0.5588123798370361
vn 0.8292940855026245 0 0.5588123798370361
vn 0.8292940855026245 0 0.5588123798370361
vn 0.8292940855026245 0 0.5588123798370361
vn 0.8292940855026245 0 0.5588123798370361
vn 0 1 0
vn 0 1 0
vn 0 1 0
vn 0 1 0
vn 0 1 0
vn 0 1 0
vn 0 1 0
vn 0 1 0
vn 0 1 0
vn 0 1 0
vn 0 1 0
vn 0 1 0
vn 0 1 0
vn 0 1 0
vn 0 1 0
vn 0 1 0
vn 0 1 0
vn 0 1 0
vn 0 1 0
vn 0 1 0
vn 0 1 0
vn 0 1 0
vn 0 1 0
vn 0 1 0
vn 0 1 0
vn 0 1 0
f 2208/2208/2208 2205/2205/2205 2206/2206/2206
f 2203/2203/2203 2208/2208/2208 2206/2206/2206
f 2208/2208/2208 2204/2204/2204 2207/2207/2207
f 2201/2201/2201 2207/2207/2207 2204/2204/2204
f 2203/2203/2203 2204/2204/2204 2208/2208/2208
f 2186/2186/2186 2187/2187/2187 2209/2209/2209
f 2185/2185/2185 2186/2186/2186 2209/2209/2209
f 2190/2190/2190 2210/2210/2210 2189/2189/2189
f 2207/2207/2207 2189/2189/2189 2210/2210/2210
f 2190/2190/2190 2185/2185/2185 2209/2209/2209
f 2210/2210/2210 2190/2190/2190 2209/2209/2209
f 2189/2189/2189 2207/2207/2207 2188/2188/2188
f 2202/2202/2202 2195/2195/2195 2201/2201/2201
f 2199/2199/2199 2198/2198/2198 2202/2202/2202
f 2198/2198/2198 2195/2195/2195 2202/2202/2202
f 2198/2198/2198 2199/2199/2199 2200/2200/2200
f 2198/2198/2198 2200/2200/2200 2197/2197/2197
f 2192/2192/2192 2188/2188/2188 2195/2195/2195
f 2195/2195/2195 2188/2188/2188 2207/2207/2207
f 2196/2196/2196 2192/2192/2192 2195/2195/2195
f 2192/2192/2192 2196/2196/2196 2191/2191/2191
f 2194/2194/2194 2191/2191/2191 2196/2196/2196
f 2196/2196/2196 2193/2193/2193 2194/2194/2194
f 2201/2201/2201 2195/2195/2195 2207/2207/2207
f 2218/2218/2218 2211/2211/2211 2215/2215/2215
f 2218/2218/2218 2217/2217/2217 2212/2212/2212
f 2216/2216/2216 2218/2218/2218 2215/2215/2215
f 2218/2218/2218 2216/2216/2216 2217/2217/2217
f 2216/2216/2216 2214/2214/2214 2217/2217/2217
f 2213/2213/2213 2216/2216/2216 2215/2215/2215
f 2223/2223/2223 2227/2227/2227 2220/2220/2220 2219/2219/2219
f 2227/2227/2227 2223/2223/2223 2224/2224/2224 2226/2226/2226
f 2225/2225/2225 2224/2224/2224 2221/2221/2221
f 2222/2222/2222 2226/2226/2226 2225/2225/2225
f 2224/2224/2224 2225/2225/2225 2226/2226/2226
f 2232/2232/2232 2234/2234/2234 2228/2228/2228
f 2233/2233/2233 2229/2229/2229 2234/2234/2234
f 2230/2230/2230 2231/2231/2231 2233/2233/2233 2232/2232/2232
f 2234/2234/2234 2232/2232/2232 2233/2233/2233
f 2242/2242/2242 2235/2235/2235 2239/2239/2239
f 2242/2242/2242 2241/2241/2241 2236/2236/2236
f 2240/2240/2240 2242/2242/2242 2239/2239/2239
f 2242/2242/2242 2240/2240/2240 2241/2241/2241
f 2240/2240/2240 2238/2238/2238 2241/2241/2241
f 2237/2237/2237 2240/2240/2240 2239/2239/2239
f 2244/2244/2244 2243/2243/2243 2247/2247/2247 2249/2249/2249
f 2247/2247/2247 2248/2248/2248 2249/2249/2249
f 2248/2248/2248 2246/2246/2246 2249/2249/2249
f 2245/2245/2245 2248/2248/2248 2247/2247/2247
f 2254/2254/2254 2256/2256/2256 2250/2250/2250
f 2255/2255/2255 2251/2251/2251 2256/2256/2256
f 2252/2252/2252 2253/2253/2253 2255/2255/2255 2254/2254/2254
f 2256/2256/2256 2254/2254/2254 2255/2255/2255
f 2264/2264/2264 2257/2257/2257 2261/2261/2261
f 2264/2264/2264 2263/2263/2263 2258/2258/2258
f 2262/2262/2262 2264/2264/2264 2261/2261/2261
f 2264/2264/2264 2262/2262/2262 2263/2263/2263
f 2262/2262/2262 2260/2260/2260 2263/2263/2263
f 2259/2259/2259 2262/2262/2262 2261/2261/2261
f 2266/2266/2266 2265/2265/2265 2269/2269/2269 2271/2271/2271
f 2269/2269/2269 2270/2270/2270 2271/2271/2271
f 2270/2270/2270 2268/2268/2268 2271/2271/2271
f 2267/2267/2267 2270/2270/2270 2269/2269/2269
f 2276/2276/2276 2278/2278/2278 2272/2272/2272
f 2277/2277/2277 2273/2273/2273 2278/2278/2278
f 2274/2274/2274 2275/2275/2275 2277/2277/2277 2276/2276/2276
f 2278/2278/2278 2276/2276/2276 2277/2277/2277
f 2286/2286/2286 2279/2279/2279 2283/2283/2283
f 2286/2286/2286 2285/2285/2285 2280/2280/2280
f 2285/2285/2285 2286/2286/2286 2283/2283/2283
f 2283/2283/2283 2284/2284/2284 2285/2285/2285
f 2284/2284/2284 2282/2282/2282 2285/2285/2285
f 2281/2281/2281 2284/2284/2284 2283/2283/2283
f 2288/2288/2288 2287/2287/2287 2291/2291/2291 2293/2293/2293
f 2291/2291/2291 2292/2292/2292 2293/2293/2293
f 2292/2292/2292 2290/2290/2290 2293/2293/2293
f 2289/2289/2289 2292/2292/2292 2291/2291/2291
f 2300/2300/2300 2294/2294/2294 2298/2298/2298
f 2300/2300/2300 2302/2302/2302 2295/2295/2295
f 2302/2302/2302 2300/2300/2300 2298/2298/2298
f 2296/2296/2296 2297/2297/2297 2301/2301/2301 2299/2299/2299
f 2299/2299/2299 2301/2301/2301 2302/2302/2302 2298/2298/2298
f 2309/2309/2309 2311/2311/2311 2310/2310/2310
f 2312/2312/2312 2311/2311/2311 2309/2309/2309
f 2309/2309/2309 2308/2308/2308 2313/2313/2313
f 2314/2314/2314 2313/2313/2313 2308/2308/2308
f 2312/2312/2312 2309/2309/2309 2313/2313/2313
f 2304/2304/2304 2306/2306/2306 2305/2305/2305
f 2303/2303/2303 2306/2306/2306 2304/2304/2304
f 2328/2328/2328 2327/2327/2327 2307/2307/2307
f 2308/2308/2308 2307/2307/2307 2327/2327/2327
f 2328/2328/2328 2306/2306/2306 2303/2303/2303
f 2307/2307/2307 2306/2306/2306 2328/2328/2328
f 2327/2327/2327 2326/2326/2326 2308/2308/2308
f 2315/2315/2315 2314/2314/2314 2320/2320/2320
f 2316/2316/2316 2315/2315/2315 2319/2319/2319
f 2319/2319/2319 2315/2315/2315 2320/2320/2320
f 2319/2319/2319 2317/2317/2317 2316/2316/2316
f 2319/2319/2319 2318/2318/2318 2317/2317/2317
f 2325/2325/2325 2320/2320/2320 2326/2326/2326
f 2320/2320/2320 2308/2308/2308 2326/2326/2326
f 2321/2321/2321 2320/2320/2320 2325/2325/2325
f 2325/2325/2325 2324/2324/2324 2321/2321/2321
f 2323/2323/2323 2321/2321/2321 2324/2324/2324
f 2321/2321/2321 2323/2323/2323 2322/2322/2322
f 2314/2314/2314 2308/2308/2308 2320/2320/2320
g object_13
v 520.2781982421875 -18.32500076293945 -470.508056640625
v 522.97802734375 -18.32500076293945 -470.508056640625
v 523.35888671875 -18.32500076293945 -470.4798583984375
v 523.7009887695312 -18.32500076293945 -470.3952331542969
v 524.0042114257812 -18.32500076293945 -470.2541809082031
v 524.2686767578125 -18.32500076293945 -470.0567321777344
v 524.483154296875 -18.32500076293945 -469.8082275390625
v 524.6362915039062 -18.32500076293945 -469.5140075683594
v 524.7282104492188 -18.32500076293945 -469.1741333007812
v 524.7588500976562 -18.32500076293945 -468.7885131835938
v 524.7315063476562 -18.32500076293945 -468.4486389160156
v 524.6495971679688 -18.32500076293945 -468.1314392089844
v 524.5130004882812 -18.32500076293945 -467.8369750976562
v 524.32177734375 -18.32500076293945 -467.5652465820312
v 524.2052001953125 -18.32500076293945 -467.4431762695312
v 524.0739135742188 -18.32500076293945 -467.33740234375
v 523.927978515625 -18.32500076293945 -467.2478942871094
v 523.767333984375 -18.32500076293945 -467.1746826171875
v 523.4020385742188 -18.32500076293945 -467.0770263671875
v 522.97802734375 -18.32500076293945 -467.0444946289062
v 521.0910034179688 -18.32500076293945 -467.0444946289062
v 521.0910034179688 -18.32500076293945 -467.7306518554688
v 522.7084350585938 -18.32500076293945 -467.7306518554688
v 522.96923828125 -18.32500076293945 -467.7452087402344
v 523.2042236328125 -18.32500076293945 -467.7888793945312
v 523.4133911132812 -18.32500076293945 -467.8616333007812
v 523.5968017578125 -18.32500076293945 -467.9634704589844
v 523.7460327148438 -18.32500076293945 -468.1020812988281
v 523.8526000976562 -18.32500076293945 -468.2851257324219
v 523.9165649414062 -18.32500076293945 -468.5125732421875
v 523.9378662109375 -18.32500076293945 -468.7844543457031
v 520.2781982421875 -18.32500076293945 -464.508056640625
v 521.0910034179688 -18.32500076293945 -464.508056640625
v 523.9072265625 -18.32500076293945 -469.0887451171875
v 523.8153076171875 -18.32500076293945 -469.3399353027344
v 523.7463989257812 -18.32500076293945 -469.4456176757812
v 523.6621704101562 -18.32500076293945 -469.5380249023438
v 523.44775390625 -18.32500076293945 -469.6830139160156
v 523.3004150390625 -18.32500076293945 -469.7384033203125
v 523.1281127929688 -18.32500076293945 -469.7779846191406
v 522.7084350585938 -18.32500076293945 -469.8096313476562
v 521.0910034179688 -18.32500076293945 -469.8096313476562
v 520.8862915039062 -18.32500076293945 -467.9452209472656
v 520.8862915039062 -18.32500076293945 -469.6937866210938
v 520.8862915039062 -18.32500076293945 -467.0709228515625
v 522.1920776367188 -18.32500076293945 -467.0709228515625
v 520.8862915039062 -18.32500076293945 -466.1966247558594
v 520.8862915039062 -18.32500076293945 -465.3223571777344
v 522.844970703125 -18.32500076293945 -467.0709228515625
v 521.0910034179688 -18.32500076293945 -467.0444946289062
v 521.0910034179688 -17.32500076293945 -467.0444946289062
v 522.97802734375 -18.32500076293945 -467.0444946289062
v 522.97802734375 -17.32500076293945 -467.0444946289062
v 523.4020385742188 -18.32500076293945 -467.0770263671875
v 523.4020385742188 -17.32500076293945 -467.0770263671875
v 523.767333984375 -18.32500076293945 -467.1746826171875
v 523.767333984375 -17.32500076293945 -467.1746826171875
v 523.927978515625 -18.32500076293945 -467.2478942871094
v 523.927978515625 -17.32500076293945 -467.2478942871094
v 524.0739135742188 -18.32500076293945 -467.33740234375
v 524.0739135742188 -17.32500076293945 -467.33740234375
v 524.2052001953125 -18.32500076293945 -467.4431762695312
v 524.2052001953125 -17.32500076293945 -467.4431762695312
v 524.32177734375 -18.32500076293945 -467.5652465820312
v 524.32177734375 -17.32500076293945 -467.5652465820312
v 524.5130004882812 -18.32500076293945 -467.8369750976562
v 524.5130004882812 -17.32500076293945 -467.8369750976562
v 524.6495971679688 -18.32500076293945 -468.1314392089844
v 524.6495971679688 -17.32500076293945 -468.1314392089844
v 524.7315063476562 -18.32500076293945 -468.4486389160156
v 524.7315063476562 -17.32500076293945 -468.4486389160156
v 524.7588500976562 -18.32500076293945 -468.7885131835938
v 524.7588500976562 -17.32500076293945 -468.7885131835938
v 524.7282104492188 -18.32500076293945 -469.1741333007812
v 524.7282104492188 -17.32500076293945 -469.1741333007812
v 524.6362915039062 -18.32500076293945 -469.5140075683594
v 524.6362915039062 -17.32500076293945 -469.5140075683594
v 524.483154296875 -18.32500076293945 -469.8082275390625
v 524.483154296875 -17.32500076293945 -469.8082275390625
v 524.2686767578125 -18.32500076293945 -470.0567321777344
v 524.2686767578125 -17.32500076293945 -470.0567321777344
v 524.0042114257812 -18.32500076293945 -470.2541809082031
v 524.0042114257812 -17.32500076293945 -470.2541809082031
v 523.7009887695312 -18.32500076293945 -470.3952331542969
v 523.7009887695312 -17.32500076293945 -470.3952331542969
v 523.35888671875 -18.32500076293945 -470.4798583984375
v 523.35888671875 -17.32500076293945 -470.4798583984375
v 522.97802734375 -18.32500076293945 -470.508056640625
v 522.97802734375 -17.32500076293945 -470.508056640625
v 520.2781982421875 -18.32500076293945 -470.508056640625
v 520.2781982421875 -17.32500076293945 -470.508056640625
v 520.2781982421875 -17.82500076293945 -470.508056640625
v 521.0910034179688 -17.82500076293945 -467.0444946289062
v 521.0910034179688 -18.32500076293945 -464.508056640625
v 521.0910034179688 -17.32500076293945 -464.508056640625
v 521.0910034179688 -18.32500076293945 -467.0444946289062
v 521.0910034179688 -17.32500076293945 -467.0444946289062
v 521.0910034179688 -17.82500076293945 -467.0444946289062
v 521.0910034179688 -17.82500076293945 -464.508056640625
v 520.2781982421875 -18.32500076293945 -464.508056640625
v 520.2781982421875 -17.32500076293945 -464.508056640625
v 521.0910034179688 -18.32500076293945 -464.508056640625
v 521.0910034179688 -17.32500076293945 -464.508056640625
v 521.0910034179688 -17.82500076293945 -464.508056640625
v 520.2781982421875 -17.82500076293945 -464.508056640625
v 520.2781982421875 -18.32500076293945 -470.508056640625
v 520.2781982421875 -17.32500076293945 -470.508056640625
v 520.2781982421875 -18.32500076293945 -464.508056640625
v 520.2781982421875 -17.32500076293945 -464.508056640625
v 520.2781982421875 -17.82500076293945 -470.508056640625
v 520.2781982421875 -17.82500076293945 -464.508056640625
v 521.0910034179688 -18.32500076293945 -469.8096313476562
v 521.0910034179688 -17.32500076293945 -469.8096313476562
v 522.7084350585938 -18.32500076293945 -469.8096313476562
v 522.7084350585938 -17.32500076293945 -469.8096313476562
v 523.1281127929688 -18.32500076293945 -469.7779846191406
v 523.1281127929688 -17.32500076293945 -469.7779846191406
v 523.3004150390625 -18.32500076293945 -469.7384033203125
v 523.3004150390625 -17.32500076293945 -469.7384033203125
v 523.44775390625 -18.32500076293945 -469.6830139160156
v 523.44775390625 -17.32500076293945 -469.6830139160156
v 523.6621704101562 -18.32500076293945 -469.5380249023438
v 523.6621704101562 -17.32500076293945 -469.5380249023438
v 523.7463989257812 -18.32500076293945 -469.4456176757812
v 523.7463989257812 -17.32500076293945 -469.4456176757812
v 523.8153076171875 -18.32500076293945 -469.3399353027344
v 523.8153076171875 -17.32500076293945 -469.3399353027344
v 523.9072265625 -18.32500076293945 -469.0887451171875
v 523.9072265625 -17.32500076293945 -469.0887451171875
v 523.9378662109375 -18.32500076293945 -468.7844543457031
v 523.9378662109375 -17.32500076293945 -468.7844543457031
v 523.9378662109375 -17.82500076293945 -468.7844543457031
v 521.0910034179688 -17.82500076293945 -469.8096313476562
v 521.0910034179688 -18.32500076293945 -467.7306518554688
v 521.0910034179688 -17.32500076293945 -467.7306518554688
v 521.0910034179688 -18.32500076293945 -469.8096313476562
v 521.0910034179688 -17.32500076293945 -469.8096313476562
v 521.0910034179688 -17.82500076293945 -469.8096313476562
v 521.0910034179688 -17.82500076293945 -467.7306518554688
v 523.9378662109375 -18.32500076293945 -468.7844543457031
v 523.9378662109375 -17.32500076293945 -468.7844543457031
v 523.9165649414062 -18.32500076293945 -468.5125732421875
v 523.9165649414062 -17.32500076293945 -468.5125732421875
v 523.8526000976562 -18.32500076293945 -468.2851257324219
v 523.8526000976562 -17.32500076293945 -468.2851257324219
v 523.7460327148438 -18.32500076293945 -468.1020812988281
v 523.7460327148438 -17.32500076293945 -468.1020812988281
v 523.5968017578125 -18.32500076293945 -467.9634704589844
v 523.5968017578125 -17.32500076293945 -467.9634704589844
v 523.4133911132812 -18.32500076293945 -467.8616333007812
v 523.4133911132812 -17.32500076293945 -467.8616333007812
v 523.2042236328125 -18.32500076293945 -467.7888793945312
v 523.2042236328125 -17.32500076293945 -467.7888793945312
v 522.96923828125 -18.32500076293945 -467.7452087402344
v 522.96923828125 -17.32500076293945 -467.7452087402344
v 522.7084350585938 -18.32500076293945 -467.7306518554688
v 522.7084350585938 -17.32500076293945 -467.7306518554688
v 521.0910034179688 -18.32500076293945 -467.7306518554688
v 521.0910034179688 -17.32500076293945 -467.7306518554688
v 523.9378662109375 -17.82500076293945 -468.7844543457031
v 521.0910034179688 -17.82500076293945 -467.7306518554688
v 520.2781982421875 -17.32500076293945 -470.508056640625
v 522.97802734375 -17.32500076293945 -470.508056640625
v 523.35888671875 -17.32500076293945 -470.4798583984375
v 523.7009887695312 -17.32500076293945 -470.3952331542969
v 524.0042114257812 -17.32500076293945 -470.2541809082031
v 524.2686767578125 -17.32500076293945 -470.0567321777344
v 524.483154296875 -17.32500076293945 -469.8082275390625
v 524.6362915039062 -17.32500076293945 -469.5140075683594
v 524.7282104492188 -17.32500076293945 -469.1741333007812
v 524.7588500976562 -17.32500076293945 -468.7885131835938
v 524.7315063476562 -17.32500076293945 -468.4486389160156
v 524.6495971679688 -17.32500076293945 -468.1314392089844
v 524.5130004882812 -17.32500076293945 -467.8369750976562
v 524.32177734375 -17.32500076293945 -467.5652465820312
v 524.2052001953125 -17.32500076293945 -467.4431762695312
v 524.0739135742188 -17.32500076293945 -467.33740234375
v 523.927978515625 -17.32500076293945 -467.2478942871094
v 523.767333984375 -17.32500076293945 -467.1746826171875
v 523.4020385742188 -17.32500076293945 -467.0770263671875
v 522.97802734375 -17.32500076293945 -467.0444946289062
v 521.0910034179688 -17.32500076293945 -467.0444946289062
v 521.0910034179688 -17.32500076293945 -464.508056640625
v 520.2781982421875 -17.32500076293945 -464.508056640625
v 523.9378662109375 -17.32500076293945 -468.7844543457031
v 523.9072265625 -17.32500076293945 -469.0887451171875
v 523.8153076171875 -17.32500076293945 -469.3399353027344
v 523.7463989257812 -17.32500076293945 -469.4456176757812
v 523.6621704101562 -17.32500076293945 -469.5380249023438
v 523.44775390625 -17.32500076293945 -469.6830139160156
v 523.3004150390625 -17.32500076293945 -469.7384033203125
v 523.1281127929688 -17.32500076293945 -469.7779846191406
v 522.7084350585938 -17.32500076293945 -469.8096313476562
v 521.0910034179688 -17.32500076293945 -469.8096313476562
v 521.0910034179688 -17.32500076293945 -467.7306518554688
v 522.7084350585938 -17.32500076293945 -467.7306518554688
v 522.96923828125 -17.32500076293945 -467.7452087402344
v 523.2042236328125 -17.32500076293945 -467.7888793945312
v 523.4133911132812 -17.32500076293945 -467.8616333007812
v 523.5968017578125 -17.32500076293945 -467.9634704589844
v 523.7460327148438 -17.32500076293945 -468.1020812988281
v 523.8526000976562 -17.32500076293945 -468.2851257324219
v 523.9165649414062 -17.32500076293945 -468.5125732421875
v 520.8862915039062 -17.32500076293945 -467.9452209472656
v 520.8862915039062 -17.32500076293945 -469.6937866210938
v 520.8862915039062 -17.32500076293945 -467.0709228515625
v 522.1920776367188 -17.32500076293945 -467.0709228515625
v 520.8862915039062 -17.32500076293945 -466.1966247558594
v 520.8862915039062 -17.32500076293945 -465.3223571777344
v 522.844970703125 -17.32500076293945 -467.0709228515625
vt 0.317473441362381 0.4199199080467224
vt 0.5614644885063171 0.4199199080467224
vt 0.5958853960037231 0.4224714338779449
vt 0.6267995238304138 0.4301260709762573
vt 0.6542069315910339 0.4428838193416595
vt 0.678107738494873 0.4607447683811188
vt 0.6974868178367615 0.4832238554954529
vt 0.71132892370224 0.5098361372947693
vt 0.7196342349052429 0.5405817031860352
vt 0.7224026322364807 0.5754607319831848
vt 0.7199341058731079 0.6062064170837402
vt 0.7125285863876343 0.6348969340324402
vt 0.700186014175415 0.6615323424339294
vt 0.6829063296318054 0.6861127018928528
vt 0.6723689436912537 0.6971531510353088
vt 0.6605051159858704 0.7067214846611023
vt 0.647314727306366 0.7148177623748779
vt 0.6327977776527405 0.7214419841766357
vt 0.5997843146324158 0.7302742004394531
vt 0.5614644885063171 0.7332183122634888
vt 0.3909291625022888 0.7332183122634888
vt 0.3909291625022888 0.671149730682373
vt 0.5371023416519165 0.671149730682373
vt 0.5606686472892761 0.6698336005210876
vt 0.5819047689437866 0.6658850312232971
vt 0.6008108258247375 0.6593040823936462
vt 0.6173868179321289 0.6500908136367798
vt 0.6308714151382446 0.6375523805618286
vt 0.6405032277107239 0.6209961771965027
vt 0.6462823152542114 0.6004221439361572
vt 0.6482086777687073 0.5758301615715027
vt 0.317473441362381 0.9626502394676208
vt 0.3909291625022888 0.9626502394676208
vt 0.6454402804374695 0.5483056902885437
vt 0.6371350288391113 0.5255841612815857
vt 0.6309060454368591 0.5160245299339294
vt 0.623292863368988 0.5076656341552734
vt 0.6039137840270996 0.494549959897995
vt 0.5906022191047668 0.4895392060279846
vt 0.5750298500061035 0.4859600961208344
vt 0.5371023416519165 0.4830968379974365
vt 0.3909291625022888 0.4830968379974365
vt 0.3724281191825867 0.6517432928085327
vt 0.3724281191825867 0.4935761690139771
vt 0.3724281191825867 0.7308268547058105
vt 0.4904360473155975 0.7308268547058105
vt 0.3724281191825867 0.8099104166030884
vt 0.3724281191825867 0.8889939785003662
vt 0.5494400262832642 0.7308268547058105
vt 0.817146360874176 0
vt 0.7279167771339417 0
vt 0.817146360874176 0.1541563421487808
vt 0.7279167771339417 0.1541563421487808
vt 0.817146360874176 0.1926954090595245
vt 0.7279167771339417 0.1926954090595245
vt 0.817146360874176 0.2312345057725906
vt 0.7279167771339417 0.2312345057725906
vt 0.817146360874176 0.2505040466785431
vt 0.7279167771339417 0.2505040466785431
vt 0.817146360874176 0.2697735726833344
vt 0.7279167771339417 0.2697735726833344
vt 0.817146360874176 0.289043128490448
vt 0.7279167771339417 0.289043128490448
vt 0.817146360874176 0.3083126842975616
vt 0.7279167771339417 0.3083126842975616
vt 0.817146360874176 0.3468517363071442
vt 0.7279167771339417 0.3468517363071442
vt 0.817146360874176 0.3853908181190491
vt 0.7279167771339417 0.3853908181190491
vt 0.817146360874176 0.4239299297332764
vt 0.7279167771339417 0.4239299297332764
vt 0.817146360874176 0.4624690115451813
vt 0.7279167771339417 0.4624690115451813
vt 0.817146360874176 0.5010080933570862
vt 0.7279167771339417 0.5010080933570862
vt 0.817146360874176 0.5395471453666687
vt 0.7279167771339417 0.5395471453666687
vt 0.817146360874176 0.578086256980896
vt 0.7279167771339417 0.578086256980896
vt 0.817146360874176 0.6166253685951233
vt 0.7279167771339417 0.6166253685951233
vt 0.817146360874176 0.6551644206047058
vt 0.7279167771339417 0.6551644206047058
vt 0.817146360874176 0.6937034726142883
vt 0.7279167771339417 0.6937034726142883
vt 0.817146360874176 0.7322425842285156
vt 0.7279167771339417 0.7322425842285156
vt 0.817146360874176 0.7707816362380981
vt 0.7279167771339417 0.7707816362380981
vt 0.817146360874176 0.9249380230903625
vt 0.7279167771339417 0.9249380230903625
vt 0.7725315690040588 0.9249380230903625
vt 0.7725315690040588 0
vt 0 0.6783914566040039
vt 0 0.7690858840942383
vt 0.2300390601158142 0.6783914566040039
vt 0.2300390601158142 0.7690858840942383
vt 0.2300390601158142 0.7237386703491211
vt 0 0.7237386703491211
vt 0.09069441258907318 0.4144926071166992
vt 0 0.4144926071166992
vt 0.09069441258907318 0.4882088303565979
vt 0 0.4882088303565979
vt 0.04534720629453659 0.4882088303565979
vt 0.04534720629453659 0.4144926071166992
vt 0.99853515625 0
vt 0.9093055725097656 0
vt 0.99853515625 0.5441664457321167
vt 0.9093055725097656 0.5441664457321167
vt 0.9539203643798828 0
vt 0.9539203643798828 0.5441664457321167
vt 0 0.823966920375824
vt 0 0.9146613478660583
vt 0.1039864420890808 0.823966920375824
vt 0.1039864420890808 0.9146613478660583
vt 0.1559796631336212 0.823966920375824
vt 0.1559796631336212 0.9146613478660583
vt 0.1819762587547302 0.823966920375824
vt 0.1819762587547302 0.9146613478660583
vt 0.2079728841781616 0.823966920375824
vt 0.2079728841781616 0.9146613478660583
vt 0.2339694797992706 0.823966920375824
vt 0.2339694797992706 0.9146613478660583
vt 0.2469677925109863 0.823966920375824
vt 0.2469677925109863 0.9146613478660583
vt 0.2599660754203796 0.823966920375824
vt 0.2599660754203796 0.9146613478660583
vt 0.285962700843811 0.823966920375824
vt 0.285962700843811 0.9146613478660583
vt 0.3119593262672424 0.823966920375824
vt 0.3119593262672424 0.9146613478660583
vt 0.3119593262672424 0.8693141341209412
vt 0 0.8693141341209412
vt 0 0.5328159928321838
vt 0 0.6235104203224182
vt 0.1885505318641663 0.5328159928321838
vt 0.1885505318641663 0.6235104203224182
vt 0.1885505318641663 0.578163206577301
vt 0 0.578163206577301
vt 0.9078407287597656 0
vt 0.818611204624176 0
vt 0.9078407287597656 0.02625088393688202
vt 0.818611204624176 0.02625088393688202
vt 0.9078407287597656 0.05250176787376404
vt 0.818611204624176 0.05250176787376404
vt 0.9078407287597656 0.07875265181064606
vt 0.818611204624176 0.07875265181064606
vt 0.9078407287597656 0.1050035357475281
vt 0.818611204624176 0.1050035357475281
vt 0.9078407287597656 0.1312544047832489
vt 0.818611204624176 0.1312544047832489
vt 0.9078407287597656 0.1575053036212921
vt 0.818611204624176 0.1575053036212921
vt 0.9078407287597656 0.1837561726570129
vt 0.818611204624176 0.1837561726570129
vt 0.9078407287597656 0.2100070714950562
vt 0.818611204624176 0.2100070714950562
vt 0.9078407287597656 0.3150106072425842
vt 0.818611204624176 0.3150106072425842
vt 0.8632259368896484 0
vt 0.8632259368896484 0.3150106072425842
vt 0.5496081113815308 0.004049291834235191
vt 0.5496081113815308 0.2480403482913971
vt 0.547049880027771 0.2824612259864807
vt 0.5393749475479126 0.3133753538131714
vt 0.5265834331512451 0.3407827615737915
vt 0.5086752772331238 0.3646835684776306
vt 0.4861367046833038 0.384062647819519
vt 0.4594539999961853 0.3979047834873199
vt 0.4286270439624786 0.4062100350856781
vt 0.3936557173728943 0.4089784622192383
vt 0.3628286719322205 0.4065099656581879
vt 0.334062248468399 0.3991044461727142
vt 0.3073563873767853 0.386761873960495
vt 0.2827109694480896 0.3694821894168854
vt 0.2716413140296936 0.3589448034763336
vt 0.2620476484298706 0.3470809459686279
vt 0.2539299726486206 0.3338905572891235
vt 0.2472882270812988 0.3193736374378204
vt 0.2384325861930847 0.2863601446151733
vt 0.2354807108640671 0.2480403482913971
vt 0.2354807108640671 0.07750499248504639
vt 0.005441681016236544 0.07750499248504639
vt 0.005441681016236544 0.004049291834235191
vt 0.3932853043079376 0.3347845077514648
vt 0.4208826422691345 0.3320161104202271
vt 0.4436642825603485 0.3237108588218689
vt 0.4532492160797119 0.3174818754196167
vt 0.4616302251815796 0.3098686933517456
vt 0.4747806191444397 0.2904896140098572
vt 0.4798046350479126 0.2771780490875244
vt 0.4833932220935822 0.2616056799888611
vt 0.4862640500068665 0.2236781567335129
vt 0.4862640500068665 0.07750499248504639
vt 0.2977135181427002 0.07750499248504639
vt 0.2977135181427002 0.2236781567335129
vt 0.2990331649780273 0.2472444921731949
vt 0.3029921650886536 0.2684806287288666
vt 0.3095904886722565 0.2873866558074951
vt 0.3188281953334808 0.3039626479148865
vt 0.3313997983932495 0.3174472749233246
vt 0.347999781370163 0.3270790874958038
vt 0.3686282634735107 0.3328581750392914
vt 0.3171713054180145 0.05900396779179573
vt 0.475756973028183 0.05900396779179573
vt 0.2378784716129303 0.05900396779179573
vt 0.2378784716129303 0.1770118921995163
vt 0.1585856527090073 0.05900396779179573
vt 0.07929282635450363 0.05900396779179573
vt 0.2378784716129303 0.2360158711671829
vn 0 -1 0
vn 0 -1 0
vn 0 -1 0
vn 0 -1 0
vn 0 -1 0
vn 0 -1 0
vn 0 -1 0
vn 0 -1 0
vn 0 -1 0
vn 0 -1 0
vn 0 -1 0
vn 0 -1 0
vn 0 -1 0
vn 0 -1 0
vn 0 -1 0
vn 0 -1 0
vn 0 -1 0
vn 0 -1 0
vn 0 -1 0
vn 0 -1 0
vn 0 -1 0
vn 0 -1 0
vn 0 -1 0
vn 0 -1 0
vn 0 -1 0
vn 0 -1 0
vn 0 -1 0
vn 0 -1 0
vn 0 -1 0
vn 0 -1 0
vn 0 -1 0
vn 0 -1 0
vn 0 -1 0
vn 0 -1 0
vn 0 -1 0
vn 0 -1 0
vn 0 -1 0
vn 0 -1 0
vn 0 -1 0
vn 0 -1 0
vn 0 -1 0
vn 0 -1 0
vn 0 -1 0
vn -2.220446049250313e-16 -1 0
vn 0 -1 0
vn 0 -1 0
vn -4.440892098500626e-16 -1 0
vn -4.440892098500626e-16 -1 0
vn 0 -1 0
vn 0 0 1
vn 0 0 1
vn 0 0 1
vn 0 0 1
vn 0.1627418398857117 0 0.9866687059402466
vn 0.1627418398857117 0 0.9866687059402466
vn 0.361351877450943 0 0.9324295520782471
vn 0.361351877450943 0 0.9324295520782471
vn 0.468851238489151 0 0.8832771182060242
vn 0.468851238489151 0 0.8832771182060242
vn 0.5758861303329468 0 0.8175299167633057
vn 0.5758861303329468 0 0.8175299167633057
vn 0.6767206788063049 0 0.7362398505210876
vn 0.6767206788063049 0 0.7362398505210876
vn 0.7660006880760193 0 0.642839789390564
vn 0.7660006880760193 0 0.642839789390564
vn 0.8654435873031616 0 0.5010063648223877
vn 0.8654435873031616 0 0.5010063648223877
vn 0.9417063593864441 0 0.3364359736442566
vn 0.9417063593864441 0 0.3364359736442566
vn 0.9864561557769775 0 0.1640251278877258
vn 0.9864561557769775 0 0.1640251278877258
vn 1 0 0
vn 1 0 0
vn 0.9860354661941528 0 -0.1665355414152145
vn 0.9860354661941528 0 -0.1665355414152145
vn 0.9327636957168579 0 -0.3604883849620819
vn 0.9327636957168579 0 -0.3604883849620819
vn 0.8279529809951782 0 -0.5607975721359253
vn 0.8279529809951782 0 -0.5607975721359253
vn 0.6773884892463684 0 -0.7356255054473877
vn 0.6773884892463684 0 -0.7356255054473877
vn 0.5121093988418579 0 -0.8589202165603638
vn 0.5121093988418579 0 -0.8589202165603638
vn 0.3300842940807343 0 -0.9439514875411987
vn 0.3300842940807343 0 -0.9439514875411987
vn 0.1542056500911713 0 -0.9880387783050537
vn 0.1542056500911713 0 -0.9880387783050537
vn 0 0 -1
vn 0 0 -1
vn 0 0 -1
vn 0 0 -1
vn 0 0 -1
vn 0 0 1
vn 1 0 0
vn 1 0 0
vn 1 0 0
vn 1 0 0
vn 1 0 0
vn 1 0 0
vn 0 0 1
vn 0 0 1
vn 0 0 1
vn 0 0 1
vn 0 0 1
vn 0 0 1
vn -1 0 0
vn -1 0 0
vn -1 0 0
vn -1 0 0
vn -1 0 0
vn -1 0 0
vn 0 0 1
vn 0 0 1
vn 0 0 1
vn 0 0 1
vn -0.1688126623630524 0 0.9856481552124023
vn -0.1688126623630524 0 0.9856481552124023
vn -0.2848188877105713 0 0.9585813283920288
vn -0.2848188877105713 0 0.9585813283920288
vn -0.4351686537265778 0 0.900348961353302
vn -0.4351686537265778 0 0.900348961353302
vn -0.6823169589042664 0 0.7310565114021301
vn -0.6823169589042664 0 0.7310565114021301
vn -0.7911049127578735 0 0.6116805076599121
vn -0.7911049127578735 0 0.6116805076599121
vn -0.8778955936431885 0 0.4788521230220795
vn -0.8778955936431885 0 0.4788521230220795
vn -0.9765240550041199 0 0.2154082804918289
vn -0.9765240550041199 0 0.2154082804918289
vn -1 0 0
vn -1 0 0
vn -1 0 0
vn 0 0 1
vn 1 0 0
vn 1 0 0
vn 1 0 0
vn 1 0 0
vn 1 0 0
vn 1 0 0
vn -1 0 0
vn -1 0 0
vn -0.9857325553894043 0 -0.1683192700147629
vn -0.9857325553894043 0 -0.1683192700147629
vn -0.923484206199646 0 -0.383636474609375
vn -0.923484206199646 0 -0.383636474609375
vn -0.7826825380325317 0 -0.6224210858345032
vn -0.7826825380325317 0 -0.6224210858345032
vn -0.5637971162796021 0 -0.8259133100509644
vn -0.5637971162796021 0 -0.8259133100509644
vn -0.4063598215579987 0 -0.9137131571769714
vn -0.4063598215579987 0 -0.9137131571769714
vn -0.2535080313682556 0 -0.9673332571983337
vn -0.2535080313682556 0 -0.9673332571983337
vn -0.1166031435132027 0 -0.9931786060333252
vn -0.1166031435132027 0 -0.9931786060333252
vn 0 0 -1
vn 0 0 -1
vn 0 0 -1
vn 0 0 -1
vn -1 0 0
vn 0 0 -1
vn 0 1 0
vn 0 1 0
vn 0 1 0
vn 0 1 0
vn 0 1 0
vn 0 1 0
vn 0 1 0
vn 0 1 0
vn 0 1 0
vn 0 1 0
vn 0 1 0
vn 0 1 0
vn 0 1 0
vn 0 1 0
vn 0 1 0
vn 0 1 0
vn 0 1 0
vn 0 1 0
vn 0 1 0
vn 0 1 0
vn 0 1 0
vn 0 1 0
vn 0 1 0
vn 0 1 0
vn 0 1 0
vn 0 1 0
vn 0 1 0
vn 0 1 0
vn 0 1 0
vn 0 1 0
vn 0 1 0
vn 0 1 0
vn 0 1 0
vn 0 1 0
vn 0 1 0
vn 0 1 0
vn 0 1 0
vn 0 1 0
vn 0 1 0
vn 0 1 0
vn 0 1 0
vn 0 1 0
vn 2.220446049250313e-16 1 0
vn 0 1 0
vn 0 1 0
vn 0 1 0
vn 0 1 0
vn 0 1 0
vn 0 1 0
f 2369/2369/2369 2370/2370/2370 2330/2330/2330
f 2329/2329/2329 2330/2330/2330 2370/2370/2370
f 2370/2370/2370 2350/2350/2350 2371/2371/2371 2372/2372/2372
f 2372/2372/2372 2329/2329/2329 2370/2370/2370
f 2329/2329/2329 2372/2372/2372 2371/2371/2371
f 2373/2373/2373 2329/2329/2329 2371/2371/2371
f 2368/2368/2368 2330/2330/2330 2331/2331/2331
f 2367/2367/2367 2368/2368/2368 2331/2331/2331
f 2347/2347/2347 2353/2353/2353 2354/2354/2354
f 2366/2366/2366 2367/2367/2367 2331/2331/2331
f 2330/2330/2330 2368/2368/2368 2369/2369/2369
f 2348/2348/2348 2352/2352/2352 2353/2353/2353
f 2373/2373/2373 2350/2350/2350 2374/2374/2374
f 2371/2371/2371 2350/2350/2350 2373/2373/2373
f 2349/2349/2349 2373/2373/2373 2374/2374/2374
f 2375/2375/2375 2373/2373/2373 2349/2349/2349
f 2376/2376/2376 2360/2360/2360 2375/2375/2375
f 2373/2373/2373 2375/2375/2375 2360/2360/2360
f 2361/2361/2361 2360/2360/2360 2376/2376/2376
f 2348/2348/2348 2349/2349/2349 2374/2374/2374
f 2329/2329/2329 2373/2373/2373 2360/2360/2360
f 2351/2351/2351 2377/2377/2377 2374/2374/2374
f 2350/2350/2350 2351/2351/2351 2374/2374/2374
f 2347/2347/2347 2348/2348/2348 2353/2353/2353
f 2377/2377/2377 2352/2352/2352 2348/2348/2348
f 2361/2361/2361 2376/2376/2376 2375/2375/2375
f 2377/2377/2377 2348/2348/2348 2374/2374/2374
f 2352/2352/2352 2377/2377/2377 2351/2351/2351
f 2375/2375/2375 2349/2349/2349 2361/2361/2361
f 2347/2347/2347 2354/2354/2354 2346/2346/2346
f 2365/2365/2365 2366/2366/2366 2332/2332/2332
f 2331/2331/2331 2332/2332/2332 2366/2366/2366
f 2333/2333/2333 2364/2364/2364 2365/2365/2365
f 2364/2364/2364 2334/2334/2334 2363/2363/2363
f 2363/2363/2363 2335/2335/2335 2362/2362/2362
f 2365/2365/2365 2332/2332/2332 2333/2333/2333
f 2334/2334/2334 2335/2335/2335 2363/2363/2363
f 2362/2362/2362 2335/2335/2335 2336/2336/2336
f 2362/2362/2362 2337/2337/2337 2359/2359/2359
f 2337/2337/2337 2362/2362/2362 2336/2336/2336
f 2333/2333/2333 2334/2334/2334 2364/2364/2364
f 2338/2338/2338 2359/2359/2359 2337/2337/2337
f 2357/2357/2357 2342/2342/2342 2356/2356/2356
f 2344/2344/2344 2345/2345/2345 2356/2356/2356
f 2346/2346/2346 2355/2355/2355 2345/2345/2345
f 2356/2356/2356 2345/2345/2345 2355/2355/2355
f 2354/2354/2354 2355/2355/2355 2346/2346/2346
f 2341/2341/2341 2357/2357/2357 2358/2358/2358
f 2358/2358/2358 2339/2339/2339 2340/2340/2340
f 2338/2338/2338 2339/2339/2339 2359/2359/2359
f 2358/2358/2358 2340/2340/2340 2341/2341/2341
f 2344/2344/2344 2356/2356/2356 2343/2343/2343
f 2343/2343/2343 2356/2356/2356 2342/2342/2342
f 2357/2357/2357 2341/2341/2341 2342/2342/2342
f 2339/2339/2339 2358/2358/2358 2359/2359/2359
f 2421/2421/2421 2378/2378/2378 2380/2380/2380
f 2384/2384/2384 2385/2385/2385 2383/2383/2383 2382/2382/2382
f 2386/2386/2386 2387/2387/2387 2385/2385/2385 2384/2384/2384
f 2382/2382/2382 2383/2383/2383 2381/2381/2381 2380/2380/2380
f 2390/2390/2390 2391/2391/2391 2389/2389/2389 2388/2388/2388
f 2392/2392/2392 2393/2393/2393 2391/2391/2391 2390/2390/2390
f 2396/2396/2396 2397/2397/2397 2395/2395/2395 2394/2394/2394
f 2397/2397/2397 2396/2396/2396 2398/2398/2398 2399/2399/2399
f 2394/2394/2394 2395/2395/2395 2393/2393/2393 2392/2392/2392
f 2388/2388/2388 2389/2389/2389 2387/2387/2387 2386/2386/2386
f 2381/2381/2381 2379/2379/2379 2421/2421/2421
f 2380/2380/2380 2381/2381/2381 2421/2421/2421
f 2402/2402/2402 2403/2403/2403 2401/2401/2401 2400/2400/2400
f 2406/2406/2406 2407/2407/2407 2405/2405/2405 2404/2404/2404
f 2408/2408/2408 2409/2409/2409 2407/2407/2407 2406/2406/2406
f 2404/2404/2404 2405/2405/2405 2403/2403/2403 2402/2402/2402
f 2412/2412/2412 2413/2413/2413 2411/2411/2411 2410/2410/2410
f 2414/2414/2414 2415/2415/2415 2413/2413/2413 2412/2412/2412
f 2420/2420/2420 2416/2416/2416 2418/2418/2418
f 2416/2416/2416 2417/2417/2417 2415/2415/2415 2414/2414/2414
f 2410/2410/2410 2411/2411/2411 2409/2409/2409 2408/2408/2408
f 2416/2416/2416 2420/2420/2420 2417/2417/2417
f 2400/2400/2400 2401/2401/2401 2399/2399/2399 2398/2398/2398
f 2420/2420/2420 2419/2419/2419 2417/2417/2417
f 2427/2427/2427 2422/2422/2422 2424/2424/2424 2426/2426/2426
f 2423/2423/2423 2427/2427/2427 2426/2426/2426 2425/2425/2425
f 2433/2433/2433 2428/2428/2428 2430/2430/2430 2432/2432/2432
f 2429/2429/2429 2433/2433/2433 2432/2432/2432 2431/2431/2431
f 2438/2438/2438 2434/2434/2434 2436/2436/2436 2439/2439/2439
f 2435/2435/2435 2438/2438/2438 2439/2439/2439 2437/2437/2437
f 2461/2461/2461 2440/2440/2440 2442/2442/2442
f 2446/2446/2446 2447/2447/2447 2445/2445/2445 2444/2444/2444
f 2448/2448/2448 2449/2449/2449 2447/2447/2447 2446/2446/2446
f 2444/2444/2444 2445/2445/2445 2443/2443/2443 2442/2442/2442
f 2441/2441/2441 2461/2461/2461 2443/2443/2443
f 2443/2443/2443 2461/2461/2461 2442/2442/2442
f 2449/2449/2449 2448/2448/2448 2450/2450/2450 2451/2451/2451
f 2452/2452/2452 2453/2453/2453 2451/2451/2451 2450/2450/2450
f 2456/2456/2456 2457/2457/2457 2455/2455/2455 2454/2454/2454
f 2460/2460/2460 2456/2456/2456 2458/2458/2458
f 2454/2454/2454 2455/2455/2455 2453/2453/2453 2452/2452/2452
f 2459/2459/2459 2457/2457/2457 2460/2460/2460
f 2460/2460/2460 2457/2457/2457 2456/2456/2456
f 2467/2467/2467 2462/2462/2462 2464/2464/2464 2466/2466/2466
f 2463/2463/2463 2467/2467/2467 2466/2466/2466 2465/2465/2465
f 2488/2488/2488 2468/2468/2468 2470/2470/2470
f 2474/2474/2474 2475/2475/2475 2473/2473/2473 2472/2472/2472
f 2476/2476/2476 2477/2477/2477 2475/2475/2475 2474/2474/2474
f 2472/2472/2472 2473/2473/2473 2471/2471/2471 2470/2470/2470
f 2469/2469/2469 2488/2488/2488 2471/2471/2471
f 2471/2471/2471 2488/2488/2488 2470/2470/2470
f 2477/2477/2477 2476/2476/2476 2478/2478/2478 2479/2479/2479
f 2480/2480/2480 2481/2481/2481 2479/2479/2479 2478/2478/2478
f 2484/2484/2484 2485/2485/2485 2483/2483/2483 2482/2482/2482
f 2489/2489/2489 2484/2484/2484 2486/2486/2486
f 2482/2482/2482 2483/2483/2483 2481/2481/2481 2480/2480/2480
f 2487/2487/2487 2485/2485/2485 2489/2489/2489
f 2489/2489/2489 2485/2485/2485 2484/2484/2484
f 2521/2521/2521 2491/2491/2491 2522/2522/2522
f 2490/2490/2490 2522/2522/2522 2491/2491/2491
f 2522/2522/2522 2533/2533/2533 2532/2532/2532 2523/2523/2523
f 2533/2533/2533 2522/2522/2522 2490/2490/2490
f 2490/2490/2490 2532/2532/2532 2533/2533/2533
f 2534/2534/2534 2532/2532/2532 2490/2490/2490
f 2520/2520/2520 2492/2492/2492 2491/2491/2491
f 2519/2519/2519 2492/2492/2492 2520/2520/2520
f 2508/2508/2508 2527/2527/2527 2526/2526/2526
f 2518/2518/2518 2492/2492/2492 2519/2519/2519
f 2491/2491/2491 2521/2521/2521 2520/2520/2520
f 2509/2509/2509 2526/2526/2526 2525/2525/2525
f 2534/2534/2534 2535/2535/2535 2523/2523/2523
f 2532/2532/2532 2534/2534/2534 2523/2523/2523
f 2510/2510/2510 2535/2535/2535 2534/2534/2534
f 2536/2536/2536 2510/2510/2510 2534/2534/2534
f 2537/2537/2537 2536/2536/2536 2512/2512/2512
f 2534/2534/2534 2512/2512/2512 2536/2536/2536
f 2511/2511/2511 2537/2537/2537 2512/2512/2512
f 2509/2509/2509 2535/2535/2535 2510/2510/2510
f 2490/2490/2490 2512/2512/2512 2534/2534/2534
f 2524/2524/2524 2535/2535/2535 2538/2538/2538
f 2523/2523/2523 2535/2535/2535 2524/2524/2524
f 2508/2508/2508 2526/2526/2526 2509/2509/2509
f 2538/2538/2538 2509/2509/2509 2525/2525/2525
f 2511/2511/2511 2536/2536/2536 2537/2537/2537
f 2538/2538/2538 2535/2535/2535 2509/2509/2509
f 2525/2525/2525 2524/2524/2524 2538/2538/2538
f 2536/2536/2536 2511/2511/2511 2510/2510/2510
f 2508/2508/2508 2507/2507/2507 2527/2527/2527
f 2517/2517/2517 2493/2493/2493 2518/2518/2518
f 2492/2492/2492 2518/2518/2518 2493/2493/2493
f 2494/2494/2494 2517/2517/2517 2516/2516/2516
f 2516/2516/2516 2515/2515/2515 2495/2495/2495
f 2515/2515/2515 2514/2514/2514 2496/2496/2496
f 2517/2517/2517 2494/2494/2494 2493/2493/2493
f 2495/2495/2495 2515/2515/2515 2496/2496/2496
f 2514/2514/2514 2497/2497/2497 2496/2496/2496
f 2514/2514/2514 2513/2513/2513 2498/2498/2498
f 2498/2498/2498 2497/2497/2497 2514/2514/2514
f 2494/2494/2494 2516/2516/2516 2495/2495/2495
f 2499/2499/2499 2498/2498/2498 2513/2513/2513
f 2530/2530/2530 2529/2529/2529 2503/2503/2503
f 2505/2505/2505 2529/2529/2529 2506/2506/2506
f 2507/2507/2507 2506/2506/2506 2528/2528/2528
f 2529/2529/2529 2528/2528/2528 2506/2506/2506
f 2527/2527/2527 2507/2507/2507 2528/2528/2528
f 2502/2502/2502 2531/2531/2531 2530/2530/2530
f 2531/2531/2531 2501/2501/2501 2500/2500/2500
f 2499/2499/2499 2513/2513/2513 2500/2500/2500
f 2531/2531/2531 2502/2502/2502 2501/2501/2501
f 2505/2505/2505 2504/2504/2504 2529/2529/2529
f 2504/2504/2504 2503/2503/2503 2529/2529/2529
f 2530/2530/2530 2503/2503/2503 2502/2502/2502
f 2500/2500/2500 2513/2513/2513 2531/2531/2531
g object_14
v 525.7799072265625 -18.32500076293945 -470.508056640625
v 526.1863403320312 -18.32500076293945 -470.508056640625
v 526.5927124023438 -18.32500076293945 -470.508056640625
v 525.7799072265625 -18.32500076293945 -464.508056640625
v 525.7799072265625 -18.32500076293945 -467.508056640625
v 529.6315307617188 -18.32500076293945 -464.508056640625
v 527.7057495117188 -18.32500076293945 -464.508056640625
v 529.6315307617188 -18.32500076293945 -465.2228393554688
v 526.5927124023438 -18.32500076293945 -465.2228393554688
v 528.1121215820312 -18.32500076293945 -465.2228393554688
v 526.5927124023438 -18.32500076293945 -467.8654479980469
v 526.5927124023438 -18.32500076293945 -470.508056640625
v 526.5927124023438 -17.32500076293945 -470.508056640625
v 525.7799072265625 -18.32500076293945 -470.508056640625
v 525.7799072265625 -17.32500076293945 -470.508056640625
v 526.1863403320312 -18.32500076293945 -470.508056640625
v 525.7799072265625 -17.82500076293945 -470.508056640625
v 526.1863403320312 -17.32500076293945 -470.508056640625
v 526.5927124023438 -17.82500076293945 -470.508056640625
v 526.5927124023438 -18.32500076293945 -465.2228393554688
v 526.5927124023438 -17.32500076293945 -465.2228393554688
v 526.5927124023438 -18.32500076293945 -470.508056640625
v 526.5927124023438 -17.32500076293945 -470.508056640625
v 526.5927124023438 -18.32500076293945 -467.8654479980469
v 526.5927124023438 -17.82500076293945 -470.508056640625
v 526.5927124023438 -17.32500076293945 -467.8654479980469
v 529.6315307617188 -18.32500076293945 -465.2228393554688
v 529.6315307617188 -17.32500076293945 -465.2228393554688
v 526.5927124023438 -18.32500076293945 -465.2228393554688
v 526.5927124023438 -17.32500076293945 -465.2228393554688
v 528.1121215820312 -18.32500076293945 -465.2228393554688
v 528.1121215820312 -17.32500076293945 -465.2228393554688
v 529.6315307617188 -17.82500076293945 -465.2228393554688
v 529.6315307617188 -18.32500076293945 -464.508056640625
v 529.6315307617188 -17.32500076293945 -464.508056640625
v 529.6315307617188 -18.32500076293945 -465.2228393554688
v 529.6315307617188 -17.32500076293945 -465.2228393554688
v 529.6315307617188 -17.82500076293945 -465.2228393554688
v 529.6315307617188 -17.82500076293945 -464.508056640625
v 525.7799072265625 -18.32500076293945 -464.508056640625
v 525.7799072265625 -17.32500076293945 -464.508056640625
v 529.6315307617188 -18.32500076293945 -464.508056640625
v 529.6315307617188 -17.32500076293945 -464.508056640625
v 527.7057495117188 -18.32500076293945 -464.508056640625
v 529.6315307617188 -17.82500076293945 -464.508056640625
v 527.7057495117188 -17.32500076293945 -464.508056640625
v 525.7799072265625 -18.32500076293945 -470.508056640625
v 525.7799072265625 -17.32500076293945 -470.508056640625
v 525.7799072265625 -18.32500076293945 -464.508056640625
v 525.7799072265625 -17.32500076293945 -464.508056640625
v 525.7799072265625 -18.32500076293945 -467.508056640625
v 525.7799072265625 -17.82500076293945 -470.508056640625
v 525.7799072265625 -17.32500076293945 -467.508056640625
v 525.7799072265625 -17.32500076293945 -470.508056640625
v 526.1863403320312 -17.32500076293945 -470.508056640625
v 526.5927124023438 -17.32500076293945 -470.508056640625
v 526.5927124023438 -17.32500076293945 -467.8654479980469
v 526.5927124023438 -17.32500076293945 -465.2228393554688
v 528.1121215820312 -17.32500076293945 -465.2228393554688
v 529.6315307617188 -17.32500076293945 -465.2228393554688
v 529.6315307617188 -17.32500076293945 -464.508056640625
v 527.7057495117188 -17.32500076293945 -464.508056640625
v 525.7799072265625 -17.32500076293945 -464.508056640625
v 525.7799072265625 -17.32500076293945 -467.508056640625
vt 0.6053410172462463 0.006086882203817368
vt 0.6464178562164307 0.006086882203817368
vt 0.6874947547912598 0.006086882203817368
vt 0.6053410172462463 0.6147750616073608
vt 0.6053410172462463 0.3104309737682343
vt 0.9946421384811401 0.6147750616073608
vt 0.7999916076660156 0.6147750616073608
vt 0.9946421384811401 0.542262852191925
vt 0.6874947547912598 0.542262852191925
vt 0.8410684466362 0.542262852191925
vt 0.6874947547912598 0.2741748690605164
vt 0.2814262211322784 0
vt 0.2814262211322784 0.09998319298028946
vt 0.3638829588890076 0
vt 0.3638829588890076 0.09998319298028946
vt 0.3226545751094818 0
vt 0.3638829588890076 0.04999159649014473
vt 0.3226545751094818 0.09998319298028946
vt 0.2814262211322784 0.04999159649014473
vt 0.09998319298028946 0.304344117641449
vt 0 0.304344117641449
vt 0.09998319298028946 0.8405200839042664
vt 0 0.8405200839042664
vt 0.09998319298028946 0.5724321007728577
vt 0.04999159649014473 0.8405200839042664
vt 0 0.5724321007728577
vt 0 0.1014480367302895
vt 0 0.2014312297105789
vt 0.3082804679870605 0.1014480367302895
vt 0.3082804679870605 0.2014312297105789
vt 0.1541402339935303 0.1014480367302895
vt 0.1541402339935303 0.2014312297105789
vt 0 0.1514396369457245
vt 0 0
vt 0 0.09998319298028946
vt 0.07251220941543579 0
vt 0.07251220941543579 0.09998319298028946
vt 0.07251220941543579 0.04999159649014473
vt 0 0.04999159649014473
vt 0 0.2028960734605789
vt 0 0.302879273891449
vt 0.3907372355461121 0.2028960734605789
vt 0.3907372355461121 0.302879273891449
vt 0.195368617773056 0.2028960734605789
vt 0.3907372355461121 0.2528876662254333
vt 0.195368617773056 0.302879273891449
vt 0.2014312297105789 0.304344117641449
vt 0.1014480367302895 0.304344117641449
vt 0.2014312297105789 0.9130322933197021
vt 0.1014480367302895 0.9130322933197021
vt 0.2014312297105789 0.6086882352828979
vt 0.1514396369457245 0.304344117641449
vt 0.1014480367302895 0.6086882352828979
vt 0.2067890763282776 0.3104166388511658
vt 0.2478659152984619 0.3104166388511658
vt 0.2889427542686462 0.3104166388511658
vt 0.2889427542686462 0.577872097492218
vt 0.2889427542686462 0.8453275561332703
vt 0.4425164759159088 0.8453275561332703
vt 0.5960901975631714 0.8453275561332703
vt 0.5960901975631714 0.9176687002182007
vt 0.4014396369457245 0.9176687002182007
vt 0.2067890763282776 0.9176687002182007
vt 0.2067890763282776 0.6140426397323608
vn 0 -1 0
vn 0 -1 0
vn 0 -1 0
vn 0 -1 0
vn 0 -1 0
vn 0 -1 0
vn 0 -1 0
vn 0 -1 0
vn 0 -1 0
vn 0 -1 0
vn 0 -1 0
vn 0 0 -1
vn 0 0 -1
vn 0 0 -1
vn 0 0 -1
vn 0 0 -1
vn 0 0 -1
vn 0 0 -1
vn 0 0 -1
vn 1 0 0
vn 1 0 0
vn 1 0 0
vn 1 0 0
vn 1 0 0
vn 1 0 0
vn 1 0 0
vn 0 0 -1
vn 0 0 -1
vn 0 0 -1
vn 0 0 -1
vn 0 0 -1
vn 0 0 -1
vn 0 0 -1
vn 1 0 0
vn 1 0 0
vn 1 0 0
vn 1 0 0
vn 1 0 0
vn 1 0 0
vn 0 0 1
vn 0 0 1
vn 0 0 1
vn 0 0 1
vn 0 0 1
vn 0 0 1
vn 0 0 1
vn -1 0 0
vn -1 0 0
vn -1 0 0
vn -1 0 0
vn -1 0 0
vn -1 0 0
vn -1 0 0
vn 0 1 0
vn 0 1 0
vn 0 1 0
vn 0 1 0
vn 0 1 0
vn 0 1 0
vn 0 1 0
vn 0 1 0
vn 0 1 0
vn 0 1 0
vn 0 1 0
f 2549/2549/2549 2543/2543/2543 2539/2539/2539
f 2542/2542/2542 2543/2543/2543 2549/2549/2549 2547/2547/2547
f 2549/2549/2549 2539/2539/2539 2540/2540/2540
f 2540/2540/2540 2541/2541/2541 2549/2549/2549
f 2545/2545/2545 2547/2547/2547 2548/2548/2548
f 2544/2544/2544 2545/2545/2545 2548/2548/2548 2546/2546/2546
f 2542/2542/2542 2547/2547/2547 2545/2545/2545
f 2557/2557/2557 2550/2550/2550 2554/2554/2554
f 2557/2557/2557 2556/2556/2556 2551/2551/2551
f 2555/2555/2555 2557/2557/2557 2554/2554/2554 2552/2552/2552
f 2557/2557/2557 2555/2555/2555 2553/2553/2553 2556/2556/2556
f 2559/2559/2559 2558/2558/2558 2562/2562/2562 2564/2564/2564
f 2562/2562/2562 2563/2563/2563 2564/2564/2564
f 2563/2563/2563 2561/2561/2561 2564/2564/2564
f 2560/2560/2560 2563/2563/2563 2562/2562/2562
f 2569/2569/2569 2571/2571/2571 2565/2565/2565
f 2570/2570/2570 2566/2566/2566 2571/2571/2571
f 2567/2567/2567 2568/2568/2568 2570/2570/2570 2569/2569/2569
f 2571/2571/2571 2569/2569/2569 2570/2570/2570
f 2577/2577/2577 2572/2572/2572 2574/2574/2574 2576/2576/2576
f 2573/2573/2573 2577/2577/2577 2576/2576/2576 2575/2575/2575
f 2579/2579/2579 2578/2578/2578 2582/2582/2582 2584/2584/2584
f 2582/2582/2582 2583/2583/2583 2584/2584/2584
f 2583/2583/2583 2581/2581/2581 2584/2584/2584
f 2580/2580/2580 2583/2583/2583 2582/2582/2582
f 2589/2589/2589 2590/2590/2590 2585/2585/2585
f 2591/2591/2591 2586/2586/2586 2590/2590/2590
f 2587/2587/2587 2588/2588/2588 2591/2591/2591 2589/2589/2589
f 2590/2590/2590 2589/2589/2589 2591/2591/2591
f 2595/2595/2595 2592/2592/2592 2602/2602/2602
f 2601/2601/2601 2596/2596/2596 2595/2595/2595 2602/2602/2602
f 2595/2595/2595 2593/2593/2593 2592/2592/2592
f 2593/2593/2593 2595/2595/2595 2594/2594/2594
f 2600/2600/2600 2597/2597/2597 2596/2596/2596
f 2599/2599/2599 2598/2598/2598 2597/2597/2597 2600/2600/2600
f 2601/2601/2601 2600/2600/2600 2596/2596/2596
g object_15
v 533.0216064453125 -18.32500076293945 -470.6714477539062
v 533.4058837890625 -18.32500076293945 -470.6554870605469
v 533.7644653320312 -18.32500076293945 -470.6076354980469
v 534.09716796875 -18.32500076293945 -470.5278625488281
v 534.4041748046875 -18.32500076293945 -470.4161682128906
v 534.6853637695312 -18.32500076293945 -470.2725830078125
v 534.9407348632812 -18.32500076293945 -470.0970764160156
v 535.1703491210938 -18.32500076293945 -469.8896484375
v 535.3742065429688 -18.32500076293945 -469.6503295898438
v 535.5139770507812 -18.32500076293945 -469.4442749023438
v 535.6351318359375 -18.32500076293945 -469.2242736816406
v 535.7376098632812 -18.32500076293945 -468.9903869628906
v 535.8214721679688 -18.32500076293945 -468.7425842285156
v 535.8866577148438 -18.32500076293945 -468.4808654785156
v 535.9332885742188 -18.32500076293945 -468.2052307128906
v 535.9705200195312 -18.32500076293945 -467.6122131347656
v 535.9598999023438 -18.32500076293945 -467.2833557128906
v 535.9279174804688 -18.32500076293945 -466.9686584472656
v 535.8746337890625 -18.32500076293945 -466.6681518554688
v 535.7999877929688 -18.32500076293945 -466.3817749023438
v 535.7041015625 -18.32500076293945 -466.1095886230469
v 535.5868530273438 -18.32500076293945 -465.8515930175781
v 535.4483032226562 -18.32500076293945 -465.6077270507812
v 535.2884521484375 -18.32500076293945 -465.3780517578125
v 535.07763671875 -18.32500076293945 -465.1329650878906
v 534.8455200195312 -18.32500076293945 -464.9205932617188
v 534.5921020507812 -18.32500076293945 -464.7408752441406
v 534.3173828125 -18.32500076293945 -464.5938415527344
v 534.0213012695312 -18.32500076293945 -464.4794616699219
v 533.7039184570312 -18.32500076293945 -464.3977966308594
v 533.365234375 -18.32500076293945 -464.3487854003906
v 533.0052490234375 -18.32500076293945 -464.3324279785156
v 532.6683349609375 -18.32500076293945 -464.3467407226562
v 532.3499755859375 -18.32500076293945 -464.3896179199219
v 532.050048828125 -18.32500076293945 -464.4610900878906
v 531.7686767578125 -18.32500076293945 -464.5611572265625
v 531.5057983398438 -18.32500076293945 -464.6898193359375
v 531.261474609375 -18.32500076293945 -464.8470764160156
v 531.0355834960938 -18.32500076293945 -465.0328979492188
v 530.8282470703125 -18.32500076293945 -465.2473449707031
v 533.103271484375 -18.32500076293945 -465.0594482421875
v 533.362548828125 -18.32500076293945 -465.0715026855469
v 533.6032104492188 -18.32500076293945 -465.1075744628906
v 533.8253784179688 -18.32500076293945 -465.167724609375
v 534.0289306640625 -18.32500076293945 -465.2519226074219
v 534.2138671875 -18.32500076293945 -465.3601989746094
v 534.3803100585938 -18.32500076293945 -465.4925231933594
v 534.5281372070312 -18.32500076293945 -465.64892578125
v 534.6574096679688 -18.32500076293945 -465.8293762207031
v 534.8673706054688 -18.32500076293945 -466.228759765625
v 535.017333984375 -18.32500076293945 -466.656982421875
v 535.1072998046875 -18.32500076293945 -467.1140441894531
v 535.1373291015625 -18.32500076293945 -467.5999755859375
v 535.1027221679688 -18.32500076293945 -468.1031188964844
v 534.9989624023438 -18.32500076293945 -468.5546875
v 534.921142578125 -18.32500076293945 -468.7611389160156
v 534.8259887695312 -18.32500076293945 -468.9547119140625
v 534.7135620117188 -18.32500076293945 -469.1353759765625
v 534.5838623046875 -18.32500076293945 -469.3031616210938
v 534.4391479492188 -18.32500076293945 -469.4544067382812
v 534.28173828125 -18.32500076293945 -469.5855102539062
v 534.1116333007812 -18.32500076293945 -469.6964111328125
v 533.9288330078125 -18.32500076293945 -469.7871704101562
v 533.7333374023438 -18.32500076293945 -469.8577575683594
v 533.525146484375 -18.32500076293945 -469.9081726074219
v 533.30419921875 -18.32500076293945 -469.9384155273438
v 533.0706176757812 -18.32500076293945 -469.948486328125
v 532.8431396484375 -18.32500076293945 -469.9385070800781
v 532.6264038085938 -18.32500076293945 -469.9085388183594
v 532.42041015625 -18.32500076293945 -469.8586120605469
v 532.2251586914062 -18.32500076293945 -469.7886962890625
v 532.0405883789062 -18.32500076293945 -469.6988220214844
v 531.86669921875 -18.32500076293945 -469.5889587402344
v 531.70361328125 -18.32500076293945 -469.4591064453125
v 531.5512084960938 -18.32500076293945 -469.3092956542969
v 531.413330078125 -18.32500076293945 -469.1400146484375
v 531.2938842773438 -18.32500076293945 -468.9517822265625
v 531.1928100585938 -18.32500076293945 -468.7445983886719
v 531.110107421875 -18.32500076293945 -468.5184326171875
v 531.0457763671875 -18.32500076293945 -468.2733459472656
v 530.9998168945312 -18.32500076293945 -468.0093078613281
v 530.9630737304688 -18.32500076293945 -467.4243469238281
v 530.9945678710938 -18.32500076293945 -466.945556640625
v 531.0891723632812 -18.32500076293945 -466.505859375
v 531.2467651367188 -18.32500076293945 -466.1051940917969
v 531.4674682617188 -18.32500076293945 -465.7435913085938
v 531.6033935546875 -18.32500076293945 -465.583251953125
v 531.7588500976562 -18.32500076293945 -465.4442749023438
v 531.9339599609375 -18.32500076293945 -465.3266906738281
v 532.128662109375 -18.32500076293945 -465.2304992675781
v 532.3428955078125 -18.32500076293945 -465.1556701660156
v 532.5767822265625 -18.32500076293945 -465.1022033691406
v 532.8302001953125 -18.32500076293945 -465.0701599121094
v 530.6626586914062 -18.32500076293945 -465.4751892089844
v 530.5191040039062 -18.32500076293945 -465.7175598144531
v 530.3976440429688 -18.32500076293945 -465.9744873046875
v 530.2982788085938 -18.32500076293945 -466.2459716796875
v 530.2210083007812 -18.32500076293945 -466.5320129394531
v 530.1658325195312 -18.32500076293945 -466.8326110839844
v 530.1326904296875 -18.32500076293945 -467.1477355957031
v 530.1216430664062 -18.32500076293945 -467.4774169921875
v 530.159423828125 -18.32500076293945 -468.0640563964844
v 530.2066650390625 -18.32500076293945 -468.3409118652344
v 530.2727661132812 -18.32500076293945 -468.6067810058594
v 530.3577880859375 -18.32500076293945 -468.8616638183594
v 530.461669921875 -18.32500076293945 -469.1055908203125
v 530.58447265625 -18.32500076293945 -469.3385314941406
v 530.7261352539062 -18.32500076293945 -469.5604858398438
v 530.9317626953125 -18.32500076293945 -469.8208618164062
v 531.16064453125 -18.32500076293945 -470.0465393066406
v 531.4127197265625 -18.32500076293945 -470.2374877929688
v 531.6880493164062 -18.32500076293945 -470.3937072753906
v 531.986572265625 -18.32500076293945 -470.5151977539062
v 532.308349609375 -18.32500076293945 -470.6020202636719
v 532.6533813476562 -18.32500076293945 -470.6540832519531
v 530.9154052734375 -18.32500076293945 -468.887451171875
v 530.9154052734375 -18.32500076293945 -467.0401000976562
v 530.9154052734375 -18.32500076293945 -466.1164245605469
v 535.1767578125 -18.32500076293945 -468.887451171875
v 535.1767578125 -18.32500076293945 -467.0401000976562
v 535.1767578125 -18.32500076293945 -466.1164245605469
v 530.8282470703125 -18.32500076293945 -465.2473449707031
v 530.8282470703125 -17.32500076293945 -465.2473449707031
v 531.0355834960938 -18.32500076293945 -465.0328979492188
v 531.0355834960938 -17.32500076293945 -465.0328979492188
v 531.261474609375 -18.32500076293945 -464.8470764160156
v 531.261474609375 -17.32500076293945 -464.8470764160156
v 531.5057983398438 -18.32500076293945 -464.6898193359375
v 531.5057983398438 -17.32500076293945 -464.6898193359375
v 531.7686767578125 -18.32500076293945 -464.5611572265625
v 531.7686767578125 -17.32500076293945 -464.5611572265625
v 532.050048828125 -18.32500076293945 -464.4610900878906
v 532.050048828125 -17.32500076293945 -464.4610900878906
v 532.3499755859375 -18.32500076293945 -464.3896179199219
v 532.3499755859375 -17.32500076293945 -464.3896179199219
v 532.6683349609375 -18.32500076293945 -464.3467407226562
v 532.6683349609375 -17.32500076293945 -464.3467407226562
v 533.0052490234375 -18.32500076293945 -464.3324279785156
v 533.0052490234375 -17.32500076293945 -464.3324279785156
v 533.365234375 -18.32500076293945 -464.3487854003906
v 533.365234375 -17.32500076293945 -464.3487854003906
v 533.7039184570312 -18.32500076293945 -464.3977966308594
v 533.7039184570312 -17.32500076293945 -464.3977966308594
v 534.0213012695312 -18.32500076293945 -464.4794616699219
v 534.0213012695312 -17.32500076293945 -464.4794616699219
v 534.3173828125 -18.32500076293945 -464.5938415527344
v 534.3173828125 -17.32500076293945 -464.5938415527344
v 534.5921020507812 -18.32500076293945 -464.7408752441406
v 534.5921020507812 -17.32500076293945 -464.7408752441406
v 534.8455200195312 -18.32500076293945 -464.9205932617188
v 534.8455200195312 -17.32500076293945 -464.9205932617188
v 535.07763671875 -18.32500076293945 -465.1329650878906
v 535.07763671875 -17.32500076293945 -465.1329650878906
v 535.2884521484375 -18.32500076293945 -465.3780517578125
v 535.2884521484375 -17.32500076293945 -465.3780517578125
v 535.4483032226562 -18.32500076293945 -465.6077270507812
v 535.4483032226562 -17.32500076293945 -465.6077270507812
v 535.5868530273438 -18.32500076293945 -465.8515930175781
v 535.5868530273438 -17.32500076293945 -465.8515930175781
v 535.7041015625 -18.32500076293945 -466.1095886230469
v 535.7041015625 -17.32500076293945 -466.1095886230469
v 535.7999877929688 -18.32500076293945 -466.3817749023438
v 535.7999877929688 -17.32500076293945 -466.3817749023438
v 535.8746337890625 -18.32500076293945 -466.6681518554688
v 535.8746337890625 -17.32500076293945 -466.6681518554688
v 535.9279174804688 -18.32500076293945 -466.9686584472656
v 535.9279174804688 -17.32500076293945 -466.9686584472656
v 535.9598999023438 -18.32500076293945 -467.2833557128906
v 535.9598999023438 -17.32500076293945 -467.2833557128906
v 535.9705200195312 -18.32500076293945 -467.6122131347656
v 535.9705200195312 -17.32500076293945 -467.6122131347656
v 535.9332885742188 -18.32500076293945 -468.2052307128906
v 535.9332885742188 -17.32500076293945 -468.2052307128906
v 535.8866577148438 -18.32500076293945 -468.4808654785156
v 535.8866577148438 -17.32500076293945 -468.4808654785156
v 535.8214721679688 -18.32500076293945 -468.7425842285156
v 535.8214721679688 -17.32500076293945 -468.7425842285156
v 535.7376098632812 -18.32500076293945 -468.9903869628906
v 535.7376098632812 -17.32500076293945 -468.9903869628906
v 535.6351318359375 -18.32500076293945 -469.2242736816406
v 535.6351318359375 -17.32500076293945 -469.2242736816406
v 535.5139770507812 -18.32500076293945 -469.4442749023438
v 535.5139770507812 -17.32500076293945 -469.4442749023438
v 535.3742065429688 -18.32500076293945 -469.6503295898438
v 535.3742065429688 -17.32500076293945 -469.6503295898438
v 535.1703491210938 -18.32500076293945 -469.8896484375
v 535.1703491210938 -17.32500076293945 -469.8896484375
v 534.9407348632812 -18.32500076293945 -470.0970764160156
v 534.9407348632812 -17.32500076293945 -470.0970764160156
v 534.6853637695312 -18.32500076293945 -470.2725830078125
v 534.6853637695312 -17.32500076293945 -470.2725830078125
v 534.4041748046875 -18.32500076293945 -470.4161682128906
v 534.4041748046875 -17.32500076293945 -470.4161682128906
v 534.09716796875 -18.32500076293945 -470.5278625488281
v 534.09716796875 -17.32500076293945 -470.5278625488281
v 533.7644653320312 -18.32500076293945 -470.6076354980469
v 533.7644653320312 -17.32500076293945 -470.6076354980469
v 533.4058837890625 -18.32500076293945 -470.6554870605469
v 533.4058837890625 -17.32500076293945 -470.6554870605469
v 533.0216064453125 -18.32500076293945 -470.6714477539062
v 533.0216064453125 -17.32500076293945 -470.6714477539062
v 533.0216064453125 -17.82500076293945 -470.6714477539062
v 530.8282470703125 -17.82500076293945 -465.2473449707031
v 533.0216064453125 -18.32500076293945 -470.6714477539062
v 533.0216064453125 -17.32500076293945 -470.6714477539062
v 532.6533813476562 -18.32500076293945 -470.6540832519531
v 532.6533813476562 -17.32500076293945 -470.6540832519531
v 532.308349609375 -18.32500076293945 -470.6020202636719
v 532.308349609375 -17.32500076293945 -470.6020202636719
v 531.986572265625 -18.32500076293945 -470.5151977539062
v 531.986572265625 -17.32500076293945 -470.5151977539062
v 531.6880493164062 -18.32500076293945 -470.3937072753906
v 531.6880493164062 -17.32500076293945 -470.3937072753906
v 531.4127197265625 -18.32500076293945 -470.2374877929688
v 531.4127197265625 -17.32500076293945 -470.2374877929688
v 531.16064453125 -18.32500076293945 -470.0465393066406
v 531.16064453125 -17.32500076293945 -470.0465393066406
v 530.9317626953125 -18.32500076293945 -469.8208618164062
v 530.9317626953125 -17.32500076293945 -469.8208618164062
v 530.7261352539062 -18.32500076293945 -469.5604858398438
v 530.7261352539062 -17.32500076293945 -469.5604858398438
v 530.58447265625 -18.32500076293945 -469.3385314941406
v 530.58447265625 -17.32500076293945 -469.3385314941406
v 530.461669921875 -18.32500076293945 -469.1055908203125
v 530.461669921875 -17.32500076293945 -469.1055908203125
v 530.3577880859375 -18.32500076293945 -468.8616638183594
v 530.3577880859375 -17.32500076293945 -468.8616638183594
v 530.2727661132812 -18.32500076293945 -468.6067810058594
v 530.2727661132812 -17.32500076293945 -468.6067810058594
v 530.2066650390625 -18.32500076293945 -468.3409118652344
v 530.2066650390625 -17.32500076293945 -468.3409118652344
v 530.159423828125 -18.32500076293945 -468.0640563964844
v 530.159423828125 -17.32500076293945 -468.0640563964844
v 530.1216430664062 -18.32500076293945 -467.4774169921875
v 530.1216430664062 -17.32500076293945 -467.4774169921875
v 530.1326904296875 -18.32500076293945 -467.1477355957031
v 530.1326904296875 -17.32500076293945 -467.1477355957031
v 530.1658325195312 -18.32500076293945 -466.8326110839844
v 530.1658325195312 -17.32500076293945 -466.8326110839844
v 530.2210083007812 -18.32500076293945 -466.5320129394531
v 530.2210083007812 -17.32500076293945 -466.5320129394531
v 530.2982788085938 -18.32500076293945 -466.2459716796875
v 530.2982788085938 -17.32500076293945 -466.2459716796875
v 530.3976440429688 -18.32500076293945 -465.9744873046875
v 530.3976440429688 -17.32500076293945 -465.9744873046875
v 530.5191040039062 -18.32500076293945 -465.7175598144531
v 530.5191040039062 -17.32500076293945 -465.7175598144531
v 530.6626586914062 -18.32500076293945 -465.4751892089844
v 530.6626586914062 -17.32500076293945 -465.4751892089844
v 530.8282470703125 -18.32500076293945 -465.2473449707031
v 530.8282470703125 -17.32500076293945 -465.2473449707031
v 533.0216064453125 -17.82500076293945 -470.6714477539062
v 530.8282470703125 -17.82500076293945 -465.2473449707031
v 533.103271484375 -18.32500076293945 -465.0594482421875
v 533.103271484375 -17.32500076293945 -465.0594482421875
v 532.8302001953125 -18.32500076293945 -465.0701599121094
v 532.8302001953125 -17.32500076293945 -465.0701599121094
v 532.5767822265625 -18.32500076293945 -465.1022033691406
v 532.5767822265625 -17.32500076293945 -465.1022033691406
v 532.3428955078125 -18.32500076293945 -465.1556701660156
v 532.3428955078125 -17.32500076293945 -465.1556701660156
v 532.128662109375 -18.32500076293945 -465.2304992675781
v 532.128662109375 -17.32500076293945 -465.2304992675781
v 531.9339599609375 -18.32500076293945 -465.3266906738281
v 531.9339599609375 -17.32500076293945 -465.3266906738281
v 531.7588500976562 -18.32500076293945 -465.4442749023438
v 531.7588500976562 -17.32500076293945 -465.4442749023438
v 531.6033935546875 -18.32500076293945 -465.583251953125
v 531.6033935546875 -17.32500076293945 -465.583251953125
v 531.4674682617188 -18.32500076293945 -465.7435913085938
v 531.4674682617188 -17.32500076293945 -465.7435913085938
v 531.2467651367188 -18.32500076293945 -466.1051940917969
v 531.2467651367188 -17.32500076293945 -466.1051940917969
v 531.0891723632812 -18.32500076293945 -466.505859375
v 531.0891723632812 -17.32500076293945 -466.505859375
v 530.9945678710938 -18.32500076293945 -466.945556640625
v 530.9945678710938 -17.32500076293945 -466.945556640625
v 530.9630737304688 -18.32500076293945 -467.4243469238281
v 530.9630737304688 -17.32500076293945 -467.4243469238281
v 530.9998168945312 -18.32500076293945 -468.0093078613281
v 530.9998168945312 -17.32500076293945 -468.0093078613281
v 531.0457763671875 -18.32500076293945 -468.2733459472656
v 531.0457763671875 -17.32500076293945 -468.2733459472656
v 531.110107421875 -18.32500076293945 -468.5184326171875
v 531.110107421875 -17.32500076293945 -468.5184326171875
v 531.1928100585938 -18.32500076293945 -468.7445983886719
v 531.1928100585938 -17.32500076293945 -468.7445983886719
v 531.2938842773438 -18.32500076293945 -468.9517822265625
v 531.2938842773438 -17.32500076293945 -468.9517822265625
v 531.413330078125 -18.32500076293945 -469.1400146484375
v 531.413330078125 -17.32500076293945 -469.1400146484375
v 531.5512084960938 -18.32500076293945 -469.3092956542969
v 531.5512084960938 -17.32500076293945 -469.3092956542969
v 531.70361328125 -18.32500076293945 -469.4591064453125
v 531.70361328125 -17.32500076293945 -469.4591064453125
v 531.86669921875 -18.32500076293945 -469.5889587402344
v 531.86669921875 -17.32500076293945 -469.5889587402344
v 532.0405883789062 -18.32500076293945 -469.6988220214844
v 532.0405883789062 -17.32500076293945 -469.6988220214844
v 532.2251586914062 -18.32500076293945 -469.7886962890625
v 532.2251586914062 -17.32500076293945 -469.7886962890625
v 532.42041015625 -18.32500076293945 -469.8586120605469
v 532.42041015625 -17.32500076293945 -469.8586120605469
v 532.6264038085938 -18.32500076293945 -469.9085388183594
v 532.6264038085938 -17.32500076293945 -469.9085388183594
v 532.8431396484375 -18.32500076293945 -469.9385070800781
v 532.8431396484375 -17.32500076293945 -469.9385070800781
v 533.0706176757812 -18.32500076293945 -469.948486328125
v 533.0706176757812 -17.32500076293945 -469.948486328125
v 533.30419921875 -18.32500076293945 -469.9384155273438
v 533.30419921875 -17.32500076293945 -469.9384155273438
v 533.525146484375 -18.32500076293945 -469.9081726074219
v 533.525146484375 -17.32500076293945 -469.9081726074219
v 533.7333374023438 -18.32500076293945 -469.8577575683594
v 533.7333374023438 -17.32500076293945 -469.8577575683594
v 533.9288330078125 -18.32500076293945 -469.7871704101562
v 533.9288330078125 -17.32500076293945 -469.7871704101562
v 534.1116333007812 -18.32500076293945 -469.6964111328125
v 534.1116333007812 -17.32500076293945 -469.6964111328125
v 534.28173828125 -18.32500076293945 -469.5855102539062
v 534.28173828125 -17.32500076293945 -469.5855102539062
v 534.4391479492188 -18.32500076293945 -469.4544067382812
v 534.4391479492188 -17.32500076293945 -469.4544067382812
v 534.5838623046875 -18.32500076293945 -469.3031616210938
v 534.5838623046875 -17.32500076293945 -469.3031616210938
v 534.7135620117188 -18.32500076293945 -469.1353759765625
v 534.7135620117188 -17.32500076293945 -469.1353759765625
v 534.8259887695312 -18.32500076293945 -468.9547119140625
v 534.8259887695312 -17.32500076293945 -468.9547119140625
v 534.921142578125 -18.32500076293945 -468.7611389160156
v 534.921142578125 -17.32500076293945 -468.7611389160156
v 534.9989624023438 -18.32500076293945 -468.5546875
v 534.9989624023438 -17.32500076293945 -468.5546875
v 535.1027221679688 -18.32500076293945 -468.1031188964844
v 535.1027221679688 -17.32500076293945 -468.1031188964844
v 535.1373291015625 -18.32500076293945 -467.5999755859375
v 535.1373291015625 -17.32500076293945 -467.5999755859375
v 535.1072998046875 -18.32500076293945 -467.1140441894531
v 535.1072998046875 -17.32500076293945 -467.1140441894531
v 535.017333984375 -18.32500076293945 -466.656982421875
v 535.017333984375 -17.32500076293945 -466.656982421875
v 534.8673706054688 -18.32500076293945 -466.228759765625
v 534.8673706054688 -17.32500076293945 -466.228759765625
v 534.6574096679688 -18.32500076293945 -465.8293762207031
v 534.6574096679688 -17.32500076293945 -465.8293762207031
v 534.5281372070312 -18.32500076293945 -465.64892578125
v 534.5281372070312 -17.32500076293945 -465.64892578125
v 534.3803100585938 -18.32500076293945 -465.4925231933594
v 534.3803100585938 -17.32500076293945 -465.4925231933594
v 534.2138671875 -18.32500076293945 -465.3601989746094
v 534.2138671875 -17.32500076293945 -465.3601989746094
v 534.0289306640625 -18.32500076293945 -465.2519226074219
v 534.0289306640625 -17.32500076293945 -465.2519226074219
v 533.8253784179688 -18.32500076293945 -465.167724609375
v 533.8253784179688 -17.32500076293945 -465.167724609375
v 533.6032104492188 -18.32500076293945 -465.1075744628906
v 533.6032104492188 -17.32500076293945 -465.1075744628906
v 533.362548828125 -18.32500076293945 -465.0715026855469
v 533.362548828125 -17.32500076293945 -465.0715026855469
v 533.103271484375 -18.32500076293945 -465.0594482421875
v 533.103271484375 -17.32500076293945 -465.0594482421875
v 533.0216064453125 -17.32500076293945 -470.6714477539062
v 533.4058837890625 -17.32500076293945 -470.6554870605469
v 533.7644653320312 -17.32500076293945 -470.6076354980469
v 534.09716796875 -17.32500076293945 -470.5278625488281
v 534.4041748046875 -17.32500076293945 -470.4161682128906
v 534.6853637695312 -17.32500076293945 -470.2725830078125
v 534.9407348632812 -17.32500076293945 -470.0970764160156
v 535.1703491210938 -17.32500076293945 -469.8896484375
v 535.3742065429688 -17.32500076293945 -469.6503295898438
v 535.5139770507812 -17.32500076293945 -469.4442749023438
v 535.6351318359375 -17.32500076293945 -469.2242736816406
v 535.7376098632812 -17.32500076293945 -468.9903869628906
v 535.8214721679688 -17.32500076293945 -468.7425842285156
v 535.8866577148438 -17.32500076293945 -468.4808654785156
v 535.9332885742188 -17.32500076293945 -468.2052307128906
v 535.9705200195312 -17.32500076293945 -467.6122131347656
v 535.9598999023438 -17.32500076293945 -467.2833557128906
v 535.9279174804688 -17.32500076293945 -466.9686584472656
v 535.8746337890625 -17.32500076293945 -466.6681518554688
v 535.7999877929688 -17.32500076293945 -466.3817749023438
v 535.7041015625 -17.32500076293945 -466.1095886230469
v 535.5868530273438 -17.32500076293945 -465.8515930175781
v 535.4483032226562 -17.32500076293945 -465.6077270507812
v 535.2884521484375 -17.32500076293945 -465.3780517578125
v 535.07763671875 -17.32500076293945 -465.1329650878906
v 534.8455200195312 -17.32500076293945 -464.9205932617188
v 534.5921020507812 -17.32500076293945 -464.7408752441406
v 534.3173828125 -17.32500076293945 -464.5938415527344
v 534.0213012695312 -17.32500076293945 -464.4794616699219
v 533.7039184570312 -17.32500076293945 -464.3977966308594
v 533.365234375 -17.32500076293945 -464.3487854003906
v 533.0052490234375 -17.32500076293945 -464.3324279785156
v 532.6683349609375 -17.32500076293945 -464.3467407226562
v 532.3499755859375 -17.32500076293945 -464.3896179199219
v 532.050048828125 -17.32500076293945 -464.4610900878906
v 531.7686767578125 -17.32500076293945 -464.5611572265625
v 531.5057983398438 -17.32500076293945 -464.6898193359375
v 531.261474609375 -17.32500076293945 -464.8470764160156
v 531.0355834960938 -17.32500076293945 -465.0328979492188
v 530.8282470703125 -17.32500076293945 -465.2473449707031
v 530.6626586914062 -17.32500076293945 -465.4751892089844
v 530.5191040039062 -17.32500076293945 -465.7175598144531
v 530.3976440429688 -17.32500076293945 -465.9744873046875
v 530.2982788085938 -17.32500076293945 -466.2459716796875
v 530.2210083007812 -17.32500076293945 -466.5320129394531
v 530.1658325195312 -17.32500076293945 -466.8326110839844
v 530.1326904296875 -17.32500076293945 -467.1477355957031
v 530.1216430664062 -17.32500076293945 -467.4774169921875
v 530.159423828125 -17.32500076293945 -468.0640563964844
v 530.2066650390625 -17.32500076293945 -468.3409118652344
v 530.2727661132812 -17.32500076293945 -468.6067810058594
v 530.3577880859375 -17.32500076293945 -468.8616638183594
v 530.461669921875 -17.32500076293945 -469.1055908203125
v 530.58447265625 -17.32500076293945 -469.3385314941406
v 530.7261352539062 -17.32500076293945 -469.5604858398438
v 530.9317626953125 -17.32500076293945 -469.8208618164062
v 531.16064453125 -17.32500076293945 -470.0465393066406
v 531.4127197265625 -17.32500076293945 -470.2374877929688
v 531.6880493164062 -17.32500076293945 -470.3937072753906
v 531.986572265625 -17.32500076293945 -470.5151977539062
v 532.308349609375 -17.32500076293945 -470.6020202636719
v 532.6533813476562 -17.32500076293945 -470.6540832519531
v 533.103271484375 -17.32500076293945 -465.0594482421875
v 533.362548828125 -17.32500076293945 -465.0715026855469
v 533.6032104492188 -17.32500076293945 -465.1075744628906
v 533.8253784179688 -17.32500076293945 -465.167724609375
v 534.0289306640625 -17.32500076293945 -465.2519226074219
v 534.2138671875 -17.32500076293945 -465.3601989746094
v 534.3803100585938 -17.32500076293945 -465.4925231933594
v 534.5281372070312 -17.32500076293945 -465.64892578125
v 534.6574096679688 -17.32500076293945 -465.8293762207031
v 534.8673706054688 -17.32500076293945 -466.228759765625
v 535.017333984375 -17.32500076293945 -466.656982421875
v 535.1072998046875 -17.32500076293945 -467.1140441894531
v 535.1373291015625 -17.32500076293945 -467.5999755859375
v 535.1027221679688 -17.32500076293945 -468.1031188964844
v 534.9989624023438 -17.32500076293945 -468.5546875
v 534.921142578125 -17.32500076293945 -468.7611389160156
v 534.8259887695312 -17.32500076293945 -468.9547119140625
v 534.7135620117188 -17.32500076293945 -469.1353759765625
v 534.5838623046875 -17.32500076293945 -469.3031616210938
v 534.4391479492188 -17.32500076293945 -469.4544067382812
v 534.28173828125 -17.32500076293945 -469.5855102539062
v 534.1116333007812 -17.32500076293945 -469.6964111328125
v 533.9288330078125 -17.32500076293945 -469.7871704101562
v 533.7333374023438 -17.32500076293945 -469.8577575683594
v 533.525146484375 -17.32500076293945 -469.9081726074219
v 533.30419921875 -17.32500076293945 -469.9384155273438
v 533.0706176757812 -17.32500076293945 -469.948486328125
v 532.8431396484375 -17.32500076293945 -469.9385070800781
v 532.6264038085938 -17.32500076293945 -469.9085388183594
v 532.42041015625 -17.32500076293945 -469.8586120605469
v 532.2251586914062 -17.32500076293945 -469.7886962890625
v 532.0405883789062 -17.32500076293945 -469.6988220214844
v 531.86669921875 -17.32500076293945 -469.5889587402344
v 531.70361328125 -17.32500076293945 -469.4591064453125
v 531.5512084960938 -17.32500076293945 -469.3092956542969
v 531.413330078125 -17.32500076293945 -469.1400146484375
v 531.2938842773438 -17.32500076293945 -468.9517822265625
v 531.1928100585938 -17.32500076293945 -468.7445983886719
v 531.110107421875 -17.32500076293945 -468.5184326171875
v 531.0457763671875 -17.32500076293945 -468.2733459472656
v 530.9998168945312 -17.32500076293945 -468.0093078613281
v 530.9630737304688 -17.32500076293945 -467.4243469238281
v 530.9945678710938 -17.32500076293945 -466.945556640625
v 531.0891723632812 -17.32500076293945 -466.505859375
v 531.2467651367188 -17.32500076293945 -466.1051940917969
v 531.4674682617188 -17.32500076293945 -465.7435913085938
v 531.6033935546875 -17.32500076293945 -465.583251953125
v 531.7588500976562 -17.32500076293945 -465.4442749023438
v 531.9339599609375 -17.32500076293945 -465.3266906738281
v 532.128662109375 -17.32500076293945 -465.2304992675781
v 532.3428955078125 -17.32500076293945 -465.1556701660156
v 532.5767822265625 -17.32500076293945 -465.1022033691406
v 532.8302001953125 -17.32500076293945 -465.0701599121094
v 530.9154052734375 -17.32500076293945 -468.887451171875
v 530.9154052734375 -17.32500076293945 -467.0401000976562
v 530.9154052734375 -17.32500076293945 -466.1164245605469
v 535.1767578125 -17.32500076293945 -468.887451171875
v 535.1767578125 -17.32500076293945 -467.0401000976562
v 535.1767578125 -17.32500076293945 -466.1164245605469
vt 0.3313468098640442 0.004245331976562738
vt 0.3569909036159515 0.00531383603811264
vt 0.3809145390987396 0.008519354276359081
vt 0.4031177461147308 0.0138618927448988
vt 0.4236005246639252 0.02134146168828011
vt 0.442362904548645 0.03095806948840618
vt 0.4594049155712128 0.04271171987056732
vt 0.4747265577316284 0.05660242214798927
vt 0.4883278906345367 0.07263018935918808
vt 0.4976537823677063 0.08643115311861038
vt 0.505736231803894 0.101163811981678
vt 0.5125751495361328 0.1168281883001328
vt 0.5181707143783569 0.1334242820739746
vt 0.5225227475166321 0.1509521454572678
vt 0.5256313681602478 0.169411763548851
vt 0.5281181931495667 0.2091263681650162
vt 0.5274070501327515 0.2311506420373917
vt 0.5252736210823059 0.2522260248661041
vt 0.52171790599823 0.2723525166511536
vt 0.5167399048805237 0.2915301620960236
vt 0.5103395581245422 0.3097589612007141
vt 0.5025168657302856 0.3270389139652252
vt 0.4932719171047211 0.3433700799942017
vt 0.4826046228408813 0.358752429485321
vt 0.4685391485691071 0.3751648962497711
vt 0.4530514180660248 0.3893889486789703
vt 0.4361414015293121 0.4014246761798859
vt 0.4178090989589691 0.4112720787525177
vt 0.3980545103549957 0.4189311861991882
vt 0.3768775761127472 0.4244019389152527
vt 0.3542782962322235 0.4276843667030334
vt 0.3302566707134247 0.4287785291671753
vt 0.3077765703201294 0.427821159362793
vt 0.2865314781665802 0.4249490201473236
vt 0.2665213644504547 0.4201620817184448
vt 0.2477461844682693 0.4134604036808014
vt 0.2302059531211853 0.4048439264297485
vt 0.213900625705719 0.3943126499652863
vt 0.1988302171230316 0.3818666040897369
vt 0.1849946975708008 0.3675056993961334
vt 0.3367975652217865 0.3800885379314423
vt 0.354097306728363 0.3792828619480133
vt 0.3701578080654144 0.3768659234046936
vt 0.3849790990352631 0.372837632894516
vt 0.3985612094402313 0.3671980500221252
vt 0.4109040796756744 0.3599471151828766
vt 0.4220077991485596 0.3510848581790924
vt 0.4318723380565643 0.3406112790107727
vt 0.4404976963996887 0.3285263478755951
vt 0.4545078277587891 0.3017792701721191
vt 0.4645150303840637 0.2731004357337952
vt 0.4705193340778351 0.2424896955490112
vt 0.4725207686424255 0.2099469900131226
vt 0.4702127277851105 0.1762502640485764
vt 0.4632886350154877 0.1460071057081223
vt 0.4580955505371094 0.1321805864572525
vt 0.4517484307289124 0.1192174032330513
vt 0.4442472457885742 0.1071175634860992
vt 0.4355920553207397 0.09588104486465454
vt 0.4259361624717712 0.0857514962553978
vt 0.4154328405857086 0.07697256654500961
vt 0.4040821492671967 0.06954426318407059
vt 0.3918840289115906 0.06346656382083893
vt 0.3788385093212128 0.05873947963118553
vt 0.3649455308914185 0.0553629957139492
vt 0.35020512342453 0.05333710461854935
vt 0.3346172571182251 0.05266181007027626
vt 0.3194403350353241 0.05333069711923599
vt 0.3049788475036621 0.05533734709024429
vt 0.2912327945232391 0.05868177860975266
vt 0.2782021760940552 0.06336399167776108
vt 0.2658869624137878 0.06938398629426956
vt 0.2542871534824371 0.0767417699098587
vt 0.2434027194976807 0.0854373499751091
vt 0.2332336604595184 0.09547073394060135
vt 0.2240355163812637 0.1068076938390732
vt 0.2160637974739075 0.1194140017032623
vt 0.2093185186386108 0.1332896947860718
vt 0.2037996649742126 0.1484347581863403
vt 0.1995072215795517 0.1648492217063904
vt 0.1964412033557892 0.1825331151485443
vt 0.1939883977174759 0.2217091917991638
vt 0.1960920244455338 0.2537732124328613
vt 0.2024029195308685 0.2832213938236237
vt 0.2129211276769638 0.3100538551807404
vt 0.2276466637849808 0.3342706561088562
vt 0.2367149144411087 0.3450092673301697
vt 0.2470904588699341 0.3543160259723663
vt 0.2587732970714569 0.3621909916400909
vt 0.2717634737491608 0.3686341345310211
vt 0.2860609591007233 0.3736454248428345
vt 0.3016658127307892 0.3772249221801758
vt 0.3185780048370361 0.379372626543045
vt 0.1739441454410553 0.3522472977638245
vt 0.1643670201301575 0.3360144197940826
vt 0.1562633067369461 0.3188071250915527
vt 0.1496330201625824 0.30062535405159
vt 0.144476130604744 0.2814691066741943
vt 0.140792652964592 0.2613382935523987
vt 0.1385825574398041 0.2402330040931702
vt 0.1378458738327026 0.218153178691864
vt 0.1403668075799942 0.178865984082222
vt 0.1435180008411407 0.1603251546621323
vt 0.1479296684265137 0.1425194889307022
vt 0.1536018252372742 0.1254489570856094
vt 0.1605344861745834 0.1091135516762733
vt 0.1687276214361191 0.09351326525211334
vt 0.1781812757253647 0.07864806056022644
vt 0.191901832818985 0.06120984628796577
vt 0.2071723788976669 0.04609676077961922
vt 0.2239929586648941 0.03330878913402557
vt 0.2423635721206665 0.02284592017531395
vt 0.2622842490673065 0.01470815017819405
vt 0.2837550044059753 0.008895467035472393
vt 0.3067758679389954 0.005407864693552256
vt 0.1908114105463028 0.123721107840538
vt 0.1908114105463028 0.247442215681076
vt 0.1908114105463028 0.3093027770519257
vt 0.4751527011394501 0.123721107840538
vt 0.4751527011394501 0.247442215681076
vt 0.4751527011394501 0.3093027770519257
vt 0.1324782967567444 0
vt 0.06697157025337219 0
vt 0.1324782967567444 0.0205120500177145
vt 0.06697157025337219 0.0205120500177145
vt 0.1324782967567444 0.041024100035429
vt 0.06697157025337219 0.041024100035429
vt 0.1324782967567444 0.06153615191578865
vt 0.06697157025337219 0.06153615191578865
vt 0.1324782967567444 0.082048200070858
vt 0.06697157025337219 0.082048200070858
vt 0.1324782967567444 0.1025602445006371
vt 0.06697157025337219 0.1025602445006371
vt 0.1324782967567444 0.1230723038315773
vt 0.06697157025337219 0.1230723038315773
vt 0.1324782967567444 0.1435843408107758
vt 0.06697157025337219 0.1435843408107758
vt 0.1324782967567444 0.164096400141716
vt 0.06697157025337219 0.164096400141716
vt 0.1324782967567444 0.1846084445714951
vt 0.06697157025337219 0.1846084445714951
vt 0.1324782967567444 0.2051204890012741
vt 0.06697157025337219 0.2051204890012741
vt 0.1324782967567444 0.2256325483322144
vt 0.06697157025337219 0.2256325483322144
vt 0.1324782967567444 0.2461446076631546
vt 0.06697157025337219 0.2461446076631546
vt 0.1324782967567444 0.2666566371917725
vt 0.06697157025337219 0.2666566371917725
vt 0.1324782967567444 0.2871686816215515
vt 0.06697157025337219 0.2871686816215515
vt 0.1324782967567444 0.307680755853653
vt 0.06697157025337219 0.307680755853653
vt 0.1324782967567444 0.328192800283432
vt 0.06697157025337219 0.328192800283432
vt 0.1324782967567444 0.3487048447132111
vt 0.06697157025337219 0.3487048447132111
vt 0.1324782967567444 0.3692168891429901
vt 0.06697157025337219 0.3692168891429901
vt 0.1324782967567444 0.3897289335727692
vt 0.06697157025337219 0.3897289335727692
vt 0.1324782967567444 0.4102409780025482
vt 0.06697157025337219 0.4102409780025482
vt 0.1324782967567444 0.4307530224323273
vt 0.06697157025337219 0.4307530224323273
vt 0.1324782967567444 0.4512650966644287
vt 0.06697157025337219 0.4512650966644287
vt 0.1324782967567444 0.4717771410942078
vt 0.06697157025337219 0.4717771410942078
vt 0.1324782967567444 0.4922892153263092
vt 0.06697157025337219 0.4922892153263092
vt 0.1324782967567444 0.5333132743835449
vt 0.06697157025337219 0.5333132743835449
vt 0.1324782967567444 0.553825318813324
vt 0.06697157025337219 0.553825318813324
vt 0.1324782967567444 0.574337363243103
vt 0.06697157025337219 0.574337363243103
vt 0.1324782967567444 0.5948494672775269
vt 0.06697157025337219 0.5948494672775269
vt 0.1324782967567444 0.6153615117073059
vt 0.06697157025337219 0.6153615117073059
vt 0.1324782967567444 0.6358734965324402
vt 0.06697157025337219 0.6358734965324402
vt 0.1324782967567444 0.656385600566864
vt 0.06697157025337219 0.656385600566864
vt 0.1324782967567444 0.6768976449966431
vt 0.06697157025337219 0.6768976449966431
vt 0.1324782967567444 0.6974096894264221
vt 0.06697157025337219 0.6974096894264221
vt 0.1324782967567444 0.7179217338562012
vt 0.06697157025337219 0.7179217338562012
vt 0.1324782967567444 0.7384337782859802
vt 0.06697157025337219 0.7384337782859802
vt 0.1324782967567444 0.7589458227157593
vt 0.06697157025337219 0.7589458227157593
vt 0.1324782967567444 0.7794578671455383
vt 0.06697157025337219 0.7794578671455383
vt 0.1324782967567444 0.7999699711799622
vt 0.06697157025337219 0.7999699711799622
vt 0.1324782967567444 0.8204819560050964
vt 0.06697157025337219 0.8204819560050964
vt 0.09972493350505829 0.8204819560050964
vt 0.09972493350505829 0
vt 0.06550672650337219 0
vt 0 0
vt 0.06550672650337219 0.02022415958344936
vt 0 0.02022415958344936
vt 0.06550672650337219 0.04044831916689873
vt 0 0.04044831916689873
vt 0.06550672650337219 0.06067248061299324
vt 0 0.06067248061299324
vt 0.06550672650337219 0.08089663833379745
vt 0 0.08089663833379745
vt 0.06550672650337219 0.101120799779892
vt 0 0.101120799779892
vt 0.06550672650337219 0.1213449612259865
vt 0 0.1213449612259865
vt 0.06550672650337219 0.1415691077709198
vt 0 0.1415691077709198
vt 0.06550672650337219 0.1617932766675949
vt 0 0.1617932766675949
vt 0.06550672650337219 0.18201744556427
vt 0 0.18201744556427
vt 0.06550672650337219 0.2022415995597839
vt 0 0.2022415995597839
vt 0.06550672650337219 0.222465768456459
vt 0 0.222465768456459
vt 0.06550672650337219 0.242689922451973
vt 0 0.242689922451973
vt 0.06550672650337219 0.2629140913486481
vt 0 0.2629140913486481
vt 0.06550672650337219 0.2831382155418396
vt 0 0.2831382155418396
vt 0.06550672650337219 0.3235865533351898
vt 0 0.3235865533351898
vt 0.06550672650337219 0.3438107073307037
vt 0 0.3438107073307037
vt 0.06550672650337219 0.36403489112854
vt 0 0.36403489112854
vt 0.06550672650337219 0.384259045124054
vt 0 0.384259045124054
vt 0.06550672650337219 0.4044831991195679
vt 0 0.4044831991195679
vt 0.06550672650337219 0.4247073531150818
vt 0 0.4247073531150818
vt 0.06550672650337219 0.4449315369129181
vt 0 0.4449315369129181
vt 0.06550672650337219 0.4651556611061096
vt 0 0.4651556611061096
vt 0.06550672650337219 0.4853798449039459
vt 0 0.4853798449039459
vt 0.0327533632516861 0
vt 0.0327533632516861 0.4853798449039459
vt 0.5989925265312195 0
vt 0.5334857702255249 0
vt 0.5989925265312195 0.01520205195993185
vt 0.5334857702255249 0.01520205195993185
vt 0.5989925265312195 0.0304041039198637
vt 0.5334857702255249 0.0304041039198637
vt 0.5989925265312195 0.04560615494847298
vt 0.5334857702255249 0.04560615494847298
vt 0.5989925265312195 0.0608082078397274
vt 0.5334857702255249 0.0608082078397274
vt 0.5989925265312195 0.07601025700569153
vt 0.5334857702255249 0.07601025700569153
vt 0.5989925265312195 0.09121230989694595
vt 0.5334857702255249 0.09121230989694595
vt 0.5989925265312195 0.1064143627882004
vt 0.5334857702255249 0.1064143627882004
vt 0.5989925265312195 0.1216164156794548
vt 0.5334857702255249 0.1216164156794548
vt 0.5989925265312195 0.1520205140113831
vt 0.5334857702255249 0.1520205140113831
vt 0.5989925265312195 0.1824246197938919
vt 0.5334857702255249 0.1824246197938919
vt 0.5989925265312195 0.2128287255764008
vt 0.5334857702255249 0.2128287255764008
vt 0.5989925265312195 0.2432328313589096
vt 0.5334857702255249 0.2432328313589096
vt 0.5989925265312195 0.2736369371414185
vt 0.5334857702255249 0.2736369371414185
vt 0.5989925265312195 0.2888389825820923
vt 0.5334857702255249 0.2888389825820923
vt 0.5989925265312195 0.3040410280227661
vt 0.5334857702255249 0.3040410280227661
vt 0.5989925265312195 0.3192431032657623
vt 0.5334857702255249 0.3192431032657623
vt 0.5989925265312195 0.3344451487064362
vt 0.5334857702255249 0.3344451487064362
vt 0.5989925265312195 0.34964719414711
vt 0.5334857702255249 0.34964719414711
vt 0.5989925265312195 0.3648492395877838
vt 0.5334857702255249 0.3648492395877838
vt 0.5989925265312195 0.3800512850284576
vt 0.5334857702255249 0.3800512850284576
vt 0.5989925265312195 0.3952533602714539
vt 0.5334857702255249 0.3952533602714539
vt 0.5989925265312195 0.4104554057121277
vt 0.5334857702255249 0.4104554057121277
vt 0.5989925265312195 0.4256574511528015
vt 0.5334857702255249 0.4256574511528015
vt 0.5989925265312195 0.4408594965934753
vt 0.5334857702255249 0.4408594965934753
vt 0.5989925265312195 0.4560615420341492
vt 0.5334857702255249 0.4560615420341492
vt 0.5989925265312195 0.4712636172771454
vt 0.5334857702255249 0.4712636172771454
vt 0.5989925265312195 0.4864656627178192
vt 0.5334857702255249 0.4864656627178192
vt 0.5989925265312195 0.5016677379608154
vt 0.5334857702255249 0.5016677379608154
vt 0.5989925265312195 0.5168697834014893
vt 0.5334857702255249 0.5168697834014893
vt 0.5989925265312195 0.5320718288421631
vt 0.5334857702255249 0.5320718288421631
vt 0.5989925265312195 0.5472738742828369
vt 0.5334857702255249 0.5472738742828369
vt 0.5989925265312195 0.5624759197235107
vt 0.5334857702255249 0.5624759197235107
vt 0.5989925265312195 0.5776779651641846
vt 0.5334857702255249 0.5776779651641846
vt 0.5989925265312195 0.5928800106048584
vt 0.5334857702255249 0.5928800106048584
vt 0.5989925265312195 0.6080820560455322
vt 0.5334857702255249 0.6080820560455322
vt 0.5989925265312195 0.6232841014862061
vt 0.5334857702255249 0.6232841014862061
vt 0.5989925265312195 0.6384862065315247
vt 0.5334857702255249 0.6384862065315247
vt 0.5989925265312195 0.6536882519721985
vt 0.5334857702255249 0.6536882519721985
vt 0.5989925265312195 0.6688902974128723
vt 0.5334857702255249 0.6688902974128723
vt 0.5989925265312195 0.69929438829422
vt 0.5334857702255249 0.69929438829422
vt 0.5989925265312195 0.7296984791755676
vt 0.5334857702255249 0.7296984791755676
vt 0.5989925265312195 0.7601025700569153
vt 0.5334857702255249 0.7601025700569153
vt 0.5989925265312195 0.7905067205429077
vt 0.5334857702255249 0.7905067205429077
vt 0.5989925265312195 0.8209108114242554
vt 0.5334857702255249 0.8209108114242554
vt 0.5989925265312195 0.851314902305603
vt 0.5334857702255249 0.851314902305603
vt 0.5989925265312195 0.8665169477462769
vt 0.5334857702255249 0.8665169477462769
vt 0.5989925265312195 0.8817189931869507
vt 0.5334857702255249 0.8817189931869507
vt 0.5989925265312195 0.8969210386276245
vt 0.5334857702255249 0.8969210386276245
vt 0.5989925265312195 0.9121230840682983
vt 0.5334857702255249 0.9121230840682983
vt 0.5989925265312195 0.9273251891136169
vt 0.5334857702255249 0.9273251891136169
vt 0.5989925265312195 0.9425272345542908
vt 0.5334857702255249 0.9425272345542908
vt 0.5989925265312195 0.9577292799949646
vt 0.5334857702255249 0.9577292799949646
vt 0.5989925265312195 0.9729313254356384
vt 0.5334857702255249 0.9729313254356384
vt 0.7978610396385193 0.004245331976562738
vt 0.8235051035881042 0.00531383603811264
vt 0.8474287390708923 0.008519354276359081
vt 0.8696319460868835 0.0138618927448988
vt 0.8901147246360779 0.02134146168828011
vt 0.9088771343231201 0.03095806948840618
vt 0.9259191155433655 0.04271171987056732
vt 0.9412407875061035 0.05660242214798927
vt 0.9548420906066895 0.07263018935918808
vt 0.9641680121421814 0.08643115311861038
vt 0.9722504019737244 0.101163811981678
vt 0.9790893793106079 0.1168281883001328
vt 0.9846848845481873 0.1334242820739746
vt 0.9890369772911072 0.1509521454572678
vt 0.9921455383300781 0.169411763548851
vt 0.9946324229240417 0.2091263681650162
vt 0.9939212799072266 0.2311506420373917
vt 0.991787850856781 0.2522260248661041
vt 0.9882321357727051 0.2723525166511536
vt 0.983254075050354 0.2915301620960236
vt 0.9768537282943726 0.3097589612007141
vt 0.9690310955047607 0.3270389139652252
vt 0.9597861170768738 0.3433700799942017
vt 0.9491188526153564 0.358752429485321
vt 0.9350533485412598 0.3751648962497711
vt 0.9195656180381775 0.3893889486789703
vt 0.9026556015014648 0.4014246761798859
vt 0.8843232989311218 0.4112720787525177
vt 0.8645687103271484 0.4189311861991882
vt 0.8433917760848999 0.4244019389152527
vt 0.8207924962043762 0.4276843667030334
vt 0.7967708706855774 0.4287785291671753
vt 0.7742908000946045 0.427821159362793
vt 0.7530456781387329 0.4249490201473236
vt 0.7330355644226074 0.4201620817184448
vt 0.7142603993415833 0.4134604036808014
vt 0.6967201828956604 0.4048439264297485
vt 0.6804148554801941 0.3943126499652863
vt 0.6653444170951843 0.3818666040897369
vt 0.6515089273452759 0.3675056993961334
vt 0.640458345413208 0.3522472977638245
vt 0.6308812499046326 0.3360144197940826
vt 0.62277752161026 0.3188071250915527
vt 0.6161472201347351 0.30062535405159
vt 0.6109903454780579 0.2814691066741943
vt 0.6073068380355835 0.2613382935523987
vt 0.6050967574119568 0.2402330040931702
vt 0.6043601036071777 0.218153178691864
vt 0.6068810224533081 0.178865984082222
vt 0.6100322008132935 0.1603251546621323
vt 0.6144438982009888 0.1425194889307022
vt 0.6201160550117493 0.1254489570856094
vt 0.627048671245575 0.1091135516762733
vt 0.6352418661117554 0.09351326525211334
vt 0.644695520401001 0.07864806056022644
vt 0.6584160327911377 0.06120984628796577
vt 0.6736866235733032 0.04609676077961922
vt 0.690507173538208 0.03330878913402557
vt 0.7088778018951416 0.02284592017531395
vt 0.7287984490394592 0.01470815017819405
vt 0.7502692341804504 0.008895467035472393
vt 0.7732900977134705 0.005407864693552256
vt 0.8033117651939392 0.3800885379314423
vt 0.8206115365028381 0.3792828619480133
vt 0.8366720080375671 0.3768659234046936
vt 0.8514932990074158 0.372837632894516
vt 0.865075409412384 0.3671980500221252
vt 0.8774182796478271 0.3599471151828766
vt 0.8885220289230347 0.3510848581790924
vt 0.898386538028717 0.3406112790107727
vt 0.9070119261741638 0.3285263478755951
vt 0.9210220575332642 0.3017792701721191
vt 0.9310292601585388 0.2731004357337952
vt 0.9370335340499878 0.2424896955490112
vt 0.9390349984169006 0.2099469900131226
vt 0.9367269277572632 0.1762502640485764
vt 0.9298028349876404 0.1460071057081223
vt 0.9246097803115845 0.1321805864572525
vt 0.9182626605033875 0.1192174032330513
vt 0.9107614755630493 0.1071175634860992
vt 0.9021062850952148 0.09588104486465454
vt 0.8924503922462463 0.0857514962553978
vt 0.8819470405578613 0.07697256654500961
vt 0.8705963492393494 0.06954426318407059
vt 0.8583982586860657 0.06346656382083893
vt 0.8453527092933655 0.05873947963118553
vt 0.8314597606658936 0.0553629957139492
vt 0.8167193531990051 0.05333710461854935
vt 0.8011314868927002 0.05266181007027626
vt 0.7859545350074768 0.05333069711923599
vt 0.7714930772781372 0.05533734709024429
vt 0.7577469944953918 0.05868177860975266
vt 0.7447164058685303 0.06336399167776108
vt 0.7324011921882629 0.06938398629426956
vt 0.7208013534545898 0.0767417699098587
vt 0.7099169492721558 0.0854373499751091
vt 0.6997478604316711 0.09547073394060135
vt 0.6905497312545776 0.1068076938390732
vt 0.6825780272483826 0.1194140017032623
vt 0.6758327484130859 0.1332896947860718
vt 0.6703138947486877 0.1484347581863403
vt 0.666021466255188 0.1648492217063904
vt 0.6629554033279419 0.1825331151485443
vt 0.6605026125907898 0.2217091917991638
vt 0.6626062393188477 0.2537732124328613
vt 0.6689171195030212 0.2832213938236237
vt 0.6794353127479553 0.3100538551807404
vt 0.6941608786582947 0.3342706561088562
vt 0.7032291293144226 0.3450092673301697
vt 0.7136046886444092 0.3543160259723663
vt 0.7252874970436096 0.3621909916400909
vt 0.7382776737213135 0.3686341345310211
vt 0.752575159072876 0.3736454248428345
vt 0.7681800127029419 0.3772249221801758
vt 0.7850922346115112 0.379372626543045
vt 0.6573256254196167 0.123721107840538
vt 0.6573256254196167 0.247442215681076
vt 0.6573256254196167 0.3093027770519257
vt 0.9416669011116028 0.123721107840538
vt 0.9416669011116028 0.247442215681076
vt 0.9416669011116028 0.3093027770519257
vn 0 -1 0
vn 0 -1 0
vn 0 -1 0
vn 0 -1 0
vn 0 -1 0
vn 0 -1 0
vn 0 -1 0
vn 0 -1 0
vn 0 -1 0
vn 0 -1 0
vn 0 -1 0
vn 0 -1 0
vn 0 -1 0
vn 0 -1 0
vn 0 -1 0
vn 0 -1 0
vn 0 -1 0
vn 0 -1 0
vn 0 -1 0
vn 0 -1 0
vn 0 -1 0
vn 0 -1 0
vn 0 -1 0
vn 0 -1 0
vn 0 -1 0
vn 0 -1 0
vn 0 -1 0
vn 0 -1 0
vn 0 -1 0
vn 0 -1 0
vn 0 -1 0
vn 0 -1 0
vn 0 -1 0
vn 0 -1 0
vn 0 -1 0
vn 0 -1 0
vn 0 -1 0
vn 0 -1 0
vn 0 -1 0
vn 0 -1 0
vn 0 -1 0
vn 0 -1 0
vn 0 -1 0
vn 0 -1 0
vn 0 -1 0
vn 0 -1 0
vn 0 -1 0
vn 0 -1 0
vn 0 -1 0
vn 0 -1 0
vn 0 -1 0
vn 0 -1 0
vn 0 -1 0
vn 0 -1 0
vn 0 -1 0
vn 0 -1 0
vn 0 -1 0
vn 0 -1 0
vn 0 -1 0
vn 0 -1 0
vn 0 -1 0
vn 0 -1 0
vn 0 -1 0
vn 0 -1 0
vn 0 -1 0
vn 0 -1 0
vn 0 -1 0
vn 0 -1 0
vn 0 -1 0
vn 0 -1 0
vn 0 -1 0
vn 0 -1 0
vn 0 -1 0
vn 0 -1 0
vn 0 -1 0
vn 0 -1 0
vn 0 -1 0
vn 0 -1 0
vn 0 -1 0
vn 0 -1 0
vn 0 -1 0
vn 0 -1 0
vn 0 -1 0
vn 0 -1 0
vn 0 -1 0
vn 0 -1 0
vn 0 -1 0
vn 0 -1 0
vn 0 -1 0
vn 0 -1 0
vn 0 -1 0
vn 0 -1 0
vn 0 -1 0
vn 0 -1 0
vn 0 -1 0
vn 0 -1 0
vn 0 -1 0
vn 0 -1 0
vn 0 -1 0
vn 0 -1 0
vn 0 -1 0
vn 0 -1 0
vn 0 -1 0
vn 0 -1 0
vn 0 -1 0
vn 0 -1 0
vn 0 -1 0
vn 0 -1 0
vn 0 -1 0
vn 0 -1 0
vn 0 -1 0
vn 0 -1 0
vn 0 -1 0
vn 0 -1 0
vn 0 -1 0
vn -1.110223024625157e-16 -1 0
vn 2.220446049250313e-16 -1 0
vn 0 -1 0
vn -1.110223024625157e-16 -1 0
vn 2.220446049250313e-16 -1 0
vn 0 -1 0
vn -0.7559117078781128 0 0.6546735763549805
vn -0.7559117078781128 0 0.6546735763549805
vn -0.6786403656005859 0 0.7344707250595093
vn -0.6786403656005859 0 0.7344707250595093
vn -0.5894237160682678 0 0.8078240156173706
vn -0.5894237160682678 0 0.8078240156173706
vn -0.4910319149494171 0 0.8711415529251099
vn -0.4910319149494171 0 0.8711415529251099
vn -0.3874383270740509 0 0.9218956232070923
vn -0.3874383270740509 0 0.9218956232070923
vn -0.2830548584461212 0 0.9591037034988403
vn -0.2830548584461212 0 0.9591037034988403
vn -0.1818846166133881 0 0.983319878578186
vn -0.1818846166133881 0 0.983319878578186
vn -0.08693015575408936 0 0.9962143898010254
vn -0.08693015575408936 0 0.9962143898010254
vn 0 0 1
vn 0 0 1
vn 0.09312563389539719 0 0.9956543445587158
vn 0.09312563389539719 0 0.9956543445587158
vn 0.1953810304403305 0 0.9807274341583252
vn 0.1953810304403305 0 0.9807274341583252
vn 0.3044297397136688 0 0.9525347948074341
vn 0.3044297397136688 0 0.9525347948074341
vn 0.4163746535778046 0 0.9091930985450745
vn 0.4163746535778046 0 0.9091930985450745
vn 0.526114821434021 0 0.8504135608673096
vn 0.526114821434021 0 0.8504135608673096
vn 0.6282810568809509 0 0.777986466884613
vn 0.6282810568809509 0 0.777986466884613
vn 0.718441367149353 0 0.6955875158309937
vn 0.718441367149353 0 0.6955875158309937
vn 0.793840765953064 0 0.6081256866455078
vn 0.793840765953064 0 0.6081256866455078
vn 0.8460190296173096 0 0.53315269947052
vn 0.8460190296173096 0 0.53315269947052
vn 0.8909560441970825 0 0.4540896117687225
vn 0.8909560441970825 0 0.4540896117687225
vn 0.9278280735015869 0 0.3730081021785736
vn 0.9278280735015869 0 0.3730081021785736
vn 0.9564194083213806 0 0.2919964194297791
vn 0.9564194083213806 0 0.2919964194297791
vn 0.9770689606666565 0 0.2129231095314026
vn 0.9770689606666565 0 0.2129231095314026
vn 0.9905328154563904 0 0.1372763216495514
vn 0.9905328154563904 0 0.1372763216495514
vn 0.9978131651878357 0 0.06609801203012466
vn 0.9978131651878357 0 0.06609801203012466
vn 1 0 0
vn 1 0 0
vn 0.9914147257804871 0 -0.1307548880577087
vn 0.9914147257804871 0 -0.1307548880577087
vn 0.9790307879447937 0 -0.2037122696638107
vn 0.9790307879447937 0 -0.2037122696638107
vn 0.9597626924514771 0 -0.2808123230934143
vn 0.9597626924514771 0 -0.2808123230934143
vn 0.9326429963111877 0 -0.3608005344867706
vn 0.9326429963111877 0 -0.3608005344867706
vn 0.8970348238945007 0 -0.4419597983360291
vn 0.8970348238945007 0 -0.4419597983360291
vn 0.8528136610984802 0 -0.5222153067588806
vn 0.8528136610984802 0 -0.5222153067588806
vn 0.8007680773735046 0 -0.5989745259284973
vn 0.8007680773735046 0 -0.5989745259284973
vn 0.717690110206604 0 -0.6963626742362976
vn 0.717690110206604 0 -0.6963626742362976
vn 0.6196454763412476 0 -0.7848818302154541
vn 0.6196454763412476 0 -0.7848818302154541
vn 0.5111251473426819 0 -0.8595063090324402
vn 0.5111251473426819 0 -0.8595063090324402
vn 0.3981436789035797 0 -0.9173230528831482
vn 0.3981436789035797 0 -0.9173230528831482
vn 0.2867157459259033 0 -0.9580156803131104
vn 0.2867157459259033 0 -0.9580156803131104
vn 0.1815679520368576 0 -0.9833784103393555
vn 0.1815679520368576 0 -0.9833784103393555
vn 0.08559446781873703 0 -0.9963300824165344
vn 0.08559446781873703 0 -0.9963300824165344
vn 0 0 -1
vn 0 0 -1
vn 0 0 -1
vn -0.7559117078781128 0 0.6546735763549805
vn 0 0 -1
vn 0 0 -1
vn -0.09689240157604218 0 -0.9952948689460754
vn -0.09689240157604218 0 -0.9952948689460754
vn -0.2038931250572205 0 -0.9789931774139404
vn -0.2038931250572205 0 -0.9789931774139404
vn -0.3183327913284302 0 -0.9479790329933167
vn -0.3183327913284302 0 -0.9479790329933167
vn -0.435644656419754 0 -0.9001187086105347
vn -0.435644656419754 0 -0.9001187086105347
vn -0.5498400330543518 0 -0.8352699875831604
vn -0.5498400330543518 0 -0.8352699875831604
vn -0.6547483205795288 0 -0.7558469772338867
vn -0.6547483205795288 0 -0.7558469772338867
vn -0.7455492615699768 0 -0.6664505004882812
vn -0.7455492615699768 0 -0.6664505004882812
vn -0.8199580907821655 0 -0.5724235773086548
vn -0.8199580907821655 0 -0.5724235773086548
vn -0.86451655626297 0 -0.5026043057441711
vn -0.86451655626297 0 -0.5026043057441711
vn -0.9031459093093872 0 -0.4293337762355804
vn -0.9031459093093872 0 -0.4293337762355804
vn -0.9351832866668701 0 -0.354164183139801
vn -0.9351832866668701 0 -0.354164183139801
vn -0.9603787660598755 0 -0.2786981463432312
vn -0.9603787660598755 0 -0.2786981463432312
vn -0.9788808226585388 0 -0.2044317722320557
vn -0.9788808226585388 0 -0.2044317722320557
vn -0.9911652803421021 0 -0.1326325237751007
vn -0.9911652803421021 0 -0.1326325237751007
vn -1 0 0
vn -1 0 0
vn -0.9976629614830017 0 0.06832696497440338
vn -0.9976629614830017 0 0.06832696497440338
vn -0.9898673892021179 0 0.1419950276613235
vn -0.9898673892021179 0 0.1419950276613235
vn -0.975432276725769 0 0.2202993929386139
vn -0.975432276725769 0 0.2202993929386139
vn -0.9532919526100159 0 0.30205038189888
vn -0.9532919526100159 0 0.30205038189888
vn -0.9226805567741394 0 0.3855652809143066
vn -0.9226805567741394 0 0.3855652809143066
vn -0.8833256363868713 0 0.4687598943710327
vn -0.8833256363868713 0 0.4687598943710327
vn -0.8355919122695923 0 0.5493506193161011
vn -0.8355919122695923 0 0.5493506193161011
vn -0.7805161476135254 0 0.625135600566864
vn -0.7805161476135254 0 0.625135600566864
vn 0 0 -1
vn -0.7805161476135254 0 0.625135600566864
vn 0 0 -1
vn 0 0 -1
vn 0.08094477653503418 0 -0.9967185854911804
vn 0.08094477653503418 0 -0.9967185854911804
vn 0.1728422939777374 0 -0.98494952917099
vn 0.1728422939777374 0 -0.98494952917099
vn 0.2751905024051666 0 -0.9613897204399109
vn 0.2751905024051666 0 -0.9613897204399109
vn 0.3858417868614197 0 -0.9225649833679199
vn 0.3858417868614197 0 -0.9225649833679199
vn 0.5005422234535217 0 -0.8657121062278748
vn 0.5005422234535217 0 -0.8657121062278748
vn 0.6130968332290649 0 -0.7900077700614929
vn 0.6130968332290649 0 -0.7900077700614929
vn 0.716516375541687 0 -0.6975703239440918
vn 0.716516375541687 0 -0.6975703239440918
vn 0.8048746585845947 0 -0.5934448838233948
vn 0.8048746585845947 0 -0.5934448838233948
vn 0.8957427740097046 0 -0.4445726871490479
vn 0.8957427740097046 0 -0.4445726871490479
vn 0.9577942490577698 0 -0.2874546647071838
vn 0.9577942490577698 0 -0.2874546647071838
vn 0.9907058477401733 0 -0.1360215991735458
vn 0.9907058477401733 0 -0.1360215991735458
vn 1 0 0
vn 1 0 0
vn 0.9910901188850403 0 0.133192777633667
vn 0.9910901188850403 0 0.133192777633667
vn 0.977337658405304 0 0.2116864621639252
vn 0.977337658405304 0 0.2116864621639252
vn 0.9546087384223938 0 0.2978627383708954
vn 0.9546087384223938 0 0.2978627383708954
vn 0.9206110239028931 0 0.3904808759689331
vn 0.9206110239028931 0 0.3904808759689331
vn 0.8733309507369995 0 0.4871273040771484
vn 0.8733309507369995 0 0.4871273040771484
vn 0.8116325736045837 0 0.5841682553291321
vn 0.8116325736045837 0 0.5841682553291321
vn 0.7358841300010681 0 0.6771074533462524
vn 0.7358841300010681 0 0.6771074533462524
vn 0.6632928848266602 0 0.7483599185943604
vn 0.6632928848266602 0 0.7483599185943604
vn 0.5796614289283752 0 0.8148574233055115
vn 0.5796614289283752 0 0.8148574233055115
vn 0.4868316948413849 0 0.8734958171844482
vn 0.4868316948413849 0 0.8734958171844482
vn 0.3877800405025482 0 0.9217519164085388
vn 0.3877800405025482 0 0.9217519164085388
vn 0.28617262840271 0 0.9581781029701233
vn 0.28617262840271 0 0.9581781029701233
vn 0.1857202500104904 0 0.9826026558876038
vn 0.1857202500104904 0 0.9826026558876038
vn 0.0895799994468689 0 0.9959796071052551
vn 0.0895799994468689 0 0.9959796071052551
vn 0 0 1
vn 0 0 1
vn -0.08839086443185806 0 0.9960858821868896
vn -0.08839086443185806 0 0.9960858821868896
vn -0.1847462803125381 0 0.982786238193512
vn -0.1847462803125381 0 0.982786238193512
vn -0.2870970964431763 0 0.9579014778137207
vn -0.2870970964431763 0 0.9579014778137207
vn -0.3922706544399261 0 0.9198498725891113
vn -0.3922706544399261 0 0.9198498725891113
vn -0.4961396455764771 0 0.8682427406311035
vn -0.4961396455764771 0 0.8682427406311035
vn -0.5942687392234802 0 0.8042665719985962
vn -0.5942687392234802 0 0.8042665719985962
vn -0.6827808618545532 0 0.7306232452392578
vn -0.6827808618545532 0 0.7306232452392578
vn -0.7590870261192322 0 0.6509891748428345
vn -0.7590870261192322 0 0.6509891748428345
vn -0.8212049603462219 0 0.5706333518028259
vn -0.8212049603462219 0 0.5706333518028259
vn -0.8745222687721252 0 0.4849853217601776
vn -0.8745222687721252 0 0.4849853217601776
vn -0.9178827404975891 0 0.3968517482280731
vn -0.9178827404975891 0 0.3968517482280731
vn -0.9510508179664612 0 0.3090344965457916
vn -0.9510508179664612 0 0.3090344965457916
vn -0.9896618127822876 0 0.1434206813573837
vn -0.9896618127822876 0 0.1434206813573837
vn -1 0 0
vn -1 0 0
vn -0.9920029044151306 0 -0.1262151002883911
vn -0.9920029044151306 0 -0.1262151002883911
vn -0.9651736617088318 0 -0.2616099417209625
vn -0.9651736617088318 0 -0.2616099417209625
vn -0.9170247316360474 0 -0.3988302946090698
vn -0.9170247316360474 0 -0.3988302946090698
vn -0.8486300110816956 0 -0.5289868712425232
vn -0.8486300110816956 0 -0.5289868712425232
vn -0.7722604274749756 0 -0.6353061199188232
vn -0.7722604274749756 0 -0.6353061199188232
vn -0.6765651106834412 0 -0.7363828420639038
vn -0.6765651106834412 0 -0.7363828420639038
vn -0.5649640560150146 0 -0.8251155018806458
vn -0.5649640560150146 0 -0.8251155018806458
vn -0.4439135789871216 0 -0.8960695862770081
vn -0.4439135789871216 0 -0.8960695862770081
vn -0.3211636245250702 0 -0.9470237493515015
vn -0.3211636245250702 0 -0.9470237493515015
vn -0.2035863697528839 0 -0.9790570139884949
vn -0.2035863697528839 0 -0.9790570139884949
vn -0.095803402364254 0 -0.9954002499580383
vn -0.095803402364254 0 -0.9954002499580383
vn 0 0 -1
vn 0 0 -1
vn 0 1 0
vn 0 1 0
vn 0 1 0
vn 0 1 0
vn 0 1 0
vn 0 1 0
vn 0 1 0
vn 0 1 0
vn 0 1 0
vn 0 1 0
vn 0 1 0
vn 0 1 0
vn 0 1 0
vn 0 1 0
vn 0 1 0
vn 0 1 0
vn 0 1 0
vn 0 1 0
vn 0 1 0
vn 0 1 0
vn 0 1 0
vn 0 1 0
vn 0 1 0
vn 0 1 0
vn 0 1 0
vn 0 1 0
vn 0 1 0
vn 0 1 0
vn 0 1 0
vn 0 1 0
vn 0 1 0
vn 0 1 0
vn 0 1 0
vn 0 1 0
vn 0 1 0
vn 0 1 0
vn 0 1 0
vn 0 1 0
vn 0 1 0
vn 0 1 0
vn 0 1 0
vn 0 1 0
vn 0 1 0
vn 0 1 0
vn 0 1 0
vn 0 1 0
vn 0 1 0
vn 0 1 0
vn 0 1 0
vn 0 1 0
vn 0 1 0
vn 0 1 0
vn 0 1 0
vn 0 1 0
vn 0 1 0
vn 0 1 0
vn 0 1 0
vn 0 1 0
vn 0 1 0
vn 0 1 0
vn 0 1 0
vn 0 1 0
vn 0 1 0
vn 0 1 0
vn 0 1 0
vn 0 1 0
vn 0 1 0
vn 0 1 0
vn 0 1 0
vn 0 1 0
vn 0 1 0
vn 0 1 0
vn 0 1 0
vn 0 1 0
vn 0 1 0
vn 0 1 0
vn 0 1 0
vn 0 1 0
vn 0 1 0
vn 0 1 0
vn 0 1 0
vn 0 1 0
vn 0 1 0
vn 0 1 0
vn 0 1 0
vn 0 1 0
vn 0 1 0
vn 0 1 0
vn 0 1 0
vn 0 1 0
vn 0 1 0
vn 0 1 0
vn 0 1 0
vn 0 1 0
vn 0 1 0
vn 0 1 0
vn 0 1 0
vn 0 1 0
vn 0 1 0
vn 0 1 0
vn 0 1 0
vn 0 1 0
vn 0 1 0
vn 0 1 0
vn 0 1 0
vn 0 1 0
vn 0 1 0
vn 0 1 0
vn 0 1 0
vn 0 1 0
vn 0 1 0
vn 0 1 0
vn 0 1 0
vn 0 1 0
vn 0 1 0
vn -1.110223024625157e-16 1 0
vn 0 1 0
vn -4.440892098500626e-16 1 0
vn -1.110223024625157e-16 1 0
vn 0 1 0
vn -4.440892098500626e-16 1 0
f 2708/2708/2708 2718/2718/2718 2707/2707/2707
f 2709/2709/2709 2718/2718/2718 2708/2708/2708
f 2679/2679/2679 2680/2680/2680 2718/2718/2718
f 2709/2709/2709 2710/2710/2710 2718/2718/2718
f 2710/2710/2710 2678/2678/2678 2718/2718/2718
f 2710/2710/2710 2711/2711/2711 2678/2678/2678
f 2706/2706/2706 2707/2707/2707 2718/2718/2718
f 2704/2704/2704 2705/2705/2705 2718/2718/2718
f 2718/2718/2718 2719/2719/2719 2704/2704/2704
f 2718/2718/2718 2705/2705/2705 2706/2706/2706
f 2681/2681/2681 2682/2682/2682 2718/2718/2718
f 2684/2684/2684 2718/2718/2718 2683/2683/2683
f 2683/2683/2683 2718/2718/2718 2682/2682/2682
f 2681/2681/2681 2718/2718/2718 2680/2680/2680
f 2684/2684/2684 2719/2719/2719 2718/2718/2718
f 2677/2677/2677 2711/2711/2711 2712/2712/2712
f 2713/2713/2713 2714/2714/2714 2675/2675/2675
f 2714/2714/2714 2715/2715/2715 2674/2674/2674
f 2671/2671/2671 2716/2716/2716 2717/2717/2717
f 2717/2717/2717 2670/2670/2670 2671/2671/2671
f 2670/2670/2670 2717/2717/2717 2603/2603/2603
f 2672/2672/2672 2715/2715/2715 2716/2716/2716
f 2672/2672/2672 2716/2716/2716 2671/2671/2671
f 2676/2676/2676 2677/2677/2677 2712/2712/2712
f 2678/2678/2678 2679/2679/2679 2718/2718/2718
f 2677/2677/2677 2678/2678/2678 2711/2711/2711
f 2715/2715/2715 2672/2672/2672 2673/2673/2673
f 2714/2714/2714 2674/2674/2674 2675/2675/2675
f 2715/2715/2715 2673/2673/2673 2674/2674/2674
f 2675/2675/2675 2676/2676/2676 2713/2713/2713
f 2712/2712/2712 2713/2713/2713 2676/2676/2676
f 2700/2700/2700 2701/2701/2701 2719/2719/2719
f 2702/2702/2702 2719/2719/2719 2701/2701/2701
f 2685/2685/2685 2719/2719/2719 2684/2684/2684
f 2719/2719/2719 2702/2702/2702 2703/2703/2703
f 2719/2719/2719 2686/2686/2686 2720/2720/2720
f 2685/2685/2685 2686/2686/2686 2719/2719/2719
f 2704/2704/2704 2719/2719/2719 2703/2703/2703
f 2719/2719/2719 2720/2720/2720 2700/2700/2700
f 2698/2698/2698 2720/2720/2720 2697/2697/2697
f 2697/2697/2697 2720/2720/2720 2696/2696/2696
f 2720/2720/2720 2698/2698/2698 2699/2699/2699
f 2642/2642/2642 2696/2696/2696 2688/2688/2688
f 2699/2699/2699 2700/2700/2700 2720/2720/2720
f 2642/2642/2642 2688/2688/2688 2641/2641/2641
f 2720/2720/2720 2687/2687/2687 2688/2688/2688
f 2696/2696/2696 2720/2720/2720 2688/2688/2688
f 2720/2720/2720 2686/2686/2686 2687/2687/2687
f 2640/2640/2640 2689/2689/2689 2690/2690/2690
f 2641/2641/2641 2689/2689/2689 2640/2640/2640
f 2638/2638/2638 2691/2691/2691 2692/2692/2692
f 2636/2636/2636 2693/2693/2693 2694/2694/2694
f 2637/2637/2637 2692/2692/2692 2693/2693/2693
f 2639/2639/2639 2690/2690/2690 2691/2691/2691
f 2638/2638/2638 2639/2639/2639 2691/2691/2691
f 2692/2692/2692 2637/2637/2637 2638/2638/2638
f 2690/2690/2690 2639/2639/2639 2640/2640/2640
f 2636/2636/2636 2694/2694/2694 2635/2635/2635
f 2693/2693/2693 2636/2636/2636 2637/2637/2637
f 2695/2695/2695 2634/2634/2634 2635/2635/2635
f 2643/2643/2643 2634/2634/2634 2695/2695/2695
f 2694/2694/2694 2695/2695/2695 2635/2635/2635
f 2688/2688/2688 2689/2689/2689 2641/2641/2641
f 2668/2668/2668 2669/2669/2669 2603/2603/2603
f 2603/2603/2603 2604/2604/2604 2668/2668/2668
f 2666/2666/2666 2605/2605/2605 2606/2606/2606
f 2665/2665/2665 2606/2606/2606 2607/2607/2607
f 2667/2667/2667 2604/2604/2604 2605/2605/2605
f 2608/2608/2608 2664/2664/2664 2607/2607/2607
f 2604/2604/2604 2667/2667/2667 2668/2668/2668
f 2606/2606/2606 2665/2665/2665 2666/2666/2666
f 2666/2666/2666 2667/2667/2667 2605/2605/2605
f 2608/2608/2608 2663/2663/2663 2664/2664/2664
f 2662/2662/2662 2609/2609/2609 2661/2661/2661
f 2662/2662/2662 2663/2663/2663 2608/2608/2608
f 2664/2664/2664 2665/2665/2665 2607/2607/2607
f 2609/2609/2609 2662/2662/2662 2608/2608/2608
f 2660/2660/2660 2661/2661/2661 2610/2610/2610
f 2609/2609/2609 2610/2610/2610 2661/2661/2661
f 2611/2611/2611 2660/2660/2660 2610/2610/2610
f 2612/2612/2612 2721/2721/2721 2611/2611/2611
f 2721/2721/2721 2612/2612/2612 2613/2613/2613
f 2611/2611/2611 2721/2721/2721 2660/2660/2660
f 2614/2614/2614 2721/2721/2721 2613/2613/2613
f 2721/2721/2721 2658/2658/2658 2659/2659/2659
f 2656/2656/2656 2657/2657/2657 2721/2721/2721
f 2657/2657/2657 2658/2658/2658 2721/2721/2721
f 2617/2617/2617 2721/2721/2721 2616/2616/2616
f 2614/2614/2614 2615/2615/2615 2721/2721/2721
f 2617/2617/2617 2618/2618/2618 2722/2722/2722
f 2616/2616/2616 2721/2721/2721 2615/2615/2615
f 2721/2721/2721 2659/2659/2659 2660/2660/2660
f 2656/2656/2656 2721/2721/2721 2655/2655/2655
f 2631/2631/2631 2646/2646/2646 2647/2647/2647
f 2631/2631/2631 2645/2645/2645 2646/2646/2646
f 2627/2627/2627 2628/2628/2628 2650/2650/2650
f 2629/2629/2629 2648/2648/2648 2649/2649/2649
f 2649/2649/2649 2650/2650/2650 2628/2628/2628
f 2630/2630/2630 2647/2647/2647 2648/2648/2648
f 2633/2633/2633 2643/2643/2643 2644/2644/2644
f 2644/2644/2644 2632/2632/2632 2633/2633/2633
f 2644/2644/2644 2645/2645/2645 2632/2632/2632
f 2634/2634/2634 2643/2643/2643 2633/2633/2633
f 2630/2630/2630 2631/2631/2631 2647/2647/2647
f 2632/2632/2632 2645/2645/2645 2631/2631/2631
f 2648/2648/2648 2629/2629/2629 2630/2630/2630
f 2629/2629/2629 2649/2649/2649 2628/2628/2628
f 2627/2627/2627 2650/2650/2650 2651/2651/2651
f 2722/2722/2722 2654/2654/2654 2655/2655/2655
f 2622/2622/2622 2722/2722/2722 2621/2621/2621
f 2654/2654/2654 2722/2722/2722 2653/2653/2653
f 2655/2655/2655 2721/2721/2721 2722/2722/2722
f 2619/2619/2619 2620/2620/2620 2722/2722/2722
f 2620/2620/2620 2621/2621/2621 2722/2722/2722
f 2617/2617/2617 2722/2722/2722 2721/2721/2721
f 2618/2618/2618 2619/2619/2619 2722/2722/2722
f 2722/2722/2722 2622/2622/2622 2723/2723/2723
f 2651/2651/2651 2723/2723/2723 2626/2626/2626
f 2723/2723/2723 2652/2652/2652 2653/2653/2653
f 2626/2626/2626 2627/2627/2627 2651/2651/2651
f 2626/2626/2626 2723/2723/2723 2625/2625/2625
f 2723/2723/2723 2651/2651/2651 2652/2652/2652
f 2623/2623/2623 2624/2624/2624 2723/2723/2723
f 2624/2624/2624 2625/2625/2625 2723/2723/2723
f 2622/2622/2622 2623/2623/2623 2723/2723/2723
f 2653/2653/2653 2722/2722/2722 2723/2723/2723
f 2603/2603/2603 2669/2669/2669 2670/2670/2670
f 2805/2805/2805 2724/2724/2724 2726/2726/2726
f 2730/2730/2730 2731/2731/2731 2729/2729/2729 2728/2728/2728
f 2732/2732/2732 2733/2733/2733 2731/2731/2731 2730/2730/2730
f 2728/2728/2728 2729/2729/2729 2727/2727/2727 2726/2726/2726
f 2736/2736/2736 2737/2737/2737 2735/2735/2735 2734/2734/2734
f 2740/2740/2740 2741/2741/2741 2739/2739/2739 2738/2738/2738
f 2742/2742/2742 2743/2743/2743 2741/2741/2741 2740/2740/2740
f 2738/2738/2738 2739/2739/2739 2737/2737/2737 2736/2736/2736
f 2734/2734/2734 2735/2735/2735 2733/2733/2733 2732/2732/2732
f 2746/2746/2746 2747/2747/2747 2745/2745/2745 2744/2744/2744
f 2750/2750/2750 2751/2751/2751 2749/2749/2749 2748/2748/2748
f 2752/2752/2752 2753/2753/2753 2751/2751/2751 2750/2750/2750
f 2748/2748/2748 2749/2749/2749 2747/2747/2747 2746/2746/2746
f 2756/2756/2756 2757/2757/2757 2755/2755/2755 2754/2754/2754
f 2760/2760/2760 2761/2761/2761 2759/2759/2759 2758/2758/2758
f 2762/2762/2762 2763/2763/2763 2761/2761/2761 2760/2760/2760
f 2758/2758/2758 2759/2759/2759 2757/2757/2757 2756/2756/2756
f 2754/2754/2754 2755/2755/2755 2753/2753/2753 2752/2752/2752
f 2744/2744/2744 2745/2745/2745 2743/2743/2743 2742/2742/2742
f 2727/2727/2727 2725/2725/2725 2805/2805/2805
f 2726/2726/2726 2727/2727/2727 2805/2805/2805
f 2763/2763/2763 2762/2762/2762 2764/2764/2764 2765/2765/2765
f 2766/2766/2766 2767/2767/2767 2765/2765/2765 2764/2764/2764
f 2770/2770/2770 2771/2771/2771 2769/2769/2769 2768/2768/2768
f 2772/2772/2772 2773/2773/2773 2771/2771/2771 2770/2770/2770
f 2768/2768/2768 2769/2769/2769 2767/2767/2767 2766/2766/2766
f 2776/2776/2776 2777/2777/2777 2775/2775/2775 2774/2774/2774
f 2780/2780/2780 2781/2781/2781 2779/2779/2779 2778/2778/2778
f 2782/2782/2782 2783/2783/2783 2781/2781/2781 2780/2780/2780
f 2778/2778/2778 2779/2779/2779 2777/2777/2777 2776/2776/2776
f 2774/2774/2774 2775/2775/2775 2773/2773/2773 2772/2772/2772
f 2786/2786/2786 2787/2787/2787 2785/2785/2785 2784/2784/2784
f 2790/2790/2790 2791/2791/2791 2789/2789/2789 2788/2788/2788
f 2792/2792/2792 2793/2793/2793 2791/2791/2791 2790/2790/2790
f 2788/2788/2788 2789/2789/2789 2787/2787/2787 2786/2786/2786
f 2796/2796/2796 2797/2797/2797 2795/2795/2795 2794/2794/2794
f 2800/2800/2800 2801/2801/2801 2799/2799/2799 2798/2798/2798
f 2804/2804/2804 2800/2800/2800 2802/2802/2802
f 2798/2798/2798 2799/2799/2799 2797/2797/2797 2796/2796/2796
f 2794/2794/2794 2795/2795/2795 2793/2793/2793 2792/2792/2792
f 2784/2784/2784 2785/2785/2785 2783/2783/2783 2782/2782/2782
f 2804/2804/2804 2803/2803/2803 2801/2801/2801
f 2804/2804/2804 2801/2801/2801 2800/2800/2800
f 2854/2854/2854 2806/2806/2806 2808/2808/2808
f 2810/2810/2810 2811/2811/2811 2809/2809/2809 2808/2808/2808
f 2814/2814/2814 2815/2815/2815 2813/2813/2813 2812/2812/2812
f 2816/2816/2816 2817/2817/2817 2815/2815/2815 2814/2814/2814
f 2812/2812/2812 2813/2813/2813 2811/2811/2811 2810/2810/2810
f 2820/2820/2820 2821/2821/2821 2819/2819/2819 2818/2818/2818
f 2822/2822/2822 2823/2823/2823 2821/2821/2821 2820/2820/2820
f 2826/2826/2826 2827/2827/2827 2825/2825/2825 2824/2824/2824
f 2828/2828/2828 2829/2829/2829 2827/2827/2827 2826/2826/2826
f 2824/2824/2824 2825/2825/2825 2823/2823/2823 2822/2822/2822
f 2818/2818/2818 2819/2819/2819 2817/2817/2817 2816/2816/2816
f 2807/2807/2807 2854/2854/2854 2809/2809/2809
f 2809/2809/2809 2854/2854/2854 2808/2808/2808
f 2829/2829/2829 2828/2828/2828 2830/2830/2830 2831/2831/2831
f 2832/2832/2832 2833/2833/2833 2831/2831/2831 2830/2830/2830
f 2834/2834/2834 2835/2835/2835 2833/2833/2833 2832/2832/2832
f 2838/2838/2838 2839/2839/2839 2837/2837/2837 2836/2836/2836
f 2840/2840/2840 2841/2841/2841 2839/2839/2839 2838/2838/2838
f 2836/2836/2836 2837/2837/2837 2835/2835/2835 2834/2834/2834
f 2844/2844/2844 2845/2845/2845 2843/2843/2843 2842/2842/2842
f 2846/2846/2846 2847/2847/2847 2845/2845/2845 2844/2844/2844
f 2850/2850/2850 2851/2851/2851 2849/2849/2849 2848/2848/2848
f 2855/2855/2855 2850/2850/2850 2852/2852/2852
f 2848/2848/2848 2849/2849/2849 2847/2847/2847 2846/2846/2846
f 2842/2842/2842 2843/2843/2843 2841/2841/2841 2840/2840/2840
f 2855/2855/2855 2853/2853/2853 2851/2851/2851
f 2851/2851/2851 2850/2850/2850 2855/2855/2855
f 2858/2858/2858 2859/2859/2859 2857/2857/2857 2856/2856/2856
f 2860/2860/2860 2861/2861/2861 2859/2859/2859 2858/2858/2858
f 2864/2864/2864 2865/2865/2865 2863/2863/2863 2862/2862/2862
f 2866/2866/2866 2867/2867/2867 2865/2865/2865 2864/2864/2864
f 2862/2862/2862 2863/2863/2863 2861/2861/2861 2860/2860/2860
f 2870/2870/2870 2871/2871/2871 2869/2869/2869 2868/2868/2868
f 2872/2872/2872 2873/2873/2873 2871/2871/2871 2870/2870/2870
f 2876/2876/2876 2877/2877/2877 2875/2875/2875 2874/2874/2874
f 2880/2880/2880 2881/2881/2881 2879/2879/2879 2878/2878/2878
f 2878/2878/2878 2879/2879/2879 2877/2877/2877 2876/2876/2876
f 2874/2874/2874 2875/2875/2875 2873/2873/2873 2872/2872/2872
f 2868/2868/2868 2869/2869/2869 2867/2867/2867 2866/2866/2866
f 2884/2884/2884 2885/2885/2885 2883/2883/2883 2882/2882/2882
f 2886/2886/2886 2887/2887/2887 2885/2885/2885 2884/2884/2884
f 2890/2890/2890 2891/2891/2891 2889/2889/2889 2888/2888/2888
f 2894/2894/2894 2895/2895/2895 2893/2893/2893 2892/2892/2892
f 2892/2892/2892 2893/2893/2893 2891/2891/2891 2890/2890/2890
f 2888/2888/2888 2889/2889/2889 2887/2887/2887 2886/2886/2886
f 2898/2898/2898 2899/2899/2899 2897/2897/2897 2896/2896/2896
f 2900/2900/2900 2901/2901/2901 2899/2899/2899 2898/2898/2898
f 2904/2904/2904 2905/2905/2905 2903/2903/2903 2902/2902/2902
f 2908/2908/2908 2909/2909/2909 2907/2907/2907 2906/2906/2906
f 2906/2906/2906 2907/2907/2907 2905/2905/2905 2904/2904/2904
f 2902/2902/2902 2903/2903/2903 2901/2901/2901 2900/2900/2900
f 2896/2896/2896 2897/2897/2897 2895/2895/2895 2894/2894/2894
f 2882/2882/2882 2883/2883/2883 2881/2881/2881 2880/2880/2880
f 2909/2909/2909 2908/2908/2908 2910/2910/2910 2911/2911/2911
f 2912/2912/2912 2913/2913/2913 2911/2911/2911 2910/2910/2910
f 2914/2914/2914 2915/2915/2915 2913/2913/2913 2912/2912/2912
f 2918/2918/2918 2919/2919/2919 2917/2917/2917 2916/2916/2916
f 2920/2920/2920 2921/2921/2921 2919/2919/2919 2918/2918/2918
f 2916/2916/2916 2917/2917/2917 2915/2915/2915 2914/2914/2914
f 2924/2924/2924 2925/2925/2925 2923/2923/2923 2922/2922/2922
f 2926/2926/2926 2927/2927/2927 2925/2925/2925 2924/2924/2924
f 2930/2930/2930 2931/2931/2931 2929/2929/2929 2928/2928/2928
f 2934/2934/2934 2935/2935/2935 2933/2933/2933 2932/2932/2932
f 2932/2932/2932 2933/2933/2933 2931/2931/2931 2930/2930/2930
f 2928/2928/2928 2929/2929/2929 2927/2927/2927 2926/2926/2926
f 2922/2922/2922 2923/2923/2923 2921/2921/2921 2920/2920/2920
f 2938/2938/2938 2939/2939/2939 2937/2937/2937 2936/2936/2936
f 2940/2940/2940 2941/2941/2941 2939/2939/2939 2938/2938/2938
f 2944/2944/2944 2945/2945/2945 2943/2943/2943 2942/2942/2942
f 2948/2948/2948 2949/2949/2949 2947/2947/2947 2946/2946/2946
f 2946/2946/2946 2947/2947/2947 2945/2945/2945 2944/2944/2944
f 2942/2942/2942 2943/2943/2943 2941/2941/2941 2940/2940/2940
f 2952/2952/2952 2953/2953/2953 2951/2951/2951 2950/2950/2950
f 2954/2954/2954 2955/2955/2955 2953/2953/2953 2952/2952/2952
f 2958/2958/2958 2959/2959/2959 2957/2957/2957 2956/2956/2956
f 2962/2962/2962 2963/2963/2963 2961/2961/2961 2960/2960/2960
f 2960/2960/2960 2961/2961/2961 2959/2959/2959 2958/2958/2958
f 2956/2956/2956 2957/2957/2957 2955/2955/2955 2954/2954/2954
f 2950/2950/2950 2951/2951/2951 2949/2949/2949 2948/2948/2948
f 2936/2936/2936 2937/2937/2937 2935/2935/2935 2934/2934/2934
f 3016/3016/3016 3015/3015/3015 3079/3079/3079
f 3017/3017/3017 3016/3016/3016 3079/3079/3079
f 3062/3062/3062 3079/3079/3079 3063/3063/3063
f 3017/3017/3017 3079/3079/3079 3018/3018/3018
f 3018/3018/3018 3079/3079/3079 3061/3061/3061
f 3018/3018/3018 3061/3061/3061 3019/3019/3019
f 3014/3014/3014 3079/3079/3079 3015/3015/3015
f 3012/3012/3012 3079/3079/3079 3013/3013/3013
f 3079/3079/3079 3012/3012/3012 3080/3080/3080
f 3079/3079/3079 3014/3014/3014 3013/3013/3013
f 3064/3064/3064 3079/3079/3079 3065/3065/3065
f 3067/3067/3067 3066/3066/3066 3079/3079/3079
f 3066/3066/3066 3065/3065/3065 3079/3079/3079
f 3064/3064/3064 3063/3063/3063 3079/3079/3079
f 3067/3067/3067 3079/3079/3079 3080/3080/3080
f 3060/3060/3060 3020/3020/3020 3019/3019/3019
f 3021/3021/3021 3058/3058/3058 3022/3022/3022
f 3022/3022/3022 3057/3057/3057 3023/3023/3023
f 3054/3054/3054 3025/3025/3025 3024/3024/3024
f 3025/3025/3025 3054/3054/3054 3053/3053/3053
f 3053/3053/3053 2964/2964/2964 3025/3025/3025
f 3055/3055/3055 3024/3024/3024 3023/3023/3023
f 3055/3055/3055 3054/3054/3054 3024/3024/3024
f 3059/3059/3059 3020/3020/3020 3060/3060/3060
f 3061/3061/3061 3079/3079/3079 3062/3062/3062
f 3060/3060/3060 3019/3019/3019 3061/3061/3061
f 3023/3023/3023 3056/3056/3056 3055/3055/3055
f 3022/3022/3022 3058/3058/3058 3057/3057/3057
f 3023/3023/3023 3057/3057/3057 3056/3056/3056
f 3058/3058/3058 3021/3021/3021 3059/3059/3059
f 3020/3020/3020 3059/3059/3059 3021/3021/3021
f 3008/3008/3008 3080/3080/3080 3009/3009/3009
f 3010/3010/3010 3009/3009/3009 3080/3080/3080
f 3068/3068/3068 3067/3067/3067 3080/3080/3080
f 3080/3080/3080 3011/3011/3011 3010/3010/3010
f 3080/3080/3080 3081/3081/3081 3069/3069/3069
f 3068/3068/3068 3080/3080/3080 3069/3069/3069
f 3012/3012/3012 3011/3011/3011 3080/3080/3080
f 3080/3080/3080 3008/3008/3008 3081/3081/3081
f 3006/3006/3006 3005/3005/3005 3081/3081/3081
f 3005/3005/3005 3004/3004/3004 3081/3081/3081
f 3081/3081/3081 3007/3007/3007 3006/3006/3006
f 3003/3003/3003 3071/3071/3071 3004/3004/3004
f 3007/3007/3007 3081/3081/3081 3008/3008/3008
f 3003/3003/3003 3002/3002/3002 3071/3071/3071
f 3081/3081/3081 3071/3071/3071 3070/3070/3070
f 3004/3004/3004 3071/3071/3071 3081/3081/3081
f 3081/3081/3081 3070/3070/3070 3069/3069/3069
f 3001/3001/3001 3073/3073/3073 3072/3072/3072
f 3002/3002/3002 3001/3001/3001 3072/3072/3072
f 2999/2999/2999 3075/3075/3075 3074/3074/3074
f 2997/2997/2997 3077/3077/3077 3076/3076/3076
f 2998/2998/2998 3076/3076/3076 3075/3075/3075
f 3000/3000/3000 3074/3074/3074 3073/3073/3073
f 2999/2999/2999 3074/3074/3074 3000/3000/3000
f 3075/3075/3075 2999/2999/2999 2998/2998/2998
f 3073/3073/3073 3001/3001/3001 3000/3000/3000
f 2997/2997/2997 2996/2996/2996 3077/3077/3077
f 3076/3076/3076 2998/2998/2998 2997/2997/2997
f 3078/3078/3078 2996/2996/2996 2995/2995/2995
f 3026/3026/3026 3078/3078/3078 2995/2995/2995
f 3077/3077/3077 2996/2996/2996 3078/3078/3078
f 3071/3071/3071 3002/3002/3002 3072/3072/3072
f 3051/3051/3051 2964/2964/2964 3052/3052/3052
f 2964/2964/2964 3051/3051/3051 2965/2965/2965
f 3049/3049/3049 2967/2967/2967 2966/2966/2966
f 3048/3048/3048 2968/2968/2968 2967/2967/2967
f 3050/3050/3050 2966/2966/2966 2965/2965/2965
f 2969/2969/2969 2968/2968/2968 3047/3047/3047
f 2965/2965/2965 3051/3051/3051 3050/3050/3050
f 2967/2967/2967 3049/3049/3049 3048/3048/3048
f 3049/3049/3049 2966/2966/2966 3050/3050/3050
f 2969/2969/2969 3047/3047/3047 3046/3046/3046
f 3045/3045/3045 3044/3044/3044 2970/2970/2970
f 3045/3045/3045 2969/2969/2969 3046/3046/3046
f 3047/3047/3047 2968/2968/2968 3048/3048/3048
f 2970/2970/2970 2969/2969/2969 3045/3045/3045
f 3043/3043/3043 2971/2971/2971 3044/3044/3044
f 2970/2970/2970 3044/3044/3044 2971/2971/2971
f 2972/2972/2972 2971/2971/2971 3043/3043/3043
f 2973/2973/2973 2972/2972/2972 3082/3082/3082
f 3082/3082/3082 2974/2974/2974 2973/2973/2973
f 2972/2972/2972 3043/3043/3043 3082/3082/3082
f 2975/2975/2975 2974/2974/2974 3082/3082/3082
f 3082/3082/3082 3042/3042/3042 3041/3041/3041
f 3039/3039/3039 3082/3082/3082 3040/3040/3040
f 3040/3040/3040 3082/3082/3082 3041/3041/3041
f 2978/2978/2978 2977/2977/2977 3082/3082/3082
f 2975/2975/2975 3082/3082/3082 2976/2976/2976
f 2978/2978/2978 3083/3083/3083 2979/2979/2979
f 2977/2977/2977 2976/2976/2976 3082/3082/3082
f 3082/3082/3082 3043/3043/3043 3042/3042/3042
f 3039/3039/3039 3038/3038/3038 3082/3082/3082
f 2992/2992/2992 3030/3030/3030 3029/3029/3029
f 2992/2992/2992 3029/3029/3029 3028/3028/3028
f 2988/2988/2988 3033/3033/3033 2989/2989/2989
f 2990/2990/2990 3032/3032/3032 3031/3031/3031
f 3032/3032/3032 2989/2989/2989 3033/3033/3033
f 2991/2991/2991 3031/3031/3031 3030/3030/3030
f 2994/2994/2994 3027/3027/3027 3026/3026/3026
f 3027/3027/3027 2994/2994/2994 2993/2993/2993
f 3027/3027/3027 2993/2993/2993 3028/3028/3028
f 2995/2995/2995 2994/2994/2994 3026/3026/3026
f 2991/2991/2991 3030/3030/3030 2992/2992/2992
f 2993/2993/2993 2992/2992/2992 3028/3028/3028
f 3031/3031/3031 2991/2991/2991 2990/2990/2990
f 2990/2990/2990 2989/2989/2989 3032/3032/3032
f 2988/2988/2988 3034/3034/3034 3033/3033/3033
f 3083/3083/3083 3038/3038/3038 3037/3037/3037
f 2983/2983/2983 2982/2982/2982 3083/3083/3083
f 3037/3037/3037 3036/3036/3036 3083/3083/3083
f 3038/3038/3038 3083/3083/3083 3082/3082/3082
f 2980/2980/2980 3083/3083/3083 2981/2981/2981
f 2981/2981/2981 3083/3083/3083 2982/2982/2982
f 2978/2978/2978 3082/3082/3082 3083/3083/3083
f 2979/2979/2979 3083/3083/3083 2980/2980/2980
f 3083/3083/3083 3084/3084/3084 2983/2983/2983
f 3034/3034/3034 2987/2987/2987 3084/3084/3084
f 3084/3084/3084 3036/3036/3036 3035/3035/3035
f 2987/2987/2987 3034/3034/3034 2988/2988/2988
f 2987/2987/2987 2986/2986/2986 3084/3084/3084
f 3084/3084/3084 3035/3035/3035 3034/3034/3034
f 2984/2984/2984 3084/3084/3084 2985/2985/2985
f 2985/2985/2985 3084/3084/3084 2986/2986/2986
f 2983/2983/2983 3084/3084/3084 2984/2984/2984
f 3036/3036/3036 3084/3084/3084 3083/3083/3083
f 2964/2964/2964 3053/3053/3053 3052/3052/3052
g object_16
v 536.9752807617188 -18.32500076293945 -470.508056640625
v 537.5828857421875 -18.32500076293945 -470.508056640625
v 538.1904296875 -18.32500076293945 -470.508056640625
v 538.7979736328125 -18.32500076293945 -470.508056640625
v 539.405517578125 -18.32500076293945 -470.508056640625
v 539.7062377929688 -18.32500076293945 -470.4943542480469
v 539.9896240234375 -18.32500076293945 -470.4531860351562
v 540.255615234375 -18.32500076293945 -470.3845825195312
v 540.5042114257812 -18.32500076293945 -470.2885131835938
v 540.7355346679688 -18.32500076293945 -470.1650390625
v 540.9494018554688 -18.32500076293945 -470.0140991210938
v 541.14599609375 -18.32500076293945 -469.8357238769531
v 541.3251953125 -18.32500076293945 -469.6299133300781
v 541.4678344726562 -18.32500076293945 -469.4248657226562
v 541.5914306640625 -18.32500076293945 -469.2059020996094
v 541.696044921875 -18.32500076293945 -468.9730224609375
v 541.7816162109375 -18.32500076293945 -468.7262268066406
v 541.8482055664062 -18.32500076293945 -468.4655456542969
v 541.895751953125 -18.32500076293945 -468.19091796875
v 541.9337768554688 -18.32500076293945 -467.5999755859375
v 541.9113159179688 -18.32500076293945 -467.1335754394531
v 541.8439331054688 -18.32500076293945 -466.6901550292969
v 541.7315673828125 -18.32500076293945 -466.2697143554688
v 541.5743408203125 -18.32500076293945 -465.8722534179688
v 541.40185546875 -18.32500076293945 -465.5525207519531
v 541.2008666992188 -18.32500076293945 -465.2754211425781
v 540.971435546875 -18.32500076293945 -465.0409545898438
v 540.7135620117188 -18.32500076293945 -464.84912109375
v 540.4271850585938 -18.32500076293945 -464.6998901367188
v 540.1123657226562 -18.32500076293945 -464.5933227539062
v 539.7691040039062 -18.32500076293945 -464.5293884277344
v 539.3973388671875 -18.32500076293945 -464.508056640625
v 538.7918701171875 -18.32500076293945 -464.508056640625
v 538.1863403320312 -18.32500076293945 -464.508056640625
v 537.580810546875 -18.32500076293945 -464.508056640625
v 536.9752807617188 -18.32500076293945 -464.508056640625
v 537.7921752929688 -18.32500076293945 -465.2024230957031
v 539.2421264648438 -18.32500076293945 -465.2024230957031
v 539.617919921875 -18.32500076293945 -465.2238464355469
v 539.920166015625 -18.32500076293945 -465.2881774902344
v 540.1463623046875 -18.32500076293945 -465.3861999511719
v 540.35107421875 -18.32500076293945 -465.52099609375
v 540.5343627929688 -18.32500076293945 -465.6925354003906
v 540.6962280273438 -18.32500076293945 -465.9008483886719
v 540.8082885742188 -18.32500076293945 -466.0953674316406
v 540.9035034179688 -18.32500076293945 -466.3154296875
v 540.9818725585938 -18.32500076293945 -466.5610046386719
v 541.0433959960938 -18.32500076293945 -466.8320922851562
v 541.0892944335938 -18.32500076293945 -467.1588439941406
v 541.1046142578125 -18.32500076293945 -467.4610900878906
v 541.0769653320312 -18.32500076293945 -467.9874877929688
v 540.9938354492188 -18.32500076293945 -468.4515686035156
v 540.8553466796875 -18.32500076293945 -468.8533630371094
v 540.6614990234375 -18.32500076293945 -469.19287109375
v 540.542236328125 -18.32500076293945 -469.3374328613281
v 540.4060668945312 -18.32500076293945 -469.4627075195312
v 540.2529907226562 -18.32500076293945 -469.5687255859375
v 540.0830078125 -18.32500076293945 -469.6554565429688
v 539.8961181640625 -18.32500076293945 -469.722900390625
v 539.6923217773438 -18.32500076293945 -469.7710876464844
v 539.4716186523438 -18.32500076293945 -469.7999877929688
v 539.2340087890625 -18.32500076293945 -469.8096313476562
v 537.7921752929688 -18.32500076293945 -469.8096313476562
v 537.6482543945312 -18.32500076293945 -469.6937866210938
v 537.6482543945312 -18.32500076293945 -467.9452209472656
v 537.6482543945312 -18.32500076293945 -467.0709228515625
v 537.6482543945312 -18.32500076293945 -466.1966247558594
v 537.6482543945312 -18.32500076293945 -465.3223571777344
v 541.2608642578125 -18.32500076293945 -468.8194885253906
v 541.2608642578125 -18.32500076293945 -467.0709228515625
v 541.2608642578125 -18.32500076293945 -466.1966247558594
v 536.9752807617188 -18.32500076293945 -464.508056640625
v 536.9752807617188 -17.32500076293945 -464.508056640625
v 539.3973388671875 -18.32500076293945 -464.508056640625
v 539.3973388671875 -17.32500076293945 -464.508056640625
v 539.7691040039062 -18.32500076293945 -464.5293884277344
v 539.7691040039062 -17.32500076293945 -464.5293884277344
v 540.1123657226562 -18.32500076293945 -464.5933227539062
v 540.1123657226562 -17.32500076293945 -464.5933227539062
v 540.4271850585938 -18.32500076293945 -464.6998901367188
v 540.4271850585938 -17.32500076293945 -464.6998901367188
v 540.7135620117188 -17.32500076293945 -464.84912109375
v 540.971435546875 -18.32500076293945 -465.0409545898438
v 540.971435546875 -17.32500076293945 -465.0409545898438
v 541.40185546875 -18.32500076293945 -465.5525207519531
v 541.40185546875 -17.32500076293945 -465.5525207519531
v 541.5743408203125 -18.32500076293945 -465.8722534179688
v 541.5743408203125 -17.32500076293945 -465.8722534179688
v 541.7315673828125 -17.32500076293945 -466.2697143554688
v 541.9113159179688 -18.32500076293945 -467.1335754394531
v 541.9113159179688 -17.32500076293945 -467.1335754394531
v 541.9337768554688 -18.32500076293945 -467.5999755859375
v 541.9337768554688 -17.32500076293945 -467.5999755859375
v 541.8482055664062 -18.32500076293945 -468.4655456542969
v 541.8482055664062 -17.32500076293945 -468.4655456542969
v 541.5914306640625 -18.32500076293945 -469.2059020996094
v 541.5914306640625 -17.32500076293945 -469.2059020996094
v 541.3251953125 -18.32500076293945 -469.6299133300781
v 541.3251953125 -17.32500076293945 -469.6299133300781
v 541.14599609375 -17.32500076293945 -469.8357238769531
v 540.7355346679688 -17.32500076293945 -470.1650390625
v 540.5042114257812 -18.32500076293945 -470.2885131835938
v 540.5042114257812 -17.32500076293945 -470.2885131835938
v 540.255615234375 -17.32500076293945 -470.3845825195312
v 539.9896240234375 -17.32500076293945 -470.4531860351562
v 539.7062377929688 -18.32500076293945 -470.4943542480469
v 539.7062377929688 -17.32500076293945 -470.4943542480469
v 539.405517578125 -17.32500076293945 -470.508056640625
v 536.9752807617188 -18.32500076293945 -470.508056640625
v 536.9752807617188 -17.32500076293945 -470.508056640625
v 537.580810546875 -18.32500076293945 -464.508056640625
v 538.1863403320312 -18.32500076293945 -464.508056640625
v 538.7918701171875 -18.32500076293945 -464.508056640625
v 540.7135620117188 -18.32500076293945 -464.84912109375
v 541.2008666992188 -18.32500076293945 -465.2754211425781
v 541.7315673828125 -18.32500076293945 -466.2697143554688
v 541.8439331054688 -18.32500076293945 -466.6901550292969
v 541.895751953125 -18.32500076293945 -468.19091796875
v 541.7816162109375 -18.32500076293945 -468.7262268066406
v 541.696044921875 -18.32500076293945 -468.9730224609375
v 541.4678344726562 -18.32500076293945 -469.4248657226562
v 541.14599609375 -18.32500076293945 -469.8357238769531
v 540.9494018554688 -18.32500076293945 -470.0140991210938
v 540.7355346679688 -18.32500076293945 -470.1650390625
v 540.255615234375 -18.32500076293945 -470.3845825195312
v 539.9896240234375 -18.32500076293945 -470.4531860351562
v 539.405517578125 -18.32500076293945 -470.508056640625
v 538.7979736328125 -18.32500076293945 -470.508056640625
v 538.1904296875 -18.32500076293945 -470.508056640625
v 537.5828857421875 -18.32500076293945 -470.508056640625
v 536.9752807617188 -17.82500076293945 -470.508056640625
v 537.5828857421875 -17.32500076293945 -470.508056640625
v 538.1904296875 -17.32500076293945 -470.508056640625
v 538.7979736328125 -17.32500076293945 -470.508056640625
v 540.9494018554688 -17.32500076293945 -470.0140991210938
v 541.4678344726562 -17.32500076293945 -469.4248657226562
v 541.696044921875 -17.32500076293945 -468.9730224609375
v 541.7816162109375 -17.32500076293945 -468.7262268066406
v 541.895751953125 -17.32500076293945 -468.19091796875
v 541.8439331054688 -17.32500076293945 -466.6901550292969
v 541.2008666992188 -17.32500076293945 -465.2754211425781
v 538.7918701171875 -17.32500076293945 -464.508056640625
v 538.1863403320312 -17.32500076293945 -464.508056640625
v 537.580810546875 -17.32500076293945 -464.508056640625
v 536.9752807617188 -17.82500076293945 -464.508056640625
v 536.9752807617188 -18.32500076293945 -470.508056640625
v 536.9752807617188 -17.32500076293945 -470.508056640625
v 536.9752807617188 -18.32500076293945 -464.508056640625
v 536.9752807617188 -17.32500076293945 -464.508056640625
v 536.9752807617188 -17.82500076293945 -470.508056640625
v 536.9752807617188 -17.82500076293945 -464.508056640625
v 537.7921752929688 -18.32500076293945 -469.8096313476562
v 537.7921752929688 -17.32500076293945 -469.8096313476562
v 539.2340087890625 -18.32500076293945 -469.8096313476562
v 539.2340087890625 -17.32500076293945 -469.8096313476562
v 539.4716186523438 -18.32500076293945 -469.7999877929688
v 539.4716186523438 -17.32500076293945 -469.7999877929688
v 539.6923217773438 -18.32500076293945 -469.7710876464844
v 539.6923217773438 -17.32500076293945 -469.7710876464844
v 539.8961181640625 -18.32500076293945 -469.722900390625
v 539.8961181640625 -17.32500076293945 -469.722900390625
v 540.0830078125 -18.32500076293945 -469.6554565429688
v 540.0830078125 -17.32500076293945 -469.6554565429688
v 540.2529907226562 -18.32500076293945 -469.5687255859375
v 540.2529907226562 -17.32500076293945 -469.5687255859375
v 540.4060668945312 -18.32500076293945 -469.4627075195312
v 540.4060668945312 -17.32500076293945 -469.4627075195312
v 540.542236328125 -18.32500076293945 -469.3374328613281
v 540.542236328125 -17.32500076293945 -469.3374328613281
v 540.6614990234375 -18.32500076293945 -469.19287109375
v 540.6614990234375 -17.32500076293945 -469.19287109375
v 540.8553466796875 -18.32500076293945 -468.8533630371094
v 540.8553466796875 -17.32500076293945 -468.8533630371094
v 540.9938354492188 -18.32500076293945 -468.4515686035156
v 540.9938354492188 -17.32500076293945 -468.4515686035156
v 541.0769653320312 -18.32500076293945 -467.9874877929688
v 541.0769653320312 -17.32500076293945 -467.9874877929688
v 541.1046142578125 -18.32500076293945 -467.4610900878906
v 541.1046142578125 -17.32500076293945 -467.4610900878906
v 541.0892944335938 -18.32500076293945 -467.1588439941406
v 541.0892944335938 -17.32500076293945 -467.1588439941406
v 541.0433959960938 -18.32500076293945 -466.8320922851562
v 541.0433959960938 -17.32500076293945 -466.8320922851562
v 540.9818725585938 -18.32500076293945 -466.5610046386719
v 540.9818725585938 -17.32500076293945 -466.5610046386719
v 540.9035034179688 -18.32500076293945 -466.3154296875
v 540.9035034179688 -17.32500076293945 -466.3154296875
v 540.8082885742188 -18.32500076293945 -466.0953674316406
v 540.8082885742188 -17.32500076293945 -466.0953674316406
v 540.6962280273438 -18.32500076293945 -465.9008483886719
v 540.6962280273438 -17.32500076293945 -465.9008483886719
v 540.5343627929688 -18.32500076293945 -465.6925354003906
v 540.5343627929688 -17.32500076293945 -465.6925354003906
v 540.35107421875 -18.32500076293945 -465.52099609375
v 540.35107421875 -17.32500076293945 -465.52099609375
v 540.1463623046875 -18.32500076293945 -465.3861999511719
v 540.1463623046875 -17.32500076293945 -465.3861999511719
v 539.920166015625 -18.32500076293945 -465.2881774902344
v 539.920166015625 -17.32500076293945 -465.2881774902344
v 539.617919921875 -18.32500076293945 -465.2238464355469
v 539.617919921875 -17.32500076293945 -465.2238464355469
v 539.2421264648438 -18.32500076293945 -465.2024230957031
v 539.2421264648438 -17.32500076293945 -465.2024230957031
v 539.2421264648438 -17.82500076293945 -465.2024230957031
v 537.7921752929688 -17.82500076293945 -469.8096313476562
v 537.7921752929688 -18.32500076293945 -465.2024230957031
v 537.7921752929688 -17.32500076293945 -465.2024230957031
v 537.7921752929688 -18.32500076293945 -469.8096313476562
v 537.7921752929688 -17.32500076293945 -469.8096313476562
v 537.7921752929688 -17.82500076293945 -469.8096313476562
v 539.2421264648438 -18.32500076293945 -465.2024230957031
v 539.2421264648438 -17.32500076293945 -465.2024230957031
v 537.7921752929688 -18.32500076293945 -465.2024230957031
v 537.7921752929688 -17.32500076293945 -465.2024230957031
v 539.2421264648438 -17.82500076293945 -465.2024230957031
v 536.9752807617188 -17.32500076293945 -470.508056640625
v 537.5828857421875 -17.32500076293945 -470.508056640625
v 538.1904296875 -17.32500076293945 -470.508056640625
v 538.7979736328125 -17.32500076293945 -470.508056640625
v 539.405517578125 -17.32500076293945 -470.508056640625
v 539.7062377929688 -17.32500076293945 -470.4943542480469
v 539.9896240234375 -17.32500076293945 -470.4531860351562
v 540.255615234375 -17.32500076293945 -470.3845825195312
v 540.5042114257812 -17.32500076293945 -470.2885131835938
v 540.7355346679688 -17.32500076293945 -470.1650390625
v 540.9494018554688 -17.32500076293945 -470.0140991210938
v 541.14599609375 -17.32500076293945 -469.8357238769531
v 541.3251953125 -17.32500076293945 -469.6299133300781
v 541.4678344726562 -17.32500076293945 -469.4248657226562
v 541.5914306640625 -17.32500076293945 -469.2059020996094
v 541.696044921875 -17.32500076293945 -468.9730224609375
v 541.7816162109375 -17.32500076293945 -468.7262268066406
v 541.8482055664062 -17.32500076293945 -468.4655456542969
v 541.895751953125 -17.32500076293945 -468.19091796875
v 541.9337768554688 -17.32500076293945 -467.5999755859375
v 541.9113159179688 -17.32500076293945 -467.1335754394531
v 541.8439331054688 -17.32500076293945 -466.6901550292969
v 541.7315673828125 -17.32500076293945 -466.2697143554688
v 541.5743408203125 -17.32500076293945 -465.8722534179688
v 541.40185546875 -17.32500076293945 -465.5525207519531
v 541.2008666992188 -17.32500076293945 -465.2754211425781
v 540.971435546875 -17.32500076293945 -465.0409545898438
v 540.7135620117188 -17.32500076293945 -464.84912109375
v 540.4271850585938 -17.32500076293945 -464.6998901367188
v 540.1123657226562 -17.32500076293945 -464.5933227539062
v 539.7691040039062 -17.32500076293945 -464.5293884277344
v 539.3973388671875 -17.32500076293945 -464.508056640625
v 538.7918701171875 -17.32500076293945 -464.508056640625
v 538.1863403320312 -17.32500076293945 -464.508056640625
v 537.580810546875 -17.32500076293945 -464.508056640625
v 536.9752807617188 -17.32500076293945 -464.508056640625
v 539.2421264648438 -17.32500076293945 -465.2024230957031
v 539.617919921875 -17.32500076293945 -465.2238464355469
v 539.920166015625 -17.32500076293945 -465.2881774902344
v 540.1463623046875 -17.32500076293945 -465.3861999511719
v 540.35107421875 -17.32500076293945 -465.52099609375
v 540.5343627929688 -17.32500076293945 -465.6925354003906
v 540.6962280273438 -17.32500076293945 -465.9008483886719
v 540.8082885742188 -17.32500076293945 -466.0953674316406
v 540.9035034179688 -17.32500076293945 -466.3154296875
v 540.9818725585938 -17.32500076293945 -466.5610046386719
v 541.0433959960938 -17.32500076293945 -466.8320922851562
v 541.0892944335938 -17.32500076293945 -467.1588439941406
v 541.1046142578125 -17.32500076293945 -467.4610900878906
v 541.0769653320312 -17.32500076293945 -467.9874877929688
v 540.9938354492188 -17.32500076293945 -468.4515686035156
v 540.8553466796875 -17.32500076293945 -468.8533630371094
v 540.6614990234375 -17.32500076293945 -469.19287109375
v 540.542236328125 -17.32500076293945 -469.3374328613281
v 540.4060668945312 -17.32500076293945 -469.4627075195312
v 540.2529907226562 -17.32500076293945 -469.5687255859375
v 540.0830078125 -17.32500076293945 -469.6554565429688
v 539.8961181640625 -17.32500076293945 -469.722900390625
v 539.6923217773438 -17.32500076293945 -469.7710876464844
v 539.4716186523438 -17.32500076293945 -469.7999877929688
v 539.2340087890625 -17.32500076293945 -469.8096313476562
v 537.7921752929688 -17.32500076293945 -469.8096313476562
v 537.7921752929688 -17.32500076293945 -465.2024230957031
v 537.6482543945312 -17.32500076293945 -469.6937866210938
v 537.6482543945312 -17.32500076293945 -467.9452209472656
v 537.6482543945312 -17.32500076293945 -467.0709228515625
v 537.6482543945312 -17.32500076293945 -466.1966247558594
v 537.6482543945312 -17.32500076293945 -465.3223571777344
v 541.2608642578125 -17.32500076293945 -468.8194885253906
v 541.2608642578125 -17.32500076293945 -467.0709228515625
v 541.2608642578125 -17.32500076293945 -466.1966247558594
vt 0.3724819421768188 0.2506815195083618
vt 0.4166181683540344 0.2506815195083618
vt 0.4607543647289276 0.2506815195083618
vt 0.5048905611038208 0.2506815195083618
vt 0.5490267872810364 0.2506815195083618
vt 0.57087242603302 0.2516822516918182
vt 0.5914569497108459 0.2546844780445099
vt 0.6107804775238037 0.2596881985664368
vt 0.6288428902626038 0.2666934132575989
vt 0.6456443071365356 0.2757001221179962
vt 0.6611846685409546 0.2867083549499512
vt 0.6754639744758606 0.2997181117534637
vt 0.6884823441505432 0.3147293627262115
vt 0.6988441944122314 0.3296847641468048
vt 0.7078244686126709 0.3456548452377319
vt 0.7154231071472168 0.3626395761966705
vt 0.7216402292251587 0.3806390166282654
vt 0.7264756560325623 0.3996531963348389
vt 0.7299296259880066 0.4196820855140686
vt 0.7326927185058594 0.4627841413021088
vt 0.7310608625411987 0.4968003332614899
vt 0.7261650562286377 0.5291407108306885
vt 0.7180054187774658 0.5598053932189941
vt 0.7065818905830383 0.5887945890426636
vt 0.6940503716468811 0.612114429473877
vt 0.6794511079788208 0.6323249340057373
vt 0.6627841591835022 0.6494260430335999
vt 0.6440495252609253 0.6634178757667542
vt 0.6232471466064453 0.6743003726005554
vt 0.6003769636154175 0.6820735931396484
vt 0.5754390358924866 0.6867375373840332
vt 0.5484333634376526 0.6882921457290649
vt 0.504445493221283 0.6882921457290649
vt 0.4604576528072357 0.6882921457290649
vt 0.4164698123931885 0.6882921457290649
vt 0.3724819421768188 0.6882921457290649
vt 0.4318247437477112 0.6376496553421021
vt 0.537158191204071 0.6376496553421021
vt 0.5644559264183044 0.6360856890678406
vt 0.5864127278327942 0.6313938498497009
vt 0.6028433442115784 0.6242443323135376
vt 0.6177160739898682 0.6144137382507324
vt 0.6310310959815979 0.6019020676612854
vt 0.6427884101867676 0.5867092609405518
vt 0.6509295105934143 0.5725219249725342
vt 0.6578466296195984 0.5564727783203125
vt 0.6635398268699646 0.5385617613792419
vt 0.6680091023445129 0.518788754940033
vt 0.6713471412658691 0.4949570298194885
vt 0.6724597811698914 0.4729126393795013
vt 0.6704477071762085 0.4345210790634155
vt 0.6644114851951599 0.40067258477211
vt 0.6543509960174561 0.3713670670986176
vt 0.6402662992477417 0.3466043472290039
vt 0.6316036581993103 0.3360615372657776
vt 0.6217124462127686 0.3269244730472565
vt 0.6105926632881165 0.3191930949687958
vt 0.5982442498207092 0.3128674626350403
vt 0.5846673250198364 0.3079475164413452
vt 0.5698617696762085 0.304433286190033
vt 0.5538275837898254 0.3023247420787811
vt 0.5365647673606873 0.3016219139099121
vt 0.4318247437477112 0.3016219139099121
vt 0.4213677048683167 0.3100715279579163
vt 0.4213677048683167 0.437603771686554
vt 0.4213677048683167 0.5013698935508728
vt 0.4213677048683167 0.5651360154151917
vt 0.4213677048683167 0.6289021372795105
vt 0.6838070154190063 0.3738376796245575
vt 0.6838070154190063 0.5013698935508728
vt 0.6838070154190063 0.5651360154151917
vt 0.9551001787185669 0
vt 0.8836299180984497 0
vt 0.9551001787185669 0.1664225310087204
vt 0.8836299180984497 0.1664225310087204
vt 0.9551001787185669 0.187225341796875
vt 0.8836299180984497 0.187225341796875
vt 0.9551001787185669 0.2080281525850296
vt 0.8836299180984497 0.2080281525850296
vt 0.9551001787185669 0.2288309782743454
vt 0.8836299180984497 0.2288309782743454
vt 0.8836299180984497 0.2496337890625
vt 0.9551001787185669 0.2704366147518158
vt 0.8836299180984497 0.2704366147518158
vt 0.9551001787185669 0.312042236328125
vt 0.8836299180984497 0.312042236328125
vt 0.9551001787185669 0.3328450620174408
vt 0.8836299180984497 0.3328450620174408
vt 0.8836299180984497 0.37445068359375
vt 0.9551001787185669 0.4576619565486908
vt 0.8836299180984497 0.4576619565486908
vt 0.9551001787185669 0.499267578125
vt 0.8836299180984497 0.499267578125
vt 0.9551001787185669 0.561676025390625
vt 0.8836299180984497 0.561676025390625
vt 0.9551001787185669 0.62408447265625
vt 0.8836299180984497 0.62408447265625
vt 0.9551001787185669 0.6656901240348816
vt 0.8836299180984497 0.6656901240348816
vt 0.8836299180984497 0.686492919921875
vt 0.8836299180984497 0.7280985713005066
vt 0.9551001787185669 0.7489013671875
vt 0.8836299180984497 0.7489013671875
vt 0.8836299180984497 0.7697041630744934
vt 0.8836299180984497 0.7905070185661316
vt 0.9551001787185669 0.811309814453125
vt 0.8836299180984497 0.811309814453125
vt 0.8836299180984497 0.8321126103401184
vt 0.9551001787185669 0.99853515625
vt 0.8836299180984497 0.99853515625
vt 0.9551001787185669 0.0416056327521801
vt 0.9551001787185669 0.0832112655043602
vt 0.9551001787185669 0.12481689453125
vt 0.9551001787185669 0.2496337890625
vt 0.9551001787185669 0.2912394106388092
vt 0.9551001787185669 0.37445068359375
vt 0.9551001787185669 0.4160563051700592
vt 0.9551001787185669 0.5408732295036316
vt 0.9551001787185669 0.5824788212776184
vt 0.9551001787185669 0.6032816767692566
vt 0.9551001787185669 0.6448872685432434
vt 0.9551001787185669 0.686492919921875
vt 0.9551001787185669 0.7072957158088684
vt 0.9551001787185669 0.7280985713005066
vt 0.9551001787185669 0.7697041630744934
vt 0.9551001787185669 0.7905070185661316
vt 0.9551001787185669 0.8321126103401184
vt 0.9551001787185669 0.87371826171875
vt 0.9551001787185669 0.9153239130973816
vt 0.9551001787185669 0.9569295048713684
vt 0.9193650484085083 0.99853515625
vt 0.8836299180984497 0.9569295048713684
vt 0.8836299180984497 0.9153239130973816
vt 0.8836299180984497 0.87371826171875
vt 0.8836299180984497 0.7072957158088684
vt 0.8836299180984497 0.6448872685432434
vt 0.8836299180984497 0.6032816767692566
vt 0.8836299180984497 0.5824788212776184
vt 0.8836299180984497 0.5408732295036316
vt 0.8836299180984497 0.4160563051700592
vt 0.8836299180984497 0.2912394106388092
vt 0.8836299180984497 0.12481689453125
vt 0.8836299180984497 0.0832112655043602
vt 0.8836299180984497 0.0416056327521801
vt 0.9193650484085083 0
vt 0 0
vt 0 0.07293510437011719
vt 0.4376106262207031 0
vt 0.4376106262207031 0.07293510437011719
vt 0 0.03646755218505859
vt 0.4376106262207031 0.03646755218505859
vt 0 0.1231527104973793
vt 0 0.1960878074169159
vt 0.08542582392692566 0.1231527104973793
vt 0.08542582392692566 0.1960878074169159
vt 0.09610404819250107 0.1231527104973793
vt 0.09610404819250107 0.1960878074169159
vt 0.1067822799086571 0.1231527104973793
vt 0.1067822799086571 0.1960878074169159
vt 0.1174605041742325 0.1231527104973793
vt 0.1174605041742325 0.1960878074169159
vt 0.1281387358903885 0.1231527104973793
vt 0.1281387358903885 0.1960878074169159
vt 0.1388169527053833 0.1231527104973793
vt 0.1388169527053833 0.1960878074169159
vt 0.1494951844215393 0.1231527104973793
vt 0.1494951844215393 0.1960878074169159
vt 0.1601734161376953 0.1231527104973793
vt 0.1601734161376953 0.1960878074169159
vt 0.1708516478538513 0.1231527104973793
vt 0.1708516478538513 0.1960878074169159
vt 0.1922080963850021 0.1231527104973793
vt 0.1922080963850021 0.1960878074169159
vt 0.2135645598173141 0.1231527104973793
vt 0.2135645598173141 0.1960878074169159
vt 0.234921008348465 0.1231527104973793
vt 0.234921008348465 0.1960878074169159
vt 0.256277471780777 0.1231527104973793
vt 0.256277471780777 0.1960878074169159
vt 0.2989903688430786 0.1231527104973793
vt 0.2989903688430786 0.1960878074169159
vt 0.3417032957077026 0.1231527104973793
vt 0.3417032957077026 0.1960878074169159
vt 0.3630597591400146 0.1231527104973793
vt 0.3630597591400146 0.1960878074169159
vt 0.3844161927700043 0.1231527104973793
vt 0.3844161927700043 0.1960878074169159
vt 0.4057726263999939 0.1231527104973793
vt 0.4057726263999939 0.1960878074169159
vt 0.4271291196346283 0.1231527104973793
vt 0.4271291196346283 0.1960878074169159
vt 0.4484855532646179 0.1231527104973793
vt 0.4484855532646179 0.1960878074169159
vt 0.4698420166969299 0.1231527104973793
vt 0.4698420166969299 0.1960878074169159
vt 0.4911984801292419 0.1231527104973793
vt 0.4911984801292419 0.1960878074169159
vt 0.512554943561554 0.1231527104973793
vt 0.512554943561554 0.1960878074169159
vt 0.5552678108215332 0.1231527104973793
vt 0.5552678108215332 0.1960878074169159
vt 0.5979807376861572 0.1231527104973793
vt 0.5979807376861572 0.1960878074169159
vt 0.5979807376861572 0.1596202552318573
vt 0 0.1596202552318573
vt 0.8821650743484497 0
vt 0.8106948137283325 0
vt 0.8821650743484497 0.3360277712345123
vt 0.8106948137283325 0.3360277712345123
vt 0.8464299440383911 0.3360277712345123
vt 0.8092299699783325 0
vt 0.7377597093582153 0
vt 0.8092299699783325 0.1057534217834473
vt 0.7377597093582153 0.1057534217834473
vt 0.7734948396682739 0
vt 0.003602107986807823 0.2506815195083618
vt 0.04773831367492676 0.2506815195083618
vt 0.09187452495098114 0.2506815195083618
vt 0.1360107362270355 0.2506815195083618
vt 0.1801469326019287 0.2506815195083618
vt 0.2019925862550735 0.2516822516918182
vt 0.2225771248340607 0.2546844780445099
vt 0.241900622844696 0.2596881985664368
vt 0.2599630653858185 0.2666934132575989
vt 0.276764452457428 0.2757001221179962
vt 0.2923047840595245 0.2867083549499512
vt 0.3065841495990753 0.2997181117534637
vt 0.3196024894714355 0.3147293627262115
vt 0.3299643695354462 0.3296847641468048
vt 0.3389446139335632 0.3456548452377319
vt 0.3465432822704315 0.3626395761966705
vt 0.3527603447437286 0.3806390166282654
vt 0.357595831155777 0.3996531963348389
vt 0.3610497713088989 0.4196820855140686
vt 0.3638128936290741 0.4627841413021088
vt 0.3621809780597687 0.4968003332614899
vt 0.35728520154953 0.5291407108306885
vt 0.3491255939006805 0.5598053932189941
vt 0.3377020657062531 0.5887945890426636
vt 0.3251705169677734 0.612114429473877
vt 0.3105712532997131 0.6323249340057373
vt 0.2939043343067169 0.6494260430335999
vt 0.2751696705818176 0.6634178757667542
vt 0.2543672919273376 0.6743003726005554
vt 0.2314971387386322 0.6820735931396484
vt 0.2065592110157013 0.6867375373840332
vt 0.1795534938573837 0.6882921457290649
vt 0.1355656534433365 0.6882921457290649
vt 0.09157780557870865 0.6882921457290649
vt 0.04758995771408081 0.6882921457290649
vt 0.003602107986807823 0.6882921457290649
vt 0.1682783663272858 0.6376496553421021
vt 0.1955760717391968 0.6360856890678406
vt 0.2175329029560089 0.6313938498497009
vt 0.2339634746313095 0.6242443323135376
vt 0.2488362491130829 0.6144137382507324
vt 0.2621512413024902 0.6019020676612854
vt 0.2739085555076599 0.5867092609405518
vt 0.2820496559143066 0.5725219249725342
vt 0.2889668047428131 0.5564727783203125
vt 0.2946600019931793 0.5385617613792419
vt 0.2991292476654053 0.518788754940033
vt 0.3024672865867615 0.4949570298194885
vt 0.3035799562931061 0.4729126393795013
vt 0.3015678822994232 0.4345210790634155
vt 0.2955316305160522 0.40067258477211
vt 0.2854711711406708 0.3713670670986176
vt 0.2713864743709564 0.3466043472290039
vt 0.2627238035202026 0.3360615372657776
vt 0.2528325915336609 0.3269244730472565
vt 0.2417127937078476 0.3191930949687958
vt 0.229364424943924 0.3128674626350403
vt 0.2157874554395676 0.3079475164413452
vt 0.2009819000959396 0.304433286190033
vt 0.184947744011879 0.3023247420787811
vt 0.167684942483902 0.3016219139099121
vt 0.06294490396976471 0.3016219139099121
vt 0.06294490396976471 0.6376496553421021
vt 0.05248786136507988 0.3100715279579163
vt 0.05248786136507988 0.437603771686554
vt 0.05248786136507988 0.5013698935508728
vt 0.05248786136507988 0.5651360154151917
vt 0.05248786136507988 0.6289021372795105
vt 0.3149271607398987 0.3738376796245575
vt 0.3149271607398987 0.5013698935508728
vt 0.3149271607398987 0.5651360154151917
vn 0 -1 0
vn 0 -1 0
vn 0 -1 0
vn 0 -1 0
vn 0 -1 0
vn 0 -1 0
vn 0 -1 0
vn 0 -1 0
vn 0 -1 0
vn 0 -1 0
vn 0 -1 0
vn 0 -1 0
vn 0 -1 0
vn 0 -1 0
vn 0 -1 0
vn 0 -1 0
vn 0 -1 0
vn 0 -1 0
vn 0 -1 0
vn 0 -1 0
vn 0 -1 0
vn 0 -1 0
vn 0 -1 0
vn 0 -1 0
vn 0 -1 0
vn 0 -1 0
vn 0 -1 0
vn 0 -1 0
vn 0 -1 0
vn 0 -1 0
vn 0 -1 0
vn 0 -1 0
vn 0 -1 0
vn 0 -1 0
vn 0 -1 0
vn 0 -1 0
vn 0 -1 0
vn 0 -1 0
vn 0 -1 0
vn 0 -1 0
vn 0 -1 0
vn 0 -1 0
vn 0 -1 0
vn 0 -1 0
vn 0 -1 0
vn 0 -1 0
vn 0 -1 0
vn 0 -1 0
vn 0 -1 0
vn 0 -1 0
vn 0 -1 0
vn 0 -1 0
vn 0 -1 0
vn 0 -1 0
vn 0 -1 0
vn 0 -1 0
vn 0 -1 0
vn 0 -1 0
vn 0 -1 0
vn 0 -1 0
vn 0 -1 0
vn 0 -1 0
vn 0 -1 0
vn 1.110223024625157e-16 -1 0
vn 2.220446049250313e-16 -1 0
vn 4.440892098500626e-16 -1 0
vn 0 -1 0
vn 0 -1 0
vn -2.220446049250313e-16 -1 0
vn 4.440892098500626e-16 -1 0
vn 0 -1 0
vn 0 0 1
vn 0 0 1
vn 0 0 1
vn 0 0 1
vn 0.1184030696749687 0 0.9929656386375427
vn 0.1184030696749687 0 0.9929656386375427
vn 0.2508302927017212 0 0.9680310487747192
vn 0.2508302927017212 0 0.9680310487747192
vn 0.3915119469165802 0 0.9201730489730835
vn 0.3915119469165802 0 0.9201730489730835
vn 0.5309988856315613 0 0.8473725318908691
vn 0.6584216952323914 0 0.7526492476463318
vn 0.6584216952323914 0 0.7526492476463318
vn 0.8477137088775635 0 0.5304540395736694
vn 0.8477137088775635 0 0.5304540395736694
vn 0.906550407409668 0 0.4220975339412689
vn 0.906550407409668 0 0.4220975339412689
vn 0.9497448205947876 0 0.3130252063274384
vn 0.9951581358909607 0 0.09828664362430573
vn 0.9951581358909607 0 0.09828664362430573
vn 1 0 0
vn 1 0 0
vn 0.9780272245407104 0 -0.2084773331880569
vn 0.9780272245407104 0 -0.2084773331880569
vn 0.892603874206543 0 -0.4508417546749115
vn 0.892603874206543 0 -0.4508417546749115
vn 0.7897476553916931 0 -0.6134318709373474
vn 0.7897476553916931 0 -0.6134318709373474
vn 0.7149019241333008 0 -0.6992247104644775
vn 0.5247244238853455 0 -0.8512721657752991
vn 0.4159883856773376 0 -0.909369945526123
vn 0.4159883856773376 0 -0.909369945526123
vn 0.3047235310077667 0 -0.9524408578872681
vn 0.1959396749734879 0 -0.9806159734725952
vn 0.09355541318655014 0 -0.9956140518188477
vn 0.09355541318655014 0 -0.9956140518188477
vn 0 0 -1
vn 0 0 -1
vn 0 0 -1
vn 0 0 1
vn 0 0 1
vn 0 0 1
vn 0.5309988856315613 0 0.8473725318908691
vn 0.7652092576026917 0 0.6437816619873047
vn 0.9497448205947876 0 0.3130252063274384
vn 0.9790381193161011 0 0.2036769688129425
vn 0.9909989833831787 0 -0.133869394659996
vn 0.9578793048858643 0 -0.2871710658073425
vn 0.9295981526374817 0 -0.3685747087001801
vn 0.8468788266181946 0 -0.5317859053611755
vn 0.7149019241333008 0 -0.6992247104644775
vn 0.6257603764533997 0 -0.7800153493881226
vn 0.5247244238853455 0 -0.8512721657752991
vn 0.3047235310077667 0 -0.9524408578872681
vn 0.1959396749734879 0 -0.9806159734725952
vn 0 0 -1
vn 0 0 -1
vn 0 0 -1
vn 0 0 -1
vn 0 0 -1
vn 0 0 -1
vn 0 0 -1
vn 0 0 -1
vn 0.6257603764533997 0 -0.7800153493881226
vn 0.8468788266181946 0 -0.5317859053611755
vn 0.9295981526374817 0 -0.3685747087001801
vn 0.9578793048858643 0 -0.2871710658073425
vn 0.9909989833831787 0 -0.133869394659996
vn 0.9790381193161011 0 0.2036769688129425
vn 0.7652092576026917 0 0.6437816619873047
vn 0 0 1
vn 0 0 1
vn 0 0 1
vn 0 0 1
vn -1 0 0
vn -1 0 0
vn -1 0 0
vn -1 0 0
vn -1 0 0
vn -1 0 0
vn 0 0 1
vn 0 0 1
vn 0 0 1
vn 0 0 1
vn -0.08380242437124252 0 0.9964823722839355
vn -0.08380242437124252 0 0.9964823722839355
vn -0.1786760538816452 0 0.98390793800354
vn -0.1786760538816452 0 0.98390793800354
vn -0.2838102281093597 0 0.9588804841041565
vn -0.2838102281093597 0 0.9588804841041565
vn -0.3966121077537537 0 0.917986273765564
vn -0.3966121077537537 0 0.917986273765564
vn -0.5123493671417236 0 0.8587771058082581
vn -0.5123493671417236 0 0.8587771058082581
vn -0.6245281100273132 0 0.7810023427009583
vn -0.6245281100273132 0 0.7810023427009583
vn -0.7262514233589172 0 0.6874291300773621
vn -0.7262514233589172 0 0.6874291300773621
vn -0.8120949864387512 0 0.5835252404212952
vn -0.8120949864387512 0 0.5835252404212952
vn -0.9124846458435059 0 0.4091109931468964
vn -0.9124846458435059 0 0.4091109931468964
vn -0.9687835574150085 0 0.2479080557823181
vn -0.9687835574150085 0 0.2479080557823181
vn -0.9938023090362549 0 0.1111617237329483
vn -0.9938023090362549 0 0.1111617237329483
vn -1 0 0
vn -1 0 0
vn -0.9952898621559143 0 -0.09694381803274155
vn -0.9952898621559143 0 -0.09694381803274155
vn -0.9829521775245667 0 -0.1838615536689758
vn -0.9829521775245667 0 -0.1838615536689758
vn -0.9652465581893921 0 -0.2613409459590912
vn -0.9652465581893921 0 -0.2613409459590912
vn -0.9370030164718628 0 -0.3493213057518005
vn -0.9370030164718628 0 -0.3493213057518005
vn -0.8944268822669983 0 -0.4472141563892365
vn -0.8944268822669983 0 -0.4472141563892365
vn -0.8320503234863281 0 -0.5547001957893372
vn -0.8320503234863281 0 -0.5547001957893372
vn -0.7401207089424133 0 -0.6724740266799927
vn -0.7401207089424133 0 -0.6724740266799927
vn -0.6196442842483521 0 -0.7848827838897705
vn -0.6196442842483521 0 -0.7848827838897705
vn -0.4753417372703552 0 -0.8798012733459473
vn -0.4753417372703552 0 -0.8798012733459473
vn -0.3074304759502411 0 -0.9515705704689026
vn -0.3074304759502411 0 -0.9515705704689026
vn -0.125505730509758 0 -0.9920929074287415
vn -0.125505730509758 0 -0.9920929074287415
vn 0 0 -1
vn 0 0 -1
vn 0 0 -1
vn 0 0 1
vn 1 0 0
vn 1 0 0
vn 1 0 0
vn 1 0 0
vn 1 0 0
vn 0 0 -1
vn 0 0 -1
vn 0 0 -1
vn 0 0 -1
vn 0 0 -1
vn 0 1 0
vn 0 1 0
vn 0 1 0
vn 0 1 0
vn 0 1 0
vn 0 1 0
vn 0 1 0
vn 0 1 0
vn 0 1 0
vn 0 1 0
vn 0 1 0
vn 0 1 0
vn 0 1 0
vn 0 1 0
vn 0 1 0
vn 0 1 0
vn 0 1 0
vn 0 1 0
vn 0 1 0
vn 0 1 0
vn 0 1 0
vn 0 1 0
vn 0 1 0
vn 0 1 0
vn 0 1 0
vn 0 1 0
vn 0 1 0
vn 0 1 0
vn 0 1 0
vn 0 1 0
vn 0 1 0
vn 0 1 0
vn 0 1 0
vn 0 1 0
vn 0 1 0
vn 0 1 0
vn 0 1 0
vn 0 1 0
vn 0 1 0
vn 0 1 0
vn 0 1 0
vn 0 1 0
vn 0 1 0
vn 0 1 0
vn 0 1 0
vn 0 1 0
vn 0 1 0
vn 0 1 0
vn 0 1 0
vn 0 1 0
vn 0 1 0
vn 0 1 0
vn 0 1 0
vn 0 1 0
vn 0 1 0
vn 0 1 0
vn 0 1 0
vn 0 1 0
vn 0 1 0
vn 0 1 0
vn 0 1 0
vn 0 1 0
vn 0 1 0
vn 1.665334536937735e-16 1 0
vn 2.220446049250313e-16 1 0
vn 2.220446049250313e-16 1 0
vn 0 1 0
vn 0 1 0
vn -1.110223024625157e-16 1 0
vn 2.220446049250313e-16 1 0
vn 0 1 0
f 3148/3148/3148 3085/3085/3085 3086/3086/3086
f 3147/3147/3147 3087/3087/3087 3088/3088/3088
f 3147/3147/3147 3086/3086/3086 3087/3087/3087
f 3147/3147/3147 3149/3149/3149 3148/3148/3148
f 3086/3086/3086 3147/3147/3147 3148/3148/3148
f 3145/3145/3145 3146/3146/3146 3089/3089/3089
f 3088/3088/3088 3146/3146/3146 3147/3147/3147
f 3146/3146/3146 3088/3088/3088 3089/3089/3089
f 3149/3149/3149 3085/3085/3085 3148/3148/3148
f 3090/3090/3090 3144/3144/3144 3145/3145/3145
f 3089/3089/3089 3090/3090/3090 3145/3145/3145
f 3091/3091/3091 3144/3144/3144 3090/3090/3090
f 3092/3092/3092 3143/3143/3143 3091/3091/3091
f 3091/3091/3091 3143/3143/3143 3144/3144/3144
f 3142/3142/3142 3093/3093/3093 3141/3141/3141
f 3141/3141/3141 3094/3094/3094 3140/3140/3140
f 3142/3142/3142 3143/3143/3143 3092/3092/3092
f 3092/3092/3092 3093/3093/3093 3142/3142/3142
f 3120/3120/3120 3085/3085/3085 3149/3149/3149 3150/3150/3150
f 3147/3147/3147 3121/3121/3121 3150/3150/3150 3149/3149/3149
f 3120/3120/3120 3151/3151/3151 3152/3152/3152
f 3121/3121/3121 3152/3152/3152 3151/3151/3151
f 3151/3151/3151 3150/3150/3150 3121/3121/3121
f 3120/3120/3120 3150/3150/3150 3151/3151/3151
f 3119/3119/3119 3120/3120/3120 3152/3152/3152
f 3118/3118/3118 3121/3121/3121 3117/3117/3117
f 3121/3121/3121 3122/3122/3122 3117/3117/3117
f 3119/3119/3119 3121/3121/3121 3118/3118/3118
f 3119/3119/3119 3152/3152/3152 3121/3121/3121
f 3115/3115/3115 3123/3123/3123 3124/3124/3124
f 3113/3113/3113 3125/3125/3125 3126/3126/3126
f 3114/3114/3114 3124/3124/3124 3125/3125/3125
f 3117/3117/3117 3122/3122/3122 3116/3116/3116
f 3116/3116/3116 3122/3122/3122 3123/3123/3123
f 3123/3123/3123 3115/3115/3115 3116/3116/3116
f 3115/3115/3115 3124/3124/3124 3114/3114/3114
f 3114/3114/3114 3125/3125/3125 3113/3113/3113
f 3112/3112/3112 3113/3113/3113 3126/3126/3126
f 3140/3140/3140 3094/3094/3094 3095/3095/3095
f 3140/3140/3140 3095/3095/3095 3139/3139/3139
f 3095/3095/3095 3096/3096/3096 3139/3139/3139
f 3096/3096/3096 3138/3138/3138 3139/3139/3139
f 3137/3137/3137 3153/3153/3153 3136/3136/3136
f 3153/3153/3153 3135/3135/3135 3136/3136/3136
f 3097/3097/3097 3137/3137/3137 3138/3138/3138
f 3138/3138/3138 3096/3096/3096 3097/3097/3097
f 3098/3098/3098 3153/3153/3153 3097/3097/3097
f 3153/3153/3153 3098/3098/3098 3099/3099/3099
f 3099/3099/3099 3100/3100/3100 3153/3153/3153
f 3102/3102/3102 3153/3153/3153 3101/3101/3101
f 3100/3100/3100 3101/3101/3101 3153/3153/3153
f 3103/3103/3103 3154/3154/3154 3153/3153/3153
f 3103/3103/3103 3104/3104/3104 3154/3154/3154
f 3153/3153/3153 3102/3102/3102 3103/3103/3103
f 3137/3137/3137 3097/3097/3097 3153/3153/3153
f 3153/3153/3153 3154/3154/3154 3135/3135/3135
f 3130/3130/3130 3155/3155/3155 3129/3129/3129
f 3132/3132/3132 3155/3155/3155 3131/3131/3131
f 3131/3131/3131 3155/3155/3155 3130/3130/3130
f 3110/3110/3110 3111/3111/3111 3127/3127/3127
f 3112/3112/3112 3127/3127/3127 3111/3111/3111
f 3127/3127/3127 3128/3128/3128 3110/3110/3110
f 3128/3128/3128 3129/3129/3129 3109/3109/3109
f 3126/3126/3126 3127/3127/3127 3112/3112/3112
f 3154/3154/3154 3132/3132/3132 3133/3133/3133
f 3132/3132/3132 3154/3154/3154 3155/3155/3155
f 3135/3135/3135 3154/3154/3154 3134/3134/3134
f 3154/3154/3154 3105/3105/3105 3106/3106/3106
f 3154/3154/3154 3104/3104/3104 3105/3105/3105
f 3155/3155/3155 3154/3154/3154 3106/3106/3106
f 3110/3110/3110 3128/3128/3128 3109/3109/3109
f 3109/3109/3109 3129/3129/3129 3155/3155/3155
f 3109/3109/3109 3155/3155/3155 3108/3108/3108
f 3107/3107/3107 3108/3108/3108 3155/3155/3155
f 3107/3107/3107 3155/3155/3155 3106/3106/3106
f 3154/3154/3154 3133/3133/3133 3134/3134/3134
f 3094/3094/3094 3141/3141/3141 3093/3093/3093
f 3229/3229/3229 3156/3156/3156 3195/3195/3195
f 3197/3197/3197 3226/3226/3226 3227/3227/3227 3196/3196/3196
f 3196/3196/3196 3227/3227/3227 3228/3228/3228 3195/3195/3195
f 3160/3160/3160 3161/3161/3161 3159/3159/3159 3158/3158/3158
f 3164/3164/3164 3165/3165/3165 3163/3163/3163 3162/3162/3162
f 3164/3164/3164 3198/3198/3198 3166/3166/3166 3165/3165/3165
f 3162/3162/3162 3163/3163/3163 3161/3161/3161 3160/3160/3160
f 3158/3158/3158 3159/3159/3159 3226/3226/3226 3197/3197/3197
f 3199/3199/3199 3225/3225/3225 3168/3168/3168 3167/3167/3167
f 3171/3171/3171 3172/3172/3172 3170/3170/3170 3169/3169/3169
f 3169/3169/3169 3170/3170/3170 3225/3225/3225 3199/3199/3199
f 3200/3200/3200 3201/3201/3201 3224/3224/3224 3173/3173/3173
f 3176/3176/3176 3177/3177/3177 3175/3175/3175 3174/3174/3174
f 3176/3176/3176 3202/3202/3202 3223/3223/3223 3177/3177/3177
f 3174/3174/3174 3175/3175/3175 3224/3224/3224 3201/3201/3201
f 3171/3171/3171 3200/3200/3200 3173/3173/3173 3172/3172/3172
f 3198/3198/3198 3167/3167/3167 3168/3168/3168 3166/3166/3166
f 3228/3228/3228 3157/3157/3157 3229/3229/3229
f 3195/3195/3195 3228/3228/3228 3229/3229/3229
f 3202/3202/3202 3178/3178/3178 3179/3179/3179 3223/3223/3223
f 3178/3178/3178 3203/3203/3203 3222/3222/3222 3179/3179/3179
f 3204/3204/3204 3180/3180/3180 3181/3181/3181 3221/3221/3221
f 3203/3203/3203 3204/3204/3204 3221/3221/3221 3222/3222/3222
f 3205/3205/3205 3182/3182/3182 3183/3183/3183 3220/3220/3220
f 3206/3206/3206 3207/3207/3207 3219/3219/3219 3184/3184/3184
f 3207/3207/3207 3208/3208/3208 3185/3185/3185 3219/3219/3219
f 3182/3182/3182 3206/3206/3206 3184/3184/3184 3183/3183/3183
f 3180/3180/3180 3205/3205/3205 3220/3220/3220 3181/3181/3181
f 3186/3186/3186 3209/3209/3209 3188/3188/3188 3187/3187/3187
f 3210/3210/3210 3190/3190/3190 3191/3191/3191 3189/3189/3189
f 3209/3209/3209 3210/3210/3210 3189/3189/3189 3188/3188/3188
f 3211/3211/3211 3212/3212/3212 3218/3218/3218 3192/3192/3192
f 3213/3213/3213 3214/3214/3214 3216/3216/3216 3217/3217/3217
f 3215/3215/3215 3214/3214/3214 3193/3193/3193
f 3212/3212/3212 3213/3213/3213 3217/3217/3217 3218/3218/3218
f 3190/3190/3190 3211/3211/3211 3192/3192/3192 3191/3191/3191
f 3208/3208/3208 3186/3186/3186 3187/3187/3187 3185/3185/3185
f 3215/3215/3215 3194/3194/3194 3216/3216/3216
f 3216/3216/3216 3214/3214/3214 3215/3215/3215
f 3234/3234/3234 3230/3230/3230 3232/3232/3232 3235/3235/3235
f 3231/3231/3231 3234/3234/3234 3235/3235/3235 3233/3233/3233
f 3289/3289/3289 3236/3236/3236 3238/3238/3238
f 3240/3240/3240 3241/3241/3241 3239/3239/3239 3238/3238/3238
f 3244/3244/3244 3245/3245/3245 3243/3243/3243 3242/3242/3242
f 3246/3246/3246 3247/3247/3247 3245/3245/3245 3244/3244/3244
f 3242/3242/3242 3243/3243/3243 3241/3241/3241 3240/3240/3240
f 3250/3250/3250 3251/3251/3251 3249/3249/3249 3248/3248/3248
f 3252/3252/3252 3253/3253/3253 3251/3251/3251 3250/3250/3250
f 3256/3256/3256 3257/3257/3257 3255/3255/3255 3254/3254/3254
f 3260/3260/3260 3261/3261/3261 3259/3259/3259 3258/3258/3258
f 3258/3258/3258 3259/3259/3259 3257/3257/3257 3256/3256/3256
f 3254/3254/3254 3255/3255/3255 3253/3253/3253 3252/3252/3252
f 3248/3248/3248 3249/3249/3249 3247/3247/3247 3246/3246/3246
f 3237/3237/3237 3289/3289/3289 3239/3239/3239
f 3239/3239/3239 3289/3289/3289 3238/3238/3238
f 3261/3261/3261 3260/3260/3260 3262/3262/3262 3263/3263/3263
f 3264/3264/3264 3265/3265/3265 3263/3263/3263 3262/3262/3262
f 3266/3266/3266 3267/3267/3267 3265/3265/3265 3264/3264/3264
f 3270/3270/3270 3271/3271/3271 3269/3269/3269 3268/3268/3268
f 3272/3272/3272 3273/3273/3273 3271/3271/3271 3270/3270/3270
f 3268/3268/3268 3269/3269/3269 3267/3267/3267 3266/3266/3266
f 3276/3276/3276 3277/3277/3277 3275/3275/3275 3274/3274/3274
f 3278/3278/3278 3279/3279/3279 3277/3277/3277 3276/3276/3276
f 3282/3282/3282 3283/3283/3283 3281/3281/3281 3280/3280/3280
f 3288/3288/3288 3284/3284/3284 3286/3286/3286
f 3284/3284/3284 3285/3285/3285 3283/3283/3283 3282/3282/3282
f 3280/3280/3280 3281/3281/3281 3279/3279/3279 3278/3278/3278
f 3274/3274/3274 3275/3275/3275 3273/3273/3273 3272/3272/3272
f 3288/3288/3288 3287/3287/3287 3285/3285/3285
f 3284/3284/3284 3288/3288/3288 3285/3285/3285
f 3291/3291/3291 3290/3290/3290 3294/3294/3294 3293/3293/3293
f 3290/3290/3290 3292/3292/3292 3294/3294/3294
f 3297/3297/3297 3299/3299/3299 3295/3295/3295
f 3296/3296/3296 3299/3299/3299 3298/3298/3298
f 3297/3297/3297 3298/3298/3298 3299/3299/3299
f 3363/3363/3363 3301/3301/3301 3300/3300/3300
f 3361/3361/3361 3303/3303/3303 3302/3302/3302
f 3361/3361/3361 3302/3302/3302 3301/3301/3301
f 3361/3361/3361 3363/3363/3363 3364/3364/3364
f 3301/3301/3301 3363/3363/3363 3361/3361/3361
f 3359/3359/3359 3304/3304/3304 3360/3360/3360
f 3303/3303/3303 3361/3361/3361 3360/3360/3360
f 3360/3360/3360 3304/3304/3304 3303/3303/3303
f 3364/3364/3364 3363/3363/3363 3300/3300/3300
f 3305/3305/3305 3359/3359/3359 3358/3358/3358
f 3304/3304/3304 3359/3359/3359 3305/3305/3305
f 3306/3306/3306 3305/3305/3305 3358/3358/3358
f 3307/3307/3307 3306/3306/3306 3357/3357/3357
f 3306/3306/3306 3358/3358/3358 3357/3357/3357
f 3356/3356/3356 3355/3355/3355 3308/3308/3308
f 3355/3355/3355 3354/3354/3354 3309/3309/3309
f 3356/3356/3356 3307/3307/3307 3357/3357/3357
f 3307/3307/3307 3356/3356/3356 3308/3308/3308
f 3335/3335/3335 3365/3365/3365 3364/3364/3364 3300/3300/3300
f 3361/3361/3361 3364/3364/3364 3365/3365/3365 3362/3362/3362
f 3335/3335/3335 3367/3367/3367 3366/3366/3366
f 3362/3362/3362 3366/3366/3366 3367/3367/3367
f 3366/3366/3366 3362/3362/3362 3365/3365/3365
f 3335/3335/3335 3366/3366/3366 3365/3365/3365
f 3334/3334/3334 3367/3367/3367 3335/3335/3335
f 3333/3333/3333 3332/3332/3332 3362/3362/3362
f 3362/3362/3362 3332/3332/3332 3336/3336/3336
f 3334/3334/3334 3333/3333/3333 3362/3362/3362
f 3334/3334/3334 3362/3362/3362 3367/3367/3367
f 3330/3330/3330 3338/3338/3338 3337/3337/3337
f 3328/3328/3328 3340/3340/3340 3339/3339/3339
f 3329/3329/3329 3339/3339/3339 3338/3338/3338
f 3332/3332/3332 3331/3331/3331 3336/3336/3336
f 3331/3331/3331 3337/3337/3337 3336/3336/3336
f 3337/3337/3337 3331/3331/3331 3330/3330/3330
f 3330/3330/3330 3329/3329/3329 3338/3338/3338
f 3329/3329/3329 3328/3328/3328 3339/3339/3339
f 3327/3327/3327 3340/3340/3340 3328/3328/3328
f 3354/3354/3354 3310/3310/3310 3309/3309/3309
f 3354/3354/3354 3353/3353/3353 3310/3310/3310
f 3310/3310/3310 3353/3353/3353 3311/3311/3311
f 3311/3311/3311 3353/3353/3353 3352/3352/3352
f 3351/3351/3351 3350/3350/3350 3368/3368/3368
f 3368/3368/3368 3350/3350/3350 3349/3349/3349
f 3312/3312/3312 3352/3352/3352 3351/3351/3351
f 3352/3352/3352 3312/3312/3312 3311/3311/3311
f 3313/3313/3313 3312/3312/3312 3368/3368/3368
f 3368/3368/3368 3314/3314/3314 3313/3313/3313
f 3314/3314/3314 3368/3368/3368 3315/3315/3315
f 3317/3317/3317 3316/3316/3316 3368/3368/3368
f 3315/3315/3315 3368/3368/3368 3316/3316/3316
f 3318/3318/3318 3368/3368/3368 3369/3369/3369
f 3318/3318/3318 3369/3369/3369 3319/3319/3319
f 3368/3368/3368 3318/3318/3318 3317/3317/3317
f 3351/3351/3351 3368/3368/3368 3312/3312/3312
f 3368/3368/3368 3349/3349/3349 3369/3369/3369
f 3344/3344/3344 3343/3343/3343 3370/3370/3370
f 3346/3346/3346 3345/3345/3345 3370/3370/3370
f 3345/3345/3345 3344/3344/3344 3370/3370/3370
f 3325/3325/3325 3341/3341/3341 3326/3326/3326
f 3327/3327/3327 3326/3326/3326 3341/3341/3341
f 3341/3341/3341 3325/3325/3325 3342/3342/3342
f 3342/3342/3342 3324/3324/3324 3343/3343/3343
f 3340/3340/3340 3327/3327/3327 3341/3341/3341
f 3369/3369/3369 3347/3347/3347 3346/3346/3346
f 3346/3346/3346 3370/3370/3370 3369/3369/3369
f 3349/3349/3349 3348/3348/3348 3369/3369/3369
f 3369/3369/3369 3321/3321/3321 3320/3320/3320
f 3369/3369/3369 3320/3320/3320 3319/3319/3319
f 3370/3370/3370 3321/3321/3321 3369/3369/3369
f 3325/3325/3325 3324/3324/3324 3342/3342/3342
f 3324/3324/3324 3370/3370/3370 3343/3343/3343
f 3324/3324/3324 3323/3323/3323 3370/3370/3370
f 3322/3322/3322 3370/3370/3370 3323/3323/3323
f 3322/3322/3322 3321/3321/3321 3370/3370/3370
f 3369/3369/3369 3348/3348/3348 3347/3347/3347
f 3309/3309/3309 3308/3308/3308 3355/3355/3355
g object_17
v 543.0570068359375 -18.32500076293945 -470.508056640625
v 545.2442016601562 -18.32500076293945 -470.508056640625
v 547.431396484375 -18.32500076293945 -470.508056640625
v 543.0570068359375 -18.32500076293945 -464.508056640625
v 543.0570068359375 -18.32500076293945 -467.508056640625
v 547.49267578125 -18.32500076293945 -464.508056640625
v 545.2748413085938 -18.32500076293945 -464.508056640625
v 547.49267578125 -18.32500076293945 -465.2228393554688
v 543.849365234375 -18.32500076293945 -465.2228393554688
v 545.6710205078125 -18.32500076293945 -465.2228393554688
v 543.849365234375 -18.32500076293945 -467.2568664550781
v 543.849365234375 -18.32500076293945 -466.2398681640625
v 547.1618041992188 -18.32500076293945 -467.2568664550781
v 545.505615234375 -18.32500076293945 -467.2568664550781
v 547.1618041992188 -18.32500076293945 -467.9512329101562
v 543.849365234375 -18.32500076293945 -467.9512329101562
v 545.505615234375 -18.32500076293945 -467.9512329101562
v 543.849365234375 -18.32500076293945 -469.7728576660156
v 543.849365234375 -18.32500076293945 -468.862060546875
v 547.431396484375 -18.32500076293945 -469.7728576660156
v 545.640380859375 -18.32500076293945 -469.7728576660156
v 547.431396484375 -18.32500076293945 -470.508056640625
v 547.431396484375 -17.32500076293945 -470.508056640625
v 543.0570068359375 -18.32500076293945 -470.508056640625
v 543.0570068359375 -17.32500076293945 -470.508056640625
v 545.2442016601562 -18.32500076293945 -470.508056640625
v 545.2442016601562 -17.32500076293945 -470.508056640625
v 547.431396484375 -17.82500076293945 -470.508056640625
v 547.431396484375 -18.32500076293945 -469.7728576660156
v 547.431396484375 -17.32500076293945 -469.7728576660156
v 547.431396484375 -18.32500076293945 -470.508056640625
v 547.431396484375 -17.32500076293945 -470.508056640625
v 547.431396484375 -17.82500076293945 -470.508056640625
v 547.431396484375 -17.82500076293945 -469.7728576660156
v 543.849365234375 -18.32500076293945 -469.7728576660156
v 543.849365234375 -17.32500076293945 -469.7728576660156
v 547.431396484375 -18.32500076293945 -469.7728576660156
v 547.431396484375 -17.32500076293945 -469.7728576660156
v 545.640380859375 -18.32500076293945 -469.7728576660156
v 547.431396484375 -17.82500076293945 -469.7728576660156
v 545.640380859375 -17.32500076293945 -469.7728576660156
v 543.849365234375 -18.32500076293945 -467.9512329101562
v 543.849365234375 -17.32500076293945 -467.9512329101562
v 543.849365234375 -18.32500076293945 -469.7728576660156
v 543.849365234375 -17.32500076293945 -469.7728576660156
v 543.849365234375 -18.32500076293945 -468.862060546875
v 543.849365234375 -17.32500076293945 -468.862060546875
v 547.1618041992188 -18.32500076293945 -467.9512329101562
v 547.1618041992188 -17.32500076293945 -467.9512329101562
v 543.849365234375 -18.32500076293945 -467.9512329101562
v 543.849365234375 -17.32500076293945 -467.9512329101562
v 545.505615234375 -18.32500076293945 -467.9512329101562
v 545.505615234375 -17.32500076293945 -467.9512329101562
v 547.1618041992188 -17.82500076293945 -467.9512329101562
v 547.1618041992188 -18.32500076293945 -467.2568664550781
v 547.1618041992188 -17.32500076293945 -467.2568664550781
v 547.1618041992188 -18.32500076293945 -467.9512329101562
v 547.1618041992188 -17.32500076293945 -467.9512329101562
v 547.1618041992188 -17.82500076293945 -467.9512329101562
v 547.1618041992188 -17.82500076293945 -467.2568664550781
v 543.849365234375 -18.32500076293945 -467.2568664550781
v 543.849365234375 -17.32500076293945 -467.2568664550781
v 547.1618041992188 -18.32500076293945 -467.2568664550781
v 547.1618041992188 -17.32500076293945 -467.2568664550781
v 545.505615234375 -18.32500076293945 -467.2568664550781
v 547.1618041992188 -17.82500076293945 -467.2568664550781
v 545.505615234375 -17.32500076293945 -467.2568664550781
v 543.849365234375 -18.32500076293945 -465.2228393554688
v 543.849365234375 -17.32500076293945 -465.2228393554688
v 543.849365234375 -18.32500076293945 -467.2568664550781
v 543.849365234375 -17.32500076293945 -467.2568664550781
v 543.849365234375 -18.32500076293945 -466.2398681640625
v 543.849365234375 -17.32500076293945 -466.2398681640625
v 547.49267578125 -18.32500076293945 -465.2228393554688
v 547.49267578125 -17.32500076293945 -465.2228393554688
v 543.849365234375 -18.32500076293945 -465.2228393554688
v 543.849365234375 -17.32500076293945 -465.2228393554688
v 545.6710205078125 -18.32500076293945 -465.2228393554688
v 545.6710205078125 -17.32500076293945 -465.2228393554688
v 547.49267578125 -17.82500076293945 -465.2228393554688
v 547.49267578125 -18.32500076293945 -464.508056640625
v 547.49267578125 -17.32500076293945 -464.508056640625
v 547.49267578125 -18.32500076293945 -465.2228393554688
v 547.49267578125 -17.32500076293945 -465.2228393554688
v 547.49267578125 -17.82500076293945 -465.2228393554688
v 547.49267578125 -17.82500076293945 -464.508056640625
v 543.0570068359375 -18.32500076293945 -464.508056640625
v 543.0570068359375 -17.32500076293945 -464.508056640625
v 547.49267578125 -18.32500076293945 -464.508056640625
v 547.49267578125 -17.32500076293945 -464.508056640625
v 545.2748413085938 -18.32500076293945 -464.508056640625
v 547.49267578125 -17.82500076293945 -464.508056640625
v 545.2748413085938 -17.32500076293945 -464.508056640625
v 543.0570068359375 -18.32500076293945 -470.508056640625
v 543.0570068359375 -17.32500076293945 -470.508056640625
v 543.0570068359375 -18.32500076293945 -464.508056640625
v 543.0570068359375 -17.32500076293945 -464.508056640625
v 543.0570068359375 -18.32500076293945 -467.508056640625
v 543.0570068359375 -17.32500076293945 -467.508056640625
v 543.0570068359375 -17.32500076293945 -470.508056640625
v 545.2442016601562 -17.32500076293945 -470.508056640625
v 547.431396484375 -17.32500076293945 -470.508056640625
v 547.431396484375 -17.32500076293945 -469.7728576660156
v 545.640380859375 -17.32500076293945 -469.7728576660156
v 543.849365234375 -17.32500076293945 -469.7728576660156
v 543.849365234375 -17.32500076293945 -468.862060546875
v 543.849365234375 -17.32500076293945 -467.9512329101562
v 545.505615234375 -17.32500076293945 -467.9512329101562
v 547.1618041992188 -17.32500076293945 -467.9512329101562
v 547.1618041992188 -17.32500076293945 -467.2568664550781
v 545.505615234375 -17.32500076293945 -467.2568664550781
v 543.849365234375 -17.32500076293945 -467.2568664550781
v 543.849365234375 -17.32500076293945 -466.2398681640625
v 543.849365234375 -17.32500076293945 -465.2228393554688
v 545.6710205078125 -17.32500076293945 -465.2228393554688
v 547.49267578125 -17.32500076293945 -465.2228393554688
v 547.49267578125 -17.32500076293945 -464.508056640625
v 545.2748413085938 -17.32500076293945 -464.508056640625
v 543.0570068359375 -17.32500076293945 -464.508056640625
v 543.0570068359375 -17.32500076293945 -467.508056640625
vt 0.6566561460494995 0.004598135594278574
vt 0.8235654830932617 0.004598135594278574
vt 0.9904748797416687 0.004598135594278574
vt 0.6566561460494995 0.4644116461277008
vt 0.6566561460494995 0.2345048934221268
vt 0.9951502084732056 0.4644116461277008
vt 0.8259031772613525 0.4644116461277008
vt 0.9951502084732056 0.4096346795558929
vt 0.7171237468719482 0.4096346795558929
vt 0.8561369776725769 0.4096346795558929
vt 0.7171237468719482 0.2537550926208496
vt 0.7171237468719482 0.3316948711872101
vt 0.9699034094810486 0.2537550926208496
vt 0.8435136079788208 0.2537550926208496
vt 0.9699034094810486 0.2005431801080704
vt 0.7171237468719482 0.2005431801080704
vt 0.8435136079788208 0.2005431801080704
vt 0.7171237468719482 0.06094015762209892
vt 0.7171237468719482 0.1307416707277298
vt 0.9904748797416687 0.06094015762209892
vt 0.8537993431091309 0.06094015762209892
vt 0.3050775229930878 0.4071232974529266
vt 0.2299067676067352 0.4071232974529266
vt 0.3050775229930878 0.7423583269119263
vt 0.2299067676067352 0.7423583269119263
vt 0.3050775229930878 0.5747408270835876
vt 0.2299067676067352 0.5747408270835876
vt 0.2674921452999115 0.4071232974529266
vt 0.07663559168577194 0.2460807263851166
vt 0 0.2460807263851166
vt 0.07663559168577194 0.3024227619171143
vt 0 0.3024227619171143
vt 0.03831779584288597 0.3024227619171143
vt 0.03831779584288597 0.2460807263851166
vt 0.1518063396215439 0.4071232974529266
vt 0.07663559168577194 0.4071232974529266
vt 0.1518063396215439 0.6816341876983643
vt 0.07663559168577194 0.6816341876983643
vt 0.1518063396215439 0.5443787574768066
vt 0.1142209619283676 0.6816341876983643
vt 0.07663559168577194 0.5443787574768066
vt 0 0.3143137395381927
vt 0 0.3909493386745453
vt 0.1396030187606812 0.3143137395381927
vt 0.1396030187606812 0.3909493386745453
vt 0.06980150938034058 0.3143137395381927
vt 0.06980150938034058 0.3909493386745453
vt 0.07517074793577194 0.4071232974529266
vt 0 0.4071232974529266
vt 0.07517074793577194 0.660975456237793
vt 0 0.660975456237793
vt 0.07517074793577194 0.534049391746521
vt 0 0.534049391746521
vt 0.03758537396788597 0.4071232974529266
vt 0 0.1532711833715439
vt 0 0.2299067676067352
vt 0.05321191251277924 0.1532711833715439
vt 0.05321191251277924 0.2299067676067352
vt 0.05321191251277924 0.191588968038559
vt 0 0.191588968038559
vt 0.558967113494873 0.1532711833715439
vt 0.4823314845561981 0.1532711833715439
vt 0.558967113494873 0.4056584537029266
vt 0.4823314845561981 0.4056584537029266
vt 0.558967113494873 0.2794648110866547
vt 0.5206493139266968 0.4056584537029266
vt 0.4823314845561981 0.2794648110866547
vt 0.3880273997783661 0.1532711833715439
vt 0.3113918304443359 0.1532711833715439
vt 0.3880273997783661 0.3091507852077484
vt 0.3113918304443359 0.3091507852077484
vt 0.3880273997783661 0.2312109768390656
vt 0.3113918304443359 0.2312109768390656
vt 0.2284419238567352 0.4071232974529266
vt 0.1532711833715439 0.4071232974529266
vt 0.2284419238567352 0.6863293647766113
vt 0.1532711833715439 0.6863293647766113
vt 0.2284419238567352 0.5467263460159302
vt 0.1532711833715439 0.5467263460159302
vt 0.190856546163559 0.4071232974529266
vt 0.1534394472837448 0.1532711833715439
vt 0.1534394472837448 0.2299067676067352
vt 0.2082164138555527 0.1532711833715439
vt 0.2082164138555527 0.2299067676067352
vt 0.2082164138555527 0.191588968038559
vt 0.1534394472837448 0.191588968038559
vt 0 0
vt 0 0.07517074793577194
vt 0.3399302065372467 0
vt 0.3399302065372467 0.07517074793577194
vt 0.1699651032686234 0
vt 0.3399302065372467 0.03758537396788597
vt 0.1699651032686234 0.07517074793577194
vt 0 0.07663559168577194
vt 0 0.1518063396215439
vt 0.4598135352134705 0.07663559168577194
vt 0.4598135352134705 0.1518063396215439
vt 0.2299067676067352 0.07663559168577194
vt 0.2299067676067352 0.1518063396215439
vt 0.3099272847175598 0.4117070734500885
vt 0.4768366813659668 0.4117070734500885
vt 0.6437460780143738 0.4117070734500885
vt 0.6437460780143738 0.4678731262683868
vt 0.5070704817771912 0.4678731262683868
vt 0.3703949451446533 0.4678731262683868
vt 0.3703949451446533 0.5374566316604614
vt 0.3703949451446533 0.6070401072502136
vt 0.4967847466468811 0.6070401072502136
vt 0.6231746077537537 0.6070401072502136
vt 0.6231746077537537 0.6600858569145203
vt 0.4967847466468811 0.6600858569145203
vt 0.3703949451446533 0.6600858569145203
vt 0.3703949451446533 0.7377821803092957
vt 0.3703949451446533 0.8154785633087158
vt 0.509408175945282 0.8154785633087158
vt 0.6484214067459106 0.8154785633087158
vt 0.6484214067459106 0.8700844645500183
vt 0.4791743457317352 0.8700844645500183
vt 0.3099272847175598 0.8700844645500183
vt 0.3099272847175598 0.6408957839012146
vn 0 -1 0
vn 0 -1 0
vn 0 -1 0
vn 0 -1 0
vn 0 -1 0
vn 0 -1 0
vn 0 -1 0
vn 0 -1 0
vn 0 -1 0
vn 0 -1 0
vn 0 -1 0
vn 0 -1 0
vn 0 -1 0
vn 0 -1 0
vn 0 -1 0
vn 0 -1 0
vn 0 -1 0
vn 0 -1 0
vn 0 -1 0
vn 0 -1 0
vn 0 -1 0
vn 0 0 -1
vn 0 0 -1
vn 0 0 -1
vn 0 0 -1
vn 0 0 -1
vn 0 0 -1
vn 0 0 -1
vn 1 0 0
vn 1 0 0
vn 1 0 0
vn 1 0 0
vn 1 0 0
vn 1 0 0
vn 0 0 1
vn 0 0 1
vn 0 0 1
vn 0 0 1
vn 0 0 1
vn 0 0 1
vn 0 0 1
vn 1 0 0
vn 1 0 0
vn 1 0 0
vn 1 0 0
vn 1 0 0
vn 1 0 0
vn 0 0 -1
vn 0 0 -1
vn 0 0 -1
vn 0 0 -1
vn 0 0 -1
vn 0 0 -1
vn 0 0 -1
vn 1 0 0
vn 1 0 0
vn 1 0 0
vn 1 0 0
vn 1 0 0
vn 1 0 0
vn 0 0 1
vn 0 0 1
vn 0 0 1
vn 0 0 1
vn 0 0 1
vn 0 0 1
vn 0 0 1
vn 1 0 0
vn 1 0 0
vn 1 0 0
vn 1 0 0
vn 1 0 0
vn 1 0 0
vn 0 0 -1
vn 0 0 -1
vn 0 0 -1
vn 0 0 -1
vn 0 0 -1
vn 0 0 -1
vn 0 0 -1
vn 1 0 0
vn 1 0 0
vn 1 0 0
vn 1 0 0
vn 1 0 0
vn 1 0 0
vn 0 0 1
vn 0 0 1
vn 0 0 1
vn 0 0 1
vn 0 0 1
vn 0 0 1
vn 0 0 1
vn -1 0 0
vn -1 0 0
vn -1 0 0
vn -1 0 0
vn -1 0 0
vn -1 0 0
vn 0 1 0
vn 0 1 0
vn 0 1 0
vn 0 1 0
vn 0 1 0
vn 0 1 0
vn 0 1 0
vn 0 1 0
vn 0 1 0
vn 0 1 0
vn 0 1 0
vn 0 1 0
vn 0 1 0
vn 0 1 0
vn 0 1 0
vn 0 1 0
vn 0 1 0
vn 0 1 0
vn 0 1 0
vn 0 1 0
vn 0 1 0
f 3389/3389/3389 3371/3371/3371 3388/3388/3388
f 3371/3371/3371 3372/3372/3372 3391/3391/3391 3388/3388/3388
f 3381/3381/3381 3386/3386/3386 3387/3387/3387 3384/3384/3384
f 3375/3375/3375 3371/3371/3371 3389/3389/3389
f 3386/3386/3386 3375/3375/3375 3389/3389/3389
f 3374/3374/3374 3375/3375/3375 3382/3382/3382 3379/3379/3379
f 3375/3375/3375 3381/3381/3381 3382/3382/3382
f 3381/3381/3381 3375/3375/3375 3386/3386/3386
f 3377/3377/3377 3374/3374/3374 3379/3379/3379 3380/3380/3380
f 3390/3390/3390 3391/3391/3391 3372/3372/3372 3373/3373/3373
f 3385/3385/3385 3383/3383/3383 3384/3384/3384 3387/3387/3387
f 3376/3376/3376 3377/3377/3377 3380/3380/3380 3378/3378/3378
f 3396/3396/3396 3398/3398/3398 3392/3392/3392
f 3397/3397/3397 3393/3393/3393 3398/3398/3398
f 3394/3394/3394 3395/3395/3395 3397/3397/3397 3396/3396/3396
f 3398/3398/3398 3396/3396/3396 3397/3397/3397
f 3404/3404/3404 3399/3399/3399 3401/3401/3401 3403/3403/3403
f 3400/3400/3400 3404/3404/3404 3403/3403/3403 3402/3402/3402
f 3406/3406/3406 3405/3405/3405 3409/3409/3409 3411/3411/3411
f 3409/3409/3409 3410/3410/3410 3411/3411/3411
f 3410/3410/3410 3408/3408/3408 3411/3411/3411
f 3407/3407/3407 3410/3410/3410 3409/3409/3409
f 3413/3413/3413 3412/3412/3412 3416/3416/3416 3417/3417/3417
f 3414/3414/3414 3415/3415/3415 3417/3417/3417 3416/3416/3416
f 3422/3422/3422 3424/3424/3424 3418/3418/3418
f 3423/3423/3423 3419/3419/3419 3424/3424/3424
f 3420/3420/3420 3421/3421/3421 3423/3423/3423 3422/3422/3422
f 3424/3424/3424 3422/3422/3422 3423/3423/3423
f 3430/3430/3430 3425/3425/3425 3427/3427/3427 3429/3429/3429
f 3426/3426/3426 3430/3430/3430 3429/3429/3429 3428/3428/3428
f 3432/3432/3432 3431/3431/3431 3435/3435/3435 3437/3437/3437
f 3435/3435/3435 3436/3436/3436 3437/3437/3437
f 3436/3436/3436 3434/3434/3434 3437/3437/3437
f 3433/3433/3433 3436/3436/3436 3435/3435/3435
f 3439/3439/3439 3438/3438/3438 3442/3442/3442 3443/3443/3443
f 3440/3440/3440 3441/3441/3441 3443/3443/3443 3442/3442/3442
f 3448/3448/3448 3450/3450/3450 3444/3444/3444
f 3449/3449/3449 3445/3445/3445 3450/3450/3450
f 3446/3446/3446 3447/3447/3447 3449/3449/3449 3448/3448/3448
f 3450/3450/3450 3448/3448/3448 3449/3449/3449
f 3456/3456/3456 3451/3451/3451 3453/3453/3453 3455/3455/3455
f 3452/3452/3452 3456/3456/3456 3455/3455/3455 3454/3454/3454
f 3458/3458/3458 3457/3457/3457 3461/3461/3461 3463/3463/3463
f 3461/3461/3461 3462/3462/3462 3463/3463/3463
f 3462/3462/3462 3460/3460/3460 3463/3463/3463
f 3459/3459/3459 3462/3462/3462 3461/3461/3461
f 3465/3465/3465 3464/3464/3464 3468/3468/3468 3469/3469/3469
f 3466/3466/3466 3467/3467/3467 3469/3469/3469 3468/3468/3468
f 3476/3476/3476 3475/3475/3475 3470/3470/3470
f 3470/3470/3470 3475/3475/3475 3474/3474/3474 3471/3471/3471
f 3482/3482/3482 3481/3481/3481 3478/3478/3478 3477/3477/3477
f 3490/3490/3490 3476/3476/3476 3470/3470/3470
f 3477/3477/3477 3476/3476/3476 3490/3490/3490
f 3489/3489/3489 3484/3484/3484 3483/3483/3483 3490/3490/3490
f 3490/3490/3490 3483/3483/3483 3482/3482/3482
f 3482/3482/3482 3477/3477/3477 3490/3490/3490
f 3488/3488/3488 3485/3485/3485 3484/3484/3484 3489/3489/3489
f 3473/3473/3473 3472/3472/3472 3471/3471/3471 3474/3474/3474
f 3479/3479/3479 3478/3478/3478 3481/3481/3481 3480/3480/3480
f 3487/3487/3487 3486/3486/3486 3485/3485/3485 3488/3488/3488
g object_18
v 548.595458984375 -18.32500076293945 -470.508056640625
v 549.2030029296875 -18.32500076293945 -470.508056640625
v 549.810546875 -18.32500076293945 -470.508056640625
v 550.4180908203125 -18.32500076293945 -470.508056640625
v 551.0256958007812 -18.32500076293945 -470.508056640625
v 551.326416015625 -18.32500076293945 -470.4943542480469
v 551.6097412109375 -18.32500076293945 -470.4531860351562
v 551.875732421875 -18.32500076293945 -470.3845825195312
v 552.1243896484375 -18.32500076293945 -470.2885131835938
v 552.3556518554688 -18.32500076293945 -470.1650390625
v 552.569580078125 -18.32500076293945 -470.0140991210938
v 552.76611328125 -18.32500076293945 -469.8357238769531
v 552.9453735351562 -18.32500076293945 -469.6299133300781
v 553.0880126953125 -18.32500076293945 -469.4248657226562
v 553.2116088867188 -18.32500076293945 -469.2059020996094
v 553.3162231445312 -18.32500076293945 -468.9730224609375
v 553.4017944335938 -18.32500076293945 -468.7262268066406
v 553.4683227539062 -18.32500076293945 -468.4655456542969
v 553.515869140625 -18.32500076293945 -468.19091796875
v 553.553955078125 -18.32500076293945 -467.5999755859375
v 553.5314331054688 -18.32500076293945 -467.1335754394531
v 553.4640502929688 -18.32500076293945 -466.6901550292969
v 553.3517456054688 -18.32500076293945 -466.2697143554688
v 553.1945190429688 -18.32500076293945 -465.8722534179688
v 553.02197265625 -18.32500076293945 -465.5525207519531
v 552.821044921875 -18.32500076293945 -465.2754211425781
v 552.5916137695312 -18.32500076293945 -465.0409545898438
v 552.3336791992188 -18.32500076293945 -464.84912109375
v 552.04736328125 -18.32500076293945 -464.6998901367188
v 551.7325439453125 -18.32500076293945 -464.5933227539062
v 551.3892822265625 -18.32500076293945 -464.5293884277344
v 551.0175170898438 -18.32500076293945 -464.508056640625
v 550.4119873046875 -18.32500076293945 -464.508056640625
v 549.8064575195312 -18.32500076293945 -464.508056640625
v 549.2009887695312 -18.32500076293945 -464.508056640625
v 548.595458984375 -18.32500076293945 -464.508056640625
v 549.412353515625 -18.32500076293945 -465.2024230957031
v 550.8623046875 -18.32500076293945 -465.2024230957031
v 551.238037109375 -18.32500076293945 -465.2238464355469
v 551.540283203125 -18.32500076293945 -465.2881774902344
v 551.7664794921875 -18.32500076293945 -465.3861999511719
v 551.97119140625 -18.32500076293945 -465.52099609375
v 552.1544799804688 -18.32500076293945 -465.6925354003906
v 552.3163452148438 -18.32500076293945 -465.9008483886719
v 552.4284057617188 -18.32500076293945 -466.0953674316406
v 552.5236206054688 -18.32500076293945 -466.3154296875
v 552.6019897460938 -18.32500076293945 -466.5610046386719
v 552.6635131835938 -18.32500076293945 -466.8320922851562
v 552.70947265625 -18.32500076293945 -467.1588439941406
v 552.7247924804688 -18.32500076293945 -467.4610900878906
v 552.6970825195312 -18.32500076293945 -467.9874877929688
v 552.614013671875 -18.32500076293945 -468.4515686035156
v 552.4755249023438 -18.32500076293945 -468.8533630371094
v 552.2816162109375 -18.32500076293945 -469.19287109375
v 552.1624145507812 -18.32500076293945 -469.3374328613281
v 552.0262451171875 -18.32500076293945 -469.4627075195312
v 551.8731689453125 -18.32500076293945 -469.5687255859375
v 551.7031860351562 -18.32500076293945 -469.6554565429688
v 551.5162963867188 -18.32500076293945 -469.722900390625
v 551.3125 -18.32500076293945 -469.7710876464844
v 551.0917358398438 -18.32500076293945 -469.7999877929688
v 550.8541259765625 -18.32500076293945 -469.8096313476562
v 549.412353515625 -18.32500076293945 -469.8096313476562
v 549.2683715820312 -18.32500076293945 -469.6937866210938
v 549.2683715820312 -18.32500076293945 -467.9452209472656
v 549.2683715820312 -18.32500076293945 -467.0709228515625
v 549.2683715820312 -18.32500076293945 -466.1966247558594
v 549.2683715820312 -18.32500076293945 -465.3223571777344
v 552.8809814453125 -18.32500076293945 -468.8194885253906
v 552.8809814453125 -18.32500076293945 -467.0709228515625
v 552.8809814453125 -18.32500076293945 -466.1966247558594
v 548.595458984375 -18.32500076293945 -464.508056640625
v 548.595458984375 -17.32500076293945 -464.508056640625
v 551.0175170898438 -18.32500076293945 -464.508056640625
v 551.0175170898438 -17.32500076293945 -464.508056640625
v 551.3892822265625 -18.32500076293945 -464.5293884277344
v 551.3892822265625 -17.32500076293945 -464.5293884277344
v 551.7325439453125 -18.32500076293945 -464.5933227539062
v 551.7325439453125 -17.32500076293945 -464.5933227539062
v 552.04736328125 -18.32500076293945 -464.6998901367188
v 552.3336791992188 -18.32500076293945 -464.84912109375
v 552.3336791992188 -17.32500076293945 -464.84912109375
v 552.5916137695312 -18.32500076293945 -465.0409545898438
v 552.5916137695312 -17.32500076293945 -465.0409545898438
v 552.821044921875 -18.32500076293945 -465.2754211425781
v 552.821044921875 -17.32500076293945 -465.2754211425781
v 553.02197265625 -18.32500076293945 -465.5525207519531
v 553.02197265625 -17.32500076293945 -465.5525207519531
v 553.5314331054688 -18.32500076293945 -467.1335754394531
v 553.5314331054688 -17.32500076293945 -467.1335754394531
v 553.553955078125 -18.32500076293945 -467.5999755859375
v 553.553955078125 -17.32500076293945 -467.5999755859375
v 553.4683227539062 -18.32500076293945 -468.4655456542969
v 553.4683227539062 -17.32500076293945 -468.4655456542969
v 553.2116088867188 -18.32500076293945 -469.2059020996094
v 553.2116088867188 -17.32500076293945 -469.2059020996094
v 552.9453735351562 -18.32500076293945 -469.6299133300781
v 552.9453735351562 -17.32500076293945 -469.6299133300781
v 552.76611328125 -18.32500076293945 -469.8357238769531
v 552.76611328125 -17.32500076293945 -469.8357238769531
v 552.1243896484375 -17.32500076293945 -470.2885131835938
v 551.875732421875 -17.32500076293945 -470.3845825195312
v 551.6097412109375 -17.32500076293945 -470.4531860351562
v 551.326416015625 -18.32500076293945 -470.4943542480469
v 551.0256958007812 -17.32500076293945 -470.508056640625
v 548.595458984375 -18.32500076293945 -470.508056640625
v 548.595458984375 -17.32500076293945 -470.508056640625
v 549.2009887695312 -18.32500076293945 -464.508056640625
v 549.8064575195312 -18.32500076293945 -464.508056640625
v 550.4119873046875 -18.32500076293945 -464.508056640625
v 553.1945190429688 -18.32500076293945 -465.8722534179688
v 553.3517456054688 -18.32500076293945 -466.2697143554688
v 553.4640502929688 -18.32500076293945 -466.6901550292969
v 553.515869140625 -18.32500076293945 -468.19091796875
v 553.4017944335938 -18.32500076293945 -468.7262268066406
v 553.3162231445312 -18.32500076293945 -468.9730224609375
v 553.0880126953125 -18.32500076293945 -469.4248657226562
v 552.569580078125 -18.32500076293945 -470.0140991210938
v 552.3556518554688 -18.32500076293945 -470.1650390625
v 552.1243896484375 -18.32500076293945 -470.2885131835938
v 551.875732421875 -18.32500076293945 -470.3845825195312
v 551.6097412109375 -18.32500076293945 -470.4531860351562
v 551.0256958007812 -18.32500076293945 -470.508056640625
v 550.4180908203125 -18.32500076293945 -470.508056640625
v 549.810546875 -18.32500076293945 -470.508056640625
v 549.2030029296875 -18.32500076293945 -470.508056640625
v 548.595458984375 -17.82500076293945 -470.508056640625
v 549.2030029296875 -17.32500076293945 -470.508056640625
v 549.810546875 -17.32500076293945 -470.508056640625
v 550.4180908203125 -17.32500076293945 -470.508056640625
v 551.326416015625 -17.32500076293945 -470.4943542480469
v 552.3556518554688 -17.32500076293945 -470.1650390625
v 552.569580078125 -17.32500076293945 -470.0140991210938
v 553.0880126953125 -17.32500076293945 -469.4248657226562
v 553.3162231445312 -17.32500076293945 -468.9730224609375
v 553.4017944335938 -17.32500076293945 -468.7262268066406
v 553.515869140625 -17.32500076293945 -468.19091796875
v 553.4640502929688 -17.32500076293945 -466.6901550292969
v 553.3517456054688 -17.32500076293945 -466.2697143554688
v 553.1945190429688 -17.32500076293945 -465.8722534179688
v 552.04736328125 -17.32500076293945 -464.6998901367188
v 550.4119873046875 -17.32500076293945 -464.508056640625
v 549.8064575195312 -17.32500076293945 -464.508056640625
v 549.2009887695312 -17.32500076293945 -464.508056640625
v 548.595458984375 -17.82500076293945 -464.508056640625
v 548.595458984375 -18.32500076293945 -470.508056640625
v 548.595458984375 -17.32500076293945 -470.508056640625
v 548.595458984375 -18.32500076293945 -464.508056640625
v 548.595458984375 -17.32500076293945 -464.508056640625
v 548.595458984375 -17.82500076293945 -470.508056640625
v 548.595458984375 -17.82500076293945 -464.508056640625
v 549.412353515625 -18.32500076293945 -469.8096313476562
v 549.412353515625 -17.32500076293945 -469.8096313476562
v 550.8541259765625 -18.32500076293945 -469.8096313476562
v 550.8541259765625 -17.32500076293945 -469.8096313476562
v 551.0917358398438 -18.32500076293945 -469.7999877929688
v 551.0917358398438 -17.32500076293945 -469.7999877929688
v 551.3125 -18.32500076293945 -469.7710876464844
v 551.3125 -17.32500076293945 -469.7710876464844
v 551.5162963867188 -18.32500076293945 -469.722900390625
v 551.5162963867188 -17.32500076293945 -469.722900390625
v 551.7031860351562 -18.32500076293945 -469.6554565429688
v 551.7031860351562 -17.32500076293945 -469.6554565429688
v 551.8731689453125 -18.32500076293945 -469.5687255859375
v 551.8731689453125 -17.32500076293945 -469.5687255859375
v 552.0262451171875 -18.32500076293945 -469.4627075195312
v 552.0262451171875 -17.32500076293945 -469.4627075195312
v 552.1624145507812 -18.32500076293945 -469.3374328613281
v 552.1624145507812 -17.32500076293945 -469.3374328613281
v 552.2816162109375 -18.32500076293945 -469.19287109375
v 552.2816162109375 -17.32500076293945 -469.19287109375
v 552.4755249023438 -18.32500076293945 -468.8533630371094
v 552.4755249023438 -17.32500076293945 -468.8533630371094
v 552.614013671875 -18.32500076293945 -468.4515686035156
v 552.614013671875 -17.32500076293945 -468.4515686035156
v 552.6970825195312 -18.32500076293945 -467.9874877929688
v 552.6970825195312 -17.32500076293945 -467.9874877929688
v 552.7247924804688 -18.32500076293945 -467.4610900878906
v 552.7247924804688 -17.32500076293945 -467.4610900878906
v 552.70947265625 -18.32500076293945 -467.1588439941406
v 552.70947265625 -17.32500076293945 -467.1588439941406
v 552.6635131835938 -18.32500076293945 -466.8320922851562
v 552.6635131835938 -17.32500076293945 -466.8320922851562
v 552.6019897460938 -18.32500076293945 -466.5610046386719
v 552.6019897460938 -17.32500076293945 -466.5610046386719
v 552.5236206054688 -18.32500076293945 -466.3154296875
v 552.5236206054688 -17.32500076293945 -466.3154296875
v 552.4284057617188 -18.32500076293945 -466.0953674316406
v 552.4284057617188 -17.32500076293945 -466.0953674316406
v 552.3163452148438 -18.32500076293945 -465.9008483886719
v 552.3163452148438 -17.32500076293945 -465.9008483886719
v 552.1544799804688 -18.32500076293945 -465.6925354003906
v 552.1544799804688 -17.32500076293945 -465.6925354003906
v 551.97119140625 -18.32500076293945 -465.52099609375
v 551.97119140625 -17.32500076293945 -465.52099609375
v 551.7664794921875 -18.32500076293945 -465.3861999511719
v 551.7664794921875 -17.32500076293945 -465.3861999511719
v 551.540283203125 -18.32500076293945 -465.2881774902344
v 551.540283203125 -17.32500076293945 -465.2881774902344
v 551.238037109375 -18.32500076293945 -465.2238464355469
v 551.238037109375 -17.32500076293945 -465.2238464355469
v 550.8623046875 -18.32500076293945 -465.2024230957031
v 550.8623046875 -17.32500076293945 -465.2024230957031
v 550.8623046875 -17.82500076293945 -465.2024230957031
v 549.412353515625 -17.82500076293945 -469.8096313476562
v 549.412353515625 -18.32500076293945 -465.2024230957031
v 549.412353515625 -17.32500076293945 -465.2024230957031
v 549.412353515625 -18.32500076293945 -469.8096313476562
v 549.412353515625 -17.32500076293945 -469.8096313476562
v 549.412353515625 -17.82500076293945 -469.8096313476562
v 550.8623046875 -18.32500076293945 -465.2024230957031
v 550.8623046875 -17.32500076293945 -465.2024230957031
v 549.412353515625 -18.32500076293945 -465.2024230957031
v 549.412353515625 -17.32500076293945 -465.2024230957031
v 550.8623046875 -17.82500076293945 -465.2024230957031
v 548.595458984375 -17.32500076293945 -470.508056640625
v 549.2030029296875 -17.32500076293945 -470.508056640625
v 549.810546875 -17.32500076293945 -470.508056640625
v 550.4180908203125 -17.32500076293945 -470.508056640625
v 551.0256958007812 -17.32500076293945 -470.508056640625
v 551.326416015625 -17.32500076293945 -470.4943542480469
v 551.6097412109375 -17.32500076293945 -470.4531860351562
v 551.875732421875 -17.32500076293945 -470.3845825195312
v 552.1243896484375 -17.32500076293945 -470.2885131835938
v 552.3556518554688 -17.32500076293945 -470.1650390625
v 552.569580078125 -17.32500076293945 -470.0140991210938
v 552.76611328125 -17.32500076293945 -469.8357238769531
v 552.9453735351562 -17.32500076293945 -469.6299133300781
v 553.0880126953125 -17.32500076293945 -469.4248657226562
v 553.2116088867188 -17.32500076293945 -469.2059020996094
v 553.3162231445312 -17.32500076293945 -468.9730224609375
v 553.4017944335938 -17.32500076293945 -468.7262268066406
v 553.4683227539062 -17.32500076293945 -468.4655456542969
v 553.515869140625 -17.32500076293945 -468.19091796875
v 553.553955078125 -17.32500076293945 -467.5999755859375
v 553.5314331054688 -17.32500076293945 -467.1335754394531
v 553.4640502929688 -17.32500076293945 -466.6901550292969
v 553.3517456054688 -17.32500076293945 -466.2697143554688
v 553.1945190429688 -17.32500076293945 -465.8722534179688
v 553.02197265625 -17.32500076293945 -465.5525207519531
v 552.821044921875 -17.32500076293945 -465.2754211425781
v 552.5916137695312 -17.32500076293945 -465.0409545898438
v 552.3336791992188 -17.32500076293945 -464.84912109375
v 552.04736328125 -17.32500076293945 -464.6998901367188
v 551.7325439453125 -17.32500076293945 -464.5933227539062
v 551.3892822265625 -17.32500076293945 -464.5293884277344
v 551.0175170898438 -17.32500076293945 -464.508056640625
v 550.4119873046875 -17.32500076293945 -464.508056640625
v 549.8064575195312 -17.32500076293945 -464.508056640625
v 549.2009887695312 -17.32500076293945 -464.508056640625
v 548.595458984375 -17.32500076293945 -464.508056640625
v 550.8623046875 -17.32500076293945 -465.2024230957031
v 551.238037109375 -17.32500076293945 -465.2238464355469
v 551.540283203125 -17.32500076293945 -465.2881774902344
v 551.7664794921875 -17.32500076293945 -465.3861999511719
v 551.97119140625 -17.32500076293945 -465.52099609375
v 552.1544799804688 -17.32500076293945 -465.6925354003906
v 552.3163452148438 -17.32500076293945 -465.9008483886719
v 552.4284057617188 -17.32500076293945 -466.0953674316406
v 552.5236206054688 -17.32500076293945 -466.3154296875
v 552.6019897460938 -17.32500076293945 -466.5610046386719
v 552.6635131835938 -17.32500076293945 -466.8320922851562
v 552.70947265625 -17.32500076293945 -467.1588439941406
v 552.7247924804688 -17.32500076293945 -467.4610900878906
v 552.6970825195312 -17.32500076293945 -467.9874877929688
v 552.614013671875 -17.32500076293945 -468.4515686035156
v 552.4755249023438 -17.32500076293945 -468.8533630371094
v 552.2816162109375 -17.32500076293945 -469.19287109375
v 552.1624145507812 -17.32500076293945 -469.3374328613281
v 552.0262451171875 -17.32500076293945 -469.4627075195312
v 551.8731689453125 -17.32500076293945 -469.5687255859375
v 551.7031860351562 -17.32500076293945 -469.6554565429688
v 551.5162963867188 -17.32500076293945 -469.722900390625
v 551.3125 -17.32500076293945 -469.7710876464844
v 551.0917358398438 -17.32500076293945 -469.7999877929688
v 550.8541259765625 -17.32500076293945 -469.8096313476562
v 549.412353515625 -17.32500076293945 -469.8096313476562
v 549.412353515625 -17.32500076293945 -465.2024230957031
v 549.2683715820312 -17.32500076293945 -469.6937866210938
v 549.2683715820312 -17.32500076293945 -467.9452209472656
v 549.2683715820312 -17.32500076293945 -467.0709228515625
v 549.2683715820312 -17.32500076293945 -466.1966247558594
v 549.2683715820312 -17.32500076293945 -465.3223571777344
v 552.8809814453125 -17.32500076293945 -468.8194885253906
v 552.8809814453125 -17.32500076293945 -467.0709228515625
v 552.8809814453125 -17.32500076293945 -466.1966247558594
vt 0.3724819421768188 0.2506815195083618
vt 0.4166181683540344 0.2506815195083618
vt 0.4607543647289276 0.2506815195083618
vt 0.5048905611038208 0.2506815195083618
vt 0.5490267872810364 0.2506815195083618
vt 0.57087242603302 0.2516822516918182
vt 0.5914569497108459 0.2546844780445099
vt 0.6107804775238037 0.2596881985664368
vt 0.6288428902626038 0.2666934132575989
vt 0.6456443071365356 0.2757001221179962
vt 0.6611846685409546 0.2867083549499512
vt 0.6754639744758606 0.2997181117534637
vt 0.6884823441505432 0.3147293627262115
vt 0.6988441944122314 0.3296847641468048
vt 0.7078244686126709 0.3456548452377319
vt 0.7154231071472168 0.3626395761966705
vt 0.7216402292251587 0.3806390166282654
vt 0.7264756560325623 0.3996531963348389
vt 0.7299296259880066 0.4196820855140686
vt 0.7326927185058594 0.4627841413021088
vt 0.7310608625411987 0.4968003332614899
vt 0.7261650562286377 0.5291407108306885
vt 0.7180054187774658 0.5598053932189941
vt 0.7065818905830383 0.5887945890426636
vt 0.6940503716468811 0.612114429473877
vt 0.6794511079788208 0.6323249340057373
vt 0.6627841591835022 0.6494260430335999
vt 0.6440495252609253 0.6634178757667542
vt 0.6232471466064453 0.6743003726005554
vt 0.6003769636154175 0.6820735931396484
vt 0.5754390358924866 0.6867375373840332
vt 0.5484333634376526 0.6882921457290649
vt 0.504445493221283 0.6882921457290649
vt 0.4604576528072357 0.6882921457290649
vt 0.4164698123931885 0.6882921457290649
vt 0.3724819421768188 0.6882921457290649
vt 0.4318247437477112 0.6376496553421021
vt 0.537158191204071 0.6376496553421021
vt 0.5644559264183044 0.6360856890678406
vt 0.5864127278327942 0.6313938498497009
vt 0.6028433442115784 0.6242443323135376
vt 0.6177160739898682 0.6144137382507324
vt 0.6310310959815979 0.6019020676612854
vt 0.6427884101867676 0.5867092609405518
vt 0.6509295105934143 0.5725219249725342
vt 0.6578466296195984 0.5564727783203125
vt 0.6635398268699646 0.5385617613792419
vt 0.6680091023445129 0.518788754940033
vt 0.6713471412658691 0.4949570298194885
vt 0.6724597811698914 0.4729126393795013
vt 0.6704477071762085 0.4345210790634155
vt 0.6644114851951599 0.40067258477211
vt 0.6543509960174561 0.3713670670986176
vt 0.6402662992477417 0.3466043472290039
vt 0.6316036581993103 0.3360615372657776
vt 0.6217124462127686 0.3269244730472565
vt 0.6105926632881165 0.3191930949687958
vt 0.5982442498207092 0.3128674626350403
vt 0.5846673250198364 0.3079475164413452
vt 0.5698617696762085 0.304433286190033
vt 0.5538275837898254 0.3023247420787811
vt 0.5365647673606873 0.3016219139099121
vt 0.4318247437477112 0.3016219139099121
vt 0.4213677048683167 0.3100715279579163
vt 0.4213677048683167 0.437603771686554
vt 0.4213677048683167 0.5013698935508728
vt 0.4213677048683167 0.5651360154151917
vt 0.4213677048683167 0.6289021372795105
vt 0.6838070154190063 0.3738376796245575
vt 0.6838070154190063 0.5013698935508728
vt 0.6838070154190063 0.5651360154151917
vt 0.9551001787185669 0
vt 0.8836299180984497 0
vt 0.9551001787185669 0.1664225310087204
vt 0.8836299180984497 0.1664225310087204
vt 0.9551001787185669 0.187225341796875
vt 0.8836299180984497 0.187225341796875
vt 0.9551001787185669 0.2080281525850296
vt 0.8836299180984497 0.2080281525850296
vt 0.9551001787185669 0.2288309782743454
vt 0.9551001787185669 0.2496337890625
vt 0.8836299180984497 0.2496337890625
vt 0.9551001787185669 0.2704366147518158
vt 0.8836299180984497 0.2704366147518158
vt 0.9551001787185669 0.2912394106388092
vt 0.8836299180984497 0.2912394106388092
vt 0.9551001787185669 0.312042236328125
vt 0.8836299180984497 0.312042236328125
vt 0.9551001787185669 0.4576619565486908
vt 0.8836299180984497 0.4576619565486908
vt 0.9551001787185669 0.499267578125
vt 0.8836299180984497 0.499267578125
vt 0.9551001787185669 0.561676025390625
vt 0.8836299180984497 0.561676025390625
vt 0.9551001787185669 0.62408447265625
vt 0.8836299180984497 0.62408447265625
vt 0.9551001787185669 0.6656901240348816
vt 0.8836299180984497 0.6656901240348816
vt 0.9551001787185669 0.686492919921875
vt 0.8836299180984497 0.686492919921875
vt 0.8836299180984497 0.7489013671875
vt 0.8836299180984497 0.7697041630744934
vt 0.8836299180984497 0.7905070185661316
vt 0.9551001787185669 0.811309814453125
vt 0.8836299180984497 0.8321126103401184
vt 0.9551001787185669 0.99853515625
vt 0.8836299180984497 0.99853515625
vt 0.9551001787185669 0.0416056327521801
vt 0.9551001787185669 0.0832112655043602
vt 0.9551001787185669 0.12481689453125
vt 0.9551001787185669 0.3328450620174408
vt 0.9551001787185669 0.37445068359375
vt 0.9551001787185669 0.4160563051700592
vt 0.9551001787185669 0.5408732295036316
vt 0.9551001787185669 0.5824788212776184
vt 0.9551001787185669 0.6032816767692566
vt 0.9551001787185669 0.6448872685432434
vt 0.9551001787185669 0.7072957158088684
vt 0.9551001787185669 0.7280985713005066
vt 0.9551001787185669 0.7489013671875
vt 0.9551001787185669 0.7697041630744934
vt 0.9551001787185669 0.7905070185661316
vt 0.9551001787185669 0.8321126103401184
vt 0.9551001787185669 0.87371826171875
vt 0.9551001787185669 0.9153239130973816
vt 0.9551001787185669 0.9569295048713684
vt 0.9193650484085083 0.99853515625
vt 0.8836299180984497 0.9569295048713684
vt 0.8836299180984497 0.9153239130973816
vt 0.8836299180984497 0.87371826171875
vt 0.8836299180984497 0.811309814453125
vt 0.8836299180984497 0.7280985713005066
vt 0.8836299180984497 0.7072957158088684
vt 0.8836299180984497 0.6448872685432434
vt 0.8836299180984497 0.6032816767692566
vt 0.8836299180984497 0.5824788212776184
vt 0.8836299180984497 0.5408732295036316
vt 0.8836299180984497 0.4160563051700592
vt 0.8836299180984497 0.37445068359375
vt 0.8836299180984497 0.3328450620174408
vt 0.8836299180984497 0.2288309782743454
vt 0.8836299180984497 0.12481689453125
vt 0.8836299180984497 0.0832112655043602
vt 0.8836299180984497 0.0416056327521801
vt 0.9193650484085083 0
vt 0 0
vt 0 0.07293510437011719
vt 0.4376106262207031 0
vt 0.4376106262207031 0.07293510437011719
vt 0 0.03646755218505859
vt 0.4376106262207031 0.03646755218505859
vt 0 0.1231527104973793
vt 0 0.1960878074169159
vt 0.08542582392692566 0.1231527104973793
vt 0.08542582392692566 0.1960878074169159
vt 0.09610404819250107 0.1231527104973793
vt 0.09610404819250107 0.1960878074169159
vt 0.1067822799086571 0.1231527104973793
vt 0.1067822799086571 0.1960878074169159
vt 0.1174605041742325 0.1231527104973793
vt 0.1174605041742325 0.1960878074169159
vt 0.1281387358903885 0.1231527104973793
vt 0.1281387358903885 0.1960878074169159
vt 0.1388169527053833 0.1231527104973793
vt 0.1388169527053833 0.1960878074169159
vt 0.1494951844215393 0.1231527104973793
vt 0.1494951844215393 0.1960878074169159
vt 0.1601734161376953 0.1231527104973793
vt 0.1601734161376953 0.1960878074169159
vt 0.1708516478538513 0.1231527104973793
vt 0.1708516478538513 0.1960878074169159
vt 0.1922080963850021 0.1231527104973793
vt 0.1922080963850021 0.1960878074169159
vt 0.2135645598173141 0.1231527104973793
vt 0.2135645598173141 0.1960878074169159
vt 0.234921008348465 0.1231527104973793
vt 0.234921008348465 0.1960878074169159
vt 0.256277471780777 0.1231527104973793
vt 0.256277471780777 0.1960878074169159
vt 0.2989903688430786 0.1231527104973793
vt 0.2989903688430786 0.1960878074169159
vt 0.3417032957077026 0.1231527104973793
vt 0.3417032957077026 0.1960878074169159
vt 0.3630597591400146 0.1231527104973793
vt 0.3630597591400146 0.1960878074169159
vt 0.3844161927700043 0.1231527104973793
vt 0.3844161927700043 0.1960878074169159
vt 0.4057726263999939 0.1231527104973793
vt 0.4057726263999939 0.1960878074169159
vt 0.4271291196346283 0.1231527104973793
vt 0.4271291196346283 0.1960878074169159
vt 0.4484855532646179 0.1231527104973793
vt 0.4484855532646179 0.1960878074169159
vt 0.4698420166969299 0.1231527104973793
vt 0.4698420166969299 0.1960878074169159
vt 0.4911984801292419 0.1231527104973793
vt 0.4911984801292419 0.1960878074169159
vt 0.512554943561554 0.1231527104973793
vt 0.512554943561554 0.1960878074169159
vt 0.5552678108215332 0.1231527104973793
vt 0.5552678108215332 0.1960878074169159
vt 0.5979807376861572 0.1231527104973793
vt 0.5979807376861572 0.1960878074169159
vt 0.5979807376861572 0.1596202552318573
vt 0 0.1596202552318573
vt 0.8821650743484497 0
vt 0.8106948137283325 0
vt 0.8821650743484497 0.3360277712345123
vt 0.8106948137283325 0.3360277712345123
vt 0.8464299440383911 0.3360277712345123
vt 0.8092299699783325 0
vt 0.7377597093582153 0
vt 0.8092299699783325 0.1057534217834473
vt 0.7377597093582153 0.1057534217834473
vt 0.7734948396682739 0
vt 0.003602107986807823 0.2506815195083618
vt 0.04773831367492676 0.2506815195083618
vt 0.09187452495098114 0.2506815195083618
vt 0.1360107362270355 0.2506815195083618
vt 0.1801469326019287 0.2506815195083618
vt 0.2019925862550735 0.2516822516918182
vt 0.2225771248340607 0.2546844780445099
vt 0.241900622844696 0.2596881985664368
vt 0.2599630653858185 0.2666934132575989
vt 0.276764452457428 0.2757001221179962
vt 0.2923047840595245 0.2867083549499512
vt 0.3065841495990753 0.2997181117534637
vt 0.3196024894714355 0.3147293627262115
vt 0.3299643695354462 0.3296847641468048
vt 0.3389446139335632 0.3456548452377319
vt 0.3465432822704315 0.3626395761966705
vt 0.3527603447437286 0.3806390166282654
vt 0.357595831155777 0.3996531963348389
vt 0.3610497713088989 0.4196820855140686
vt 0.3638128936290741 0.4627841413021088
vt 0.3621809780597687 0.4968003332614899
vt 0.35728520154953 0.5291407108306885
vt 0.3491255939006805 0.5598053932189941
vt 0.3377020657062531 0.5887945890426636
vt 0.3251705169677734 0.612114429473877
vt 0.3105712532997131 0.6323249340057373
vt 0.2939043343067169 0.6494260430335999
vt 0.2751696705818176 0.6634178757667542
vt 0.2543672919273376 0.6743003726005554
vt 0.2314971387386322 0.6820735931396484
vt 0.2065592110157013 0.6867375373840332
vt 0.1795534938573837 0.6882921457290649
vt 0.1355656534433365 0.6882921457290649
vt 0.09157780557870865 0.6882921457290649
vt 0.04758995771408081 0.6882921457290649
vt 0.003602107986807823 0.6882921457290649
vt 0.1682783663272858 0.6376496553421021
vt 0.1955760717391968 0.6360856890678406
vt 0.2175329029560089 0.6313938498497009
vt 0.2339634746313095 0.6242443323135376
vt 0.2488362491130829 0.6144137382507324
vt 0.2621512413024902 0.6019020676612854
vt 0.2739085555076599 0.5867092609405518
vt 0.2820496559143066 0.5725219249725342
vt 0.2889668047428131 0.5564727783203125
vt 0.2946600019931793 0.5385617613792419
vt 0.2991292476654053 0.518788754940033
vt 0.3024672865867615 0.4949570298194885
vt 0.3035799562931061 0.4729126393795013
vt 0.3015678822994232 0.4345210790634155
vt 0.2955316305160522 0.40067258477211
vt 0.2854711711406708 0.3713670670986176
vt 0.2713864743709564 0.3466043472290039
vt 0.2627238035202026 0.3360615372657776
vt 0.2528325915336609 0.3269244730472565
vt 0.2417127937078476 0.3191930949687958
vt 0.229364424943924 0.3128674626350403
vt 0.2157874554395676 0.3079475164413452
vt 0.2009819000959396 0.304433286190033
vt 0.184947744011879 0.3023247420787811
vt 0.167684942483902 0.3016219139099121
vt 0.06294490396976471 0.3016219139099121
vt 0.06294490396976471 0.6376496553421021
vt 0.05248786136507988 0.3100715279579163
vt 0.05248786136507988 0.437603771686554
vt 0.05248786136507988 0.5013698935508728
vt 0.05248786136507988 0.5651360154151917
vt 0.05248786136507988 0.6289021372795105
vt 0.3149271607398987 0.3738376796245575
vt 0.3149271607398987 0.5013698935508728
vt 0.3149271607398987 0.5651360154151917
vn 0 -1 0
vn 0 -1 0
vn 0 -1 0
vn 0 -1 0
vn 0 -1 0
vn 0 -1 0
vn 0 -1 0
vn 0 -1 0
vn 0 -1 0
vn 0 -1 0
vn 0 -1 0
vn 0 -1 0
vn 0 -1 0
vn 0 -1 0
vn 0 -1 0
vn 0 -1 0
vn 0 -1 0
vn 0 -1 0
vn 0 -1 0
vn 0 -1 0
vn 0 -1 0
vn 0 -1 0
vn 0 -1 0
vn 0 -1 0
vn 0 -1 0
vn 0 -1 0
vn 0 -1 0
vn 0 -1 0
vn 0 -1 0
vn 0 -1 0
vn 0 -1 0
vn 0 -1 0
vn 0 -1 0
vn 0 -1 0
vn 0 -1 0
vn 0 -1 0
vn 0 -1 0
vn 0 -1 0
vn 0 -1 0
vn 0 -1 0
vn 0 -1 0
vn 0 -1 0
vn 0 -1 0
vn 0 -1 0
vn 0 -1 0
vn 0 -1 0
vn 0 -1 0
vn 0 -1 0
vn 0 -1 0
vn 0 -1 0
vn 0 -1 0
vn 0 -1 0
vn 0 -1 0
vn 0 -1 0
vn 0 -1 0
vn 0 -1 0
vn 0 -1 0
vn 0 -1 0
vn 0 -1 0
vn 0 -1 0
vn 0 -1 0
vn 0 -1 0
vn 0 -1 0
vn 1.110223024625157e-16 -1 0
vn 0 -1 0
vn 0 -1 0
vn 0 -1 0
vn 0 -1 0
vn 2.220446049250313e-16 -1 0
vn 0 -1 0
vn 0 -1 0
vn 0 0 1
vn 0 0 1
vn 0 0 1
vn 0 0 1
vn 0.1184030696749687 0 0.9929656386375427
vn 0.1184030696749687 0 0.9929656386375427
vn 0.2508302927017212 0 0.9680310487747192
vn 0.2508302927017212 0 0.9680310487747192
vn 0.3915119469165802 0 0.9201730489730835
vn 0.5309988856315613 0 0.8473725318908691
vn 0.5309988856315613 0 0.8473725318908691
vn 0.6584216952323914 0 0.7526492476463318
vn 0.6584216952323914 0 0.7526492476463318
vn 0.7652092576026917 0 0.6437816619873047
vn 0.7652092576026917 0 0.6437816619873047
vn 0.8477137088775635 0 0.5304540395736694
vn 0.8477137088775635 0 0.5304540395736694
vn 0.9951581358909607 0 0.09828664362430573
vn 0.9951581358909607 0 0.09828664362430573
vn 1 0 0
vn 1 0 0
vn 0.9780272245407104 0 -0.2084773331880569
vn 0.9780272245407104 0 -0.2084773331880569
vn 0.892603874206543 0 -0.4508417546749115
vn 0.892603874206543 0 -0.4508417546749115
vn 0.7897476553916931 0 -0.6134318709373474
vn 0.7897476553916931 0 -0.6134318709373474
vn 0.7149019241333008 0 -0.6992247104644775
vn 0.7149019241333008 0 -0.6992247104644775
vn 0.4159883856773376 0 -0.909369945526123
vn 0.3047235310077667 0 -0.9524408578872681
vn 0.1959396749734879 0 -0.9806159734725952
vn 0.09355541318655014 0 -0.9956140518188477
vn 0 0 -1
vn 0 0 -1
vn 0 0 -1
vn 0 0 1
vn 0 0 1
vn 0 0 1
vn 0.9070830345153809 0 0.4209517240524292
vn 0.9497448205947876 0 0.3130252063274384
vn 0.9790381193161011 0 0.2036769688129425
vn 0.9909989833831787 0 -0.133869394659996
vn 0.9578793048858643 0 -0.2871710658073425
vn 0.9295981526374817 0 -0.3685747087001801
vn 0.8468788266181946 0 -0.5317859053611755
vn 0.6257603764533997 0 -0.7800153493881226
vn 0.5247244238853455 0 -0.8512721657752991
vn 0.4159883856773376 0 -0.909369945526123
vn 0.3047235310077667 0 -0.9524408578872681
vn 0.1959396749734879 0 -0.9806159734725952
vn 0 0 -1
vn 0 0 -1
vn 0 0 -1
vn 0 0 -1
vn 0 0 -1
vn 0 0 -1
vn 0 0 -1
vn 0 0 -1
vn 0.09355541318655014 0 -0.9956140518188477
vn 0.5247244238853455 0 -0.8512721657752991
vn 0.6257603764533997 0 -0.7800153493881226
vn 0.8468788266181946 0 -0.5317859053611755
vn 0.9295981526374817 0 -0.3685747087001801
vn 0.9578793048858643 0 -0.2871710658073425
vn 0.9909989833831787 0 -0.133869394659996
vn 0.9790381193161011 0 0.2036769688129425
vn 0.9497448205947876 0 0.3130252063274384
vn 0.9070830345153809 0 0.4209517240524292
vn 0.3915119469165802 0 0.9201730489730835
vn 0 0 1
vn 0 0 1
vn 0 0 1
vn 0 0 1
vn -1 0 0
vn -1 0 0
vn -1 0 0
vn -1 0 0
vn -1 0 0
vn -1 0 0
vn 0 0 1
vn 0 0 1
vn 0 0 1
vn 0 0 1
vn -0.08380242437124252 0 0.9964823722839355
vn -0.08380242437124252 0 0.9964823722839355
vn -0.1786760538816452 0 0.98390793800354
vn -0.1786760538816452 0 0.98390793800354
vn -0.2838102281093597 0 0.9588804841041565
vn -0.2838102281093597 0 0.9588804841041565
vn -0.3966121077537537 0 0.917986273765564
vn -0.3966121077537537 0 0.917986273765564
vn -0.5123493671417236 0 0.8587771058082581
vn -0.5123493671417236 0 0.8587771058082581
vn -0.6245281100273132 0 0.7810023427009583
vn -0.6245281100273132 0 0.7810023427009583
vn -0.7262514233589172 0 0.6874291300773621
vn -0.7262514233589172 0 0.6874291300773621
vn -0.8120949864387512 0 0.5835252404212952
vn -0.8120949864387512 0 0.5835252404212952
vn -0.9124846458435059 0 0.4091109931468964
vn -0.9124846458435059 0 0.4091109931468964
vn -0.9687835574150085 0 0.2479080557823181
vn -0.9687835574150085 0 0.2479080557823181
vn -0.9938023090362549 0 0.1111617237329483
vn -0.9938023090362549 0 0.1111617237329483
vn -1 0 0
vn -1 0 0
vn -0.9952898621559143 0 -0.09694381803274155
vn -0.9952898621559143 0 -0.09694381803274155
vn -0.9829521775245667 0 -0.1838615536689758
vn -0.9829521775245667 0 -0.1838615536689758
vn -0.9652465581893921 0 -0.2613409459590912
vn -0.9652465581893921 0 -0.2613409459590912
vn -0.9370030164718628 0 -0.3493213057518005
vn -0.9370030164718628 0 -0.3493213057518005
vn -0.8944268822669983 0 -0.4472141563892365
vn -0.8944268822669983 0 -0.4472141563892365
vn -0.8320503234863281 0 -0.5547001957893372
vn -0.8320503234863281 0 -0.5547001957893372
vn -0.7401207089424133 0 -0.6724740266799927
vn -0.7401207089424133 0 -0.6724740266799927
vn -0.6196442842483521 0 -0.7848827838897705
vn -0.6196442842483521 0 -0.7848827838897705
vn -0.4753417372703552 0 -0.8798012733459473
vn -0.4753417372703552 0 -0.8798012733459473
vn -0.3074304759502411 0 -0.9515705704689026
vn -0.3074304759502411 0 -0.9515705704689026
vn -0.125505730509758 0 -0.9920929074287415
vn -0.125505730509758 0 -0.9920929074287415
vn 0 0 -1
vn 0 0 -1
vn 0 0 -1
vn 0 0 1
vn 1 0 0
vn 1 0 0
vn 1 0 0
vn 1 0 0
vn 1 0 0
vn 0 0 -1
vn 0 0 -1
vn 0 0 -1
vn 0 0 -1
vn 0 0 -1
vn 0 1 0
vn 0 1 0
vn 0 1 0
vn 0 1 0
vn 0 1 0
vn 0 1 0
vn 0 1 0
vn 0 1 0
vn 0 1 0
vn 0 1 0
vn 0 1 0
vn 0 1 0
vn 0 1 0
vn 0 1 0
vn 0 1 0
vn 0 1 0
vn 0 1 0
vn 0 1 0
vn 0 1 0
vn 0 1 0
vn 0 1 0
vn 0 1 0
vn 0 1 0
vn 0 1 0
vn 0 1 0
vn 0 1 0
vn 0 1 0
vn 0 1 0
vn 0 1 0
vn 0 1 0
vn 0 1 0
vn 0 1 0
vn 0 1 0
vn 0 1 0
vn 0 1 0
vn 0 1 0
vn 0 1 0
vn 0 1 0
vn 0 1 0
vn 0 1 0
vn 0 1 0
vn 0 1 0
vn 0 1 0
vn 0 1 0
vn 0 1 0
vn 0 1 0
vn 0 1 0
vn 0 1 0
vn 0 1 0
vn 0 1 0
vn 0 1 0
vn 0 1 0
vn 0 1 0
vn 0 1 0
vn 0 1 0
vn 0 1 0
vn 0 1 0
vn 0 1 0
vn 0 1 0
vn 0 1 0
vn 0 1 0
vn 0 1 0
vn 0 1 0
vn -2.220446049250313e-16 1 0
vn 0 1 0
vn 0 1 0
vn 0 1 0
vn 0 1 0
vn 0 1 0
vn 0 1 0
vn 0 1 0
f 3554/3554/3554 3491/3491/3491 3492/3492/3492
f 3553/3553/3553 3493/3493/3493 3494/3494/3494
f 3553/3553/3553 3492/3492/3492 3493/3493/3493
f 3553/3553/3553 3555/3555/3555 3554/3554/3554
f 3492/3492/3492 3553/3553/3553 3554/3554/3554
f 3551/3551/3551 3552/3552/3552 3495/3495/3495
f 3494/3494/3494 3552/3552/3552 3553/3553/3553
f 3552/3552/3552 3494/3494/3494 3495/3495/3495
f 3555/3555/3555 3491/3491/3491 3554/3554/3554
f 3496/3496/3496 3550/3550/3550 3551/3551/3551
f 3495/3495/3495 3496/3496/3496 3551/3551/3551
f 3497/3497/3497 3550/3550/3550 3496/3496/3496
f 3498/3498/3498 3549/3549/3549 3497/3497/3497
f 3497/3497/3497 3549/3549/3549 3550/3550/3550
f 3548/3548/3548 3499/3499/3499 3547/3547/3547
f 3547/3547/3547 3500/3500/3500 3546/3546/3546
f 3548/3548/3548 3549/3549/3549 3498/3498/3498
f 3498/3498/3498 3499/3499/3499 3548/3548/3548
f 3526/3526/3526 3491/3491/3491 3555/3555/3555 3556/3556/3556
f 3553/3553/3553 3527/3527/3527 3556/3556/3556 3555/3555/3555
f 3526/3526/3526 3557/3557/3557 3558/3558/3558
f 3527/3527/3527 3558/3558/3558 3557/3557/3557
f 3557/3557/3557 3556/3556/3556 3527/3527/3527
f 3526/3526/3526 3556/3556/3556 3557/3557/3557
f 3525/3525/3525 3526/3526/3526 3558/3558/3558
f 3524/3524/3524 3527/3527/3527 3523/3523/3523
f 3527/3527/3527 3528/3528/3528 3523/3523/3523
f 3525/3525/3525 3527/3527/3527 3524/3524/3524
f 3525/3525/3525 3558/3558/3558 3527/3527/3527
f 3521/3521/3521 3529/3529/3529 3530/3530/3530
f 3519/3519/3519 3531/3531/3531 3532/3532/3532
f 3520/3520/3520 3530/3530/3530 3531/3531/3531
f 3523/3523/3523 3528/3528/3528 3522/3522/3522
f 3522/3522/3522 3528/3528/3528 3529/3529/3529
f 3529/3529/3529 3521/3521/3521 3522/3522/3522
f 3521/3521/3521 3530/3530/3530 3520/3520/3520
f 3520/3520/3520 3531/3531/3531 3519/3519/3519
f 3518/3518/3518 3519/3519/3519 3532/3532/3532
f 3546/3546/3546 3500/3500/3500 3501/3501/3501
f 3546/3546/3546 3501/3501/3501 3545/3545/3545
f 3501/3501/3501 3502/3502/3502 3545/3545/3545
f 3502/3502/3502 3544/3544/3544 3545/3545/3545
f 3543/3543/3543 3559/3559/3559 3542/3542/3542
f 3559/3559/3559 3541/3541/3541 3542/3542/3542
f 3503/3503/3503 3543/3543/3543 3544/3544/3544
f 3544/3544/3544 3502/3502/3502 3503/3503/3503
f 3504/3504/3504 3559/3559/3559 3503/3503/3503
f 3559/3559/3559 3504/3504/3504 3505/3505/3505
f 3505/3505/3505 3506/3506/3506 3559/3559/3559
f 3508/3508/3508 3559/3559/3559 3507/3507/3507
f 3506/3506/3506 3507/3507/3507 3559/3559/3559
f 3509/3509/3509 3560/3560/3560 3559/3559/3559
f 3509/3509/3509 3510/3510/3510 3560/3560/3560
f 3559/3559/3559 3508/3508/3508 3509/3509/3509
f 3543/3543/3543 3503/3503/3503 3559/3559/3559
f 3559/3559/3559 3560/3560/3560 3541/3541/3541
f 3536/3536/3536 3561/3561/3561 3535/3535/3535
f 3538/3538/3538 3561/3561/3561 3537/3537/3537
f 3537/3537/3537 3561/3561/3561 3536/3536/3536
f 3516/3516/3516 3517/3517/3517 3533/3533/3533
f 3518/3518/3518 3533/3533/3533 3517/3517/3517
f 3533/3533/3533 3534/3534/3534 3516/3516/3516
f 3534/3534/3534 3535/3535/3535 3515/3515/3515
f 3532/3532/3532 3533/3533/3533 3518/3518/3518
f 3560/3560/3560 3538/3538/3538 3539/3539/3539
f 3538/3538/3538 3560/3560/3560 3561/3561/3561
f 3541/3541/3541 3560/3560/3560 3540/3540/3540
f 3560/3560/3560 3511/3511/3511 3512/3512/3512
f 3560/3560/3560 3510/3510/3510 3511/3511/3511
f 3561/3561/3561 3560/3560/3560 3512/3512/3512
f 3516/3516/3516 3534/3534/3534 3515/3515/3515
f 3515/3515/3515 3535/3535/3535 3561/3561/3561
f 3515/3515/3515 3561/3561/3561 3514/3514/3514
f 3513/3513/3513 3514/3514/3514 3561/3561/3561
f 3513/3513/3513 3561/3561/3561 3512/3512/3512
f 3560/3560/3560 3539/3539/3539 3540/3540/3540
f 3500/3500/3500 3547/3547/3547 3499/3499/3499
f 3635/3635/3635 3562/3562/3562 3598/3598/3598
f 3600/3600/3600 3632/3632/3632 3633/3633/3633 3599/3599/3599
f 3599/3599/3599 3633/3633/3633 3634/3634/3634 3598/3598/3598
f 3566/3566/3566 3567/3567/3567 3565/3565/3565 3564/3564/3564
f 3568/3568/3568 3570/3570/3570 3631/3631/3631 3569/3569/3569
f 3570/3570/3570 3571/3571/3571 3572/3572/3572 3631/3631/3631
f 3568/3568/3568 3569/3569/3569 3567/3567/3567 3566/3566/3566
f 3564/3564/3564 3565/3565/3565 3632/3632/3632 3600/3600/3600
f 3575/3575/3575 3576/3576/3576 3574/3574/3574 3573/3573/3573
f 3601/3601/3601 3630/3630/3630 3578/3578/3578 3577/3577/3577
f 3577/3577/3577 3578/3578/3578 3576/3576/3576 3575/3575/3575
f 3602/3602/3602 3603/3603/3603 3628/3628/3628 3629/3629/3629
f 3581/3581/3581 3582/3582/3582 3580/3580/3580 3579/3579/3579
f 3581/3581/3581 3604/3604/3604 3627/3627/3627 3582/3582/3582
f 3603/3603/3603 3579/3579/3579 3580/3580/3580 3628/3628/3628
f 3601/3601/3601 3602/3602/3602 3629/3629/3629 3630/3630/3630
f 3573/3573/3573 3574/3574/3574 3572/3572/3572 3571/3571/3571
f 3634/3634/3634 3563/3563/3563 3635/3635/3635
f 3598/3598/3598 3634/3634/3634 3635/3635/3635
f 3604/3604/3604 3583/3583/3583 3584/3584/3584 3627/3627/3627
f 3583/3583/3583 3605/3605/3605 3626/3626/3626 3584/3584/3584
f 3606/3606/3606 3585/3585/3585 3586/3586/3586 3625/3625/3625
f 3605/3605/3605 3606/3606/3606 3625/3625/3625 3626/3626/3626
f 3587/3587/3587 3588/3588/3588 3624/3624/3624 3607/3607/3607
f 3589/3589/3589 3608/3608/3608 3623/3623/3623 3590/3590/3590
f 3608/3608/3608 3609/3609/3609 3622/3622/3622 3623/3623/3623
f 3589/3589/3589 3590/3590/3590 3588/3588/3588 3587/3587/3587
f 3607/3607/3607 3624/3624/3624 3586/3586/3586 3585/3585/3585
f 3610/3610/3610 3611/3611/3611 3592/3592/3592 3591/3591/3591
f 3612/3612/3612 3594/3594/3594 3621/3621/3621 3593/3593/3593
f 3611/3611/3611 3612/3612/3612 3593/3593/3593 3592/3592/3592
f 3613/3613/3613 3614/3614/3614 3620/3620/3620 3595/3595/3595
f 3615/3615/3615 3616/3616/3616 3618/3618/3618 3619/3619/3619
f 3617/3617/3617 3616/3616/3616 3596/3596/3596
f 3614/3614/3614 3615/3615/3615 3619/3619/3619 3620/3620/3620
f 3594/3594/3594 3613/3613/3613 3595/3595/3595 3621/3621/3621
f 3609/3609/3609 3610/3610/3610 3591/3591/3591 3622/3622/3622
f 3617/3617/3617 3597/3597/3597 3618/3618/3618
f 3618/3618/3618 3616/3616/3616 3617/3617/3617
f 3640/3640/3640 3636/3636/3636 3638/3638/3638 3641/3641/3641
f 3637/3637/3637 3640/3640/3640 3641/3641/3641 3639/3639/3639
f 3695/3695/3695 3642/3642/3642 3644/3644/3644
f 3646/3646/3646 3647/3647/3647 3645/3645/3645 3644/3644/3644
f 3650/3650/3650 3651/3651/3651 3649/3649/3649 3648/3648/3648
f 3652/3652/3652 3653/3653/3653 3651/3651/3651 3650/3650/3650
f 3648/3648/3648 3649/3649/3649 3647/3647/3647 3646/3646/3646
f 3656/3656/3656 3657/3657/3657 3655/3655/3655 3654/3654/3654
f 3658/3658/3658 3659/3659/3659 3657/3657/3657 3656/3656/3656
f 3662/3662/3662 3663/3663/3663 3661/3661/3661 3660/3660/3660
f 3666/3666/3666 3667/3667/3667 3665/3665/3665 3664/3664/3664
f 3664/3664/3664 3665/3665/3665 3663/3663/3663 3662/3662/3662
f 3660/3660/3660 3661/3661/3661 3659/3659/3659 3658/3658/3658
f 3654/3654/3654 3655/3655/3655 3653/3653/3653 3652/3652/3652
f 3643/3643/3643 3695/3695/3695 3645/3645/3645
f 3645/3645/3645 3695/3695/3695 3644/3644/3644
f 3667/3667/3667 3666/3666/3666 3668/3668/3668 3669/3669/3669
f 3670/3670/3670 3671/3671/3671 3669/3669/3669 3668/3668/3668
f 3672/3672/3672 3673/3673/3673 3671/3671/3671 3670/3670/3670
f 3676/3676/3676 3677/3677/3677 3675/3675/3675 3674/3674/3674
f 3678/3678/3678 3679/3679/3679 3677/3677/3677 3676/3676/3676
f 3674/3674/3674 3675/3675/3675 3673/3673/3673 3672/3672/3672
f 3682/3682/3682 3683/3683/3683 3681/3681/3681 3680/3680/3680
f 3684/3684/3684 3685/3685/3685 3683/3683/3683 3682/3682/3682
f 3688/3688/3688 3689/3689/3689 3687/3687/3687 3686/3686/3686
f 3694/3694/3694 3690/3690/3690 3692/3692/3692
f 3690/3690/3690 3691/3691/3691 3689/3689/3689 3688/3688/3688
f 3686/3686/3686 3687/3687/3687 3685/3685/3685 3684/3684/3684
f 3680/3680/3680 3681/3681/3681 3679/3679/3679 3678/3678/3678
f 3694/3694/3694 3693/3693/3693 3691/3691/3691
f 3690/3690/3690 3694/3694/3694 3691/3691/3691
f 3697/3697/3697 3696/3696/3696 3700/3700/3700 3699/3699/3699
f 3696/3696/3696 3698/3698/3698 3700/3700/3700
f 3703/3703/3703 3705/3705/3705 3701/3701/3701
f 3702/3702/3702 3705/3705/3705 3704/3704/3704
f 3703/3703/3703 3704/3704/3704 3705/3705/3705
f 3769/3769/3769 3707/3707/3707 3706/3706/3706
f 3767/3767/3767 3709/3709/3709 3708/3708/3708
f 3767/3767/3767 3708/3708/3708 3707/3707/3707
f 3767/3767/3767 3769/3769/3769 3770/3770/3770
f 3707/3707/3707 3769/3769/3769 3767/3767/3767
f 3765/3765/3765 3710/3710/3710 3766/3766/3766
f 3709/3709/3709 3767/3767/3767 3766/3766/3766
f 3766/3766/3766 3710/3710/3710 3709/3709/3709
f 3770/3770/3770 3769/3769/3769 3706/3706/3706
f 3711/3711/3711 3765/3765/3765 3764/3764/3764
f 3710/3710/3710 3765/3765/3765 3711/3711/3711
f 3712/3712/3712 3711/3711/3711 3764/3764/3764
f 3713/3713/3713 3712/3712/3712 3763/3763/3763
f 3712/3712/3712 3764/3764/3764 3763/3763/3763
f 3762/3762/3762 3761/3761/3761 3714/3714/3714
f 3761/3761/3761 3760/3760/3760 3715/3715/3715
f 3762/3762/3762 3713/3713/3713 3763/3763/3763
f 3713/3713/3713 3762/3762/3762 3714/3714/3714
f 3741/3741/3741 3771/3771/3771 3770/3770/3770 3706/3706/3706
f 3767/3767/3767 3770/3770/3770 3771/3771/3771 3768/3768/3768
f 3741/3741/3741 3773/3773/3773 3772/3772/3772
f 3768/3768/3768 3772/3772/3772 3773/3773/3773
f 3772/3772/3772 3768/3768/3768 3771/3771/3771
f 3741/3741/3741 3772/3772/3772 3771/3771/3771
f 3740/3740/3740 3773/3773/3773 3741/3741/3741
f 3739/3739/3739 3738/3738/3738 3768/3768/3768
f 3768/3768/3768 3738/3738/3738 3742/3742/3742
f 3740/3740/3740 3739/3739/3739 3768/3768/3768
f 3740/3740/3740 3768/3768/3768 3773/3773/3773
f 3736/3736/3736 3744/3744/3744 3743/3743/3743
f 3734/3734/3734 3746/3746/3746 3745/3745/3745
f 3735/3735/3735 3745/3745/3745 3744/3744/3744
f 3738/3738/3738 3737/3737/3737 3742/3742/3742
f 3737/3737/3737 3743/3743/3743 3742/3742/3742
f 3743/3743/3743 3737/3737/3737 3736/3736/3736
f 3736/3736/3736 3735/3735/3735 3744/3744/3744
f 3735/3735/3735 3734/3734/3734 3745/3745/3745
f 3733/3733/3733 3746/3746/3746 3734/3734/3734
f 3760/3760/3760 3716/3716/3716 3715/3715/3715
f 3760/3760/3760 3759/3759/3759 3716/3716/3716
f 3716/3716/3716 3759/3759/3759 3717/3717/3717
f 3717/3717/3717 3759/3759/3759 3758/3758/3758
f 3757/3757/3757 3756/3756/3756 3774/3774/3774
f 3774/3774/3774 3756/3756/3756 3755/3755/3755
f 3718/3718/3718 3758/3758/3758 3757/3757/3757
f 3758/3758/3758 3718/3718/3718 3717/3717/3717
f 3719/3719/3719 3718/3718/3718 3774/3774/3774
f 3774/3774/3774 3720/3720/3720 3719/3719/3719
f 3720/3720/3720 3774/3774/3774 3721/3721/3721
f 3723/3723/3723 3722/3722/3722 3774/3774/3774
f 3721/3721/3721 3774/3774/3774 3722/3722/3722
f 3724/3724/3724 3774/3774/3774 3775/3775/3775
f 3724/3724/3724 3775/3775/3775 3725/3725/3725
f 3774/3774/3774 3724/3724/3724 3723/3723/3723
f 3757/3757/3757 3774/3774/3774 3718/3718/3718
f 3774/3774/3774 3755/3755/3755 3775/3775/3775
f 3750/3750/3750 3749/3749/3749 3776/3776/3776
f 3752/3752/3752 3751/3751/3751 3776/3776/3776
f 3751/3751/3751 3750/3750/3750 3776/3776/3776
f 3731/3731/3731 3747/3747/3747 3732/3732/3732
f 3733/3733/3733 3732/3732/3732 3747/3747/3747
f 3747/3747/3747 3731/3731/3731 3748/3748/3748
f 3748/3748/3748 3730/3730/3730 3749/3749/3749
f 3746/3746/3746 3733/3733/3733 3747/3747/3747
f 3775/3775/3775 3753/3753/3753 3752/3752/3752
f 3752/3752/3752 3776/3776/3776 3775/3775/3775
f 3755/3755/3755 3754/3754/3754 3775/3775/3775
f 3775/3775/3775 3727/3727/3727 3726/3726/3726
f 3775/3775/3775 3726/3726/3726 3725/3725/3725
f 3776/3776/3776 3727/3727/3727 3775/3775/3775
f 3731/3731/3731 3730/3730/3730 3748/3748/3748
f 3730/3730/3730 3776/3776/3776 3749/3749/3749
f 3730/3730/3730 3729/3729/3729 3776/3776/3776
f 3728/3728/3728 3776/3776/3776 3729/3729/3729
f 3728/3728/3728 3727/3727/3727 3776/3776/3776
f 3775/3775/3775 3754/3754/3754 3753/3753/3753
f 3715/3715/3715 3714/3714/3714 3761/3761/3761
g object_19
v 660.1788940429688 -18.32500076293945 -491.1213989257812
v 660.1788940429688 -18.32500076293945 -549.5670166015625
v 660.1788940429688 -18.32500076293945 -608.0126953125
v 636.9450073242188 -18.32500076293945 -608.1298828125
v 613.7110595703125 -18.32500076293945 -608.2471313476562
v 613.4264526367188 -18.32500076293945 -570.4234008789062
v 613.1419067382812 -18.32500076293945 -532.5996704101562
v 612.8572998046875 -18.32500076293945 -494.7759399414062
v 612.8671264648438 -18.32500076293945 -494.5093994140625
v 612.9083251953125 -18.32500076293945 -494.2019958496094
v 612.9788208007812 -18.32500076293945 -493.907958984375
v 613.0814819335938 -18.32500076293945 -493.6152954101562
v 613.2168579101562 -18.32500076293945 -493.3291625976562
v 613.38427734375 -18.32500076293945 -493.054931640625
v 613.5820922851562 -18.32500076293945 -492.7979431152344
v 613.8073120117188 -18.32500076293945 -492.56298828125
v 614.0559692382812 -18.32500076293945 -492.3543090820312
v 614.323486328125 -18.32500076293945 -492.175048828125
v 614.6087646484375 -18.32500076293945 -492.0254821777344
v 614.9063720703125 -18.32500076293945 -491.9080505371094
v 615.2069702148438 -18.32500076293945 -491.82470703125
v 615.5052490234375 -18.32500076293945 -491.7741088867188
v 615.814453125 -18.32500076293945 -491.7536926269531
v 630.6026000976562 -18.32500076293945 -491.5429077148438
v 645.3907470703125 -18.32500076293945 -491.3321533203125
v 660.1788940429688 0 -608.0126953125
v 636.9450073242188 0 -608.1298828125
v 613.7110595703125 0 -608.2471313476562
v 613.4264526367188 0 -570.4234008789062
v 613.1419067382812 0 -532.5996704101562
v 612.8572998046875 0 -494.7759399414062
v 612.8671264648438 0 -494.5093994140625
v 612.9083251953125 0 -494.2019958496094
v 612.9788208007812 0 -493.907958984375
v 613.0814819335938 0 -493.6152954101562
v 613.2168579101562 0 -493.3291625976562
v 613.38427734375 0 -493.054931640625
v 613.5820922851562 0 -492.7979431152344
v 613.8073120117188 0 -492.56298828125
v 614.0559692382812 0 -492.3543090820312
v 614.323486328125 0 -492.175048828125
v 614.6087646484375 0 -492.0254821777344
v 614.9063720703125 0 -491.9080505371094
v 615.2069702148438 0 -491.82470703125
v 615.5052490234375 0 -491.7741088867188
v 615.814453125 0 -491.7536926269531
v 630.6026000976562 0 -491.5429077148438
v 645.3907470703125 0 -491.3321533203125
v 660.1788940429688 0 -491.1213989257812
v 660.1788940429688 0 -549.5670166015625
v 660.1788940429688 0 -608.0126953125
v 660.1788940429688 -18.32500076293945 -608.0126953125
v 660.1788940429688 0 -491.1213989257812
v 660.1788940429688 -18.32500076293945 -491.1213989257812
v 660.1788940429688 0 -549.5670166015625
v 660.1788940429688 -9.162500381469727 -491.1213989257812
v 660.1788940429688 -18.32500076293945 -549.5670166015625
v 613.7110595703125 0 -608.2471313476562
v 613.7110595703125 -18.32500076293945 -608.2471313476562
v 660.1788940429688 0 -608.0126953125
v 660.1788940429688 -18.32500076293945 -608.0126953125
v 636.9450073242188 0 -608.1298828125
v 636.9450073242188 -18.32500076293945 -608.1298828125
v 612.8572998046875 0 -494.7759399414062
v 612.8572998046875 -18.32500076293945 -494.7759399414062
v 613.7110595703125 0 -608.2471313476562
v 613.7110595703125 -18.32500076293945 -608.2471313476562
v 613.1419067382812 0 -532.5996704101562
v 613.4264526367188 0 -570.4234008789062
v 613.4264526367188 -18.32500076293945 -570.4234008789062
v 613.1419067382812 -18.32500076293945 -532.5996704101562
v 615.814453125 0 -491.7536926269531
v 615.814453125 -18.32500076293945 -491.7536926269531
v 615.5052490234375 0 -491.7741088867188
v 615.5052490234375 -18.32500076293945 -491.7741088867188
v 615.2069702148438 0 -491.82470703125
v 615.2069702148438 -18.32500076293945 -491.82470703125
v 614.9063720703125 0 -491.9080505371094
v 614.9063720703125 -18.32500076293945 -491.9080505371094
v 614.6087646484375 0 -492.0254821777344
v 614.6087646484375 -18.32500076293945 -492.0254821777344
v 614.323486328125 0 -492.175048828125
v 614.323486328125 -18.32500076293945 -492.175048828125
v 614.0559692382812 0 -492.3543090820312
v 614.0559692382812 -18.32500076293945 -492.3543090820312
v 613.8073120117188 0 -492.56298828125
v 613.8073120117188 -18.32500076293945 -492.56298828125
v 613.5820922851562 0 -492.7979431152344
v 613.5820922851562 -18.32500076293945 -492.7979431152344
v 613.38427734375 0 -493.054931640625
v 613.38427734375 -18.32500076293945 -493.054931640625
v 613.2168579101562 0 -493.3291625976562
v 613.2168579101562 -18.32500076293945 -493.3291625976562
v 613.0814819335938 0 -493.6152954101562
v 613.0814819335938 -18.32500076293945 -493.6152954101562
v 612.9788208007812 0 -493.907958984375
v 612.9788208007812 -18.32500076293945 -493.907958984375
v 612.9083251953125 0 -494.2019958496094
v 612.9083251953125 -18.32500076293945 -494.2019958496094
v 612.8671264648438 0 -494.5093994140625
v 612.8671264648438 -18.32500076293945 -494.5093994140625
v 612.8572998046875 0 -494.7759399414062
v 612.8572998046875 -18.32500076293945 -494.7759399414062
v 660.1788940429688 0 -491.1213989257812
v 660.1788940429688 -18.32500076293945 -491.1213989257812
v 615.814453125 0 -491.7536926269531
v 615.814453125 -18.32500076293945 -491.7536926269531
v 645.3907470703125 0 -491.3321533203125
v 630.6026000976562 0 -491.5429077148438
v 660.1788940429688 -9.162500381469727 -491.1213989257812
v 630.6026000976562 -18.32500076293945 -491.5429077148438
v 645.3907470703125 -18.32500076293945 -491.3321533203125
vt 0.9910471439361572 0.8726242184638977
vt 0.6173958778381348 0.8726242184638977
vt 0.2437446415424347 0.8726242184638977
vt 0.2429953068494797 0.7245136499404907
vt 0.2422460168600082 0.5764030814170837
vt 0.4840583503246307 0.5745889544487
vt 0.725870668888092 0.5727747678756714
vt 0.9676830172538757 0.5709606409072876
vt 0.9693871736526489 0.5710234642028809
vt 0.9713524580001831 0.5712859034538269
vt 0.9732322692871094 0.5717352032661438
vt 0.9751033782958984 0.5723897218704224
vt 0.9769326448440552 0.5732526183128357
vt 0.9786856770515442 0.5743201375007629
vt 0.9803287982940674 0.5755809545516968
vt 0.9818307757377625 0.5770165920257568
vt 0.9831649661064148 0.5786020159721375
vt 0.9843108654022217 0.5803073048591614
vt 0.985267162322998 0.5821259021759033
vt 0.9860179424285889 0.5840229988098145
vt 0.9865507483482361 0.5859391093254089
vt 0.9868742823600769 0.5878407955169678
vt 0.987004816532135 0.5898118019104004
vt 0.9883522391319275 0.6840826272964478
vt 0.9896997213363647 0.7783534526824951
vt 0.2437446415424347 0.5664777159690857
vt 0.2429953068494797 0.4183671772480011
vt 0.2422460168600082 0.2702565789222717
vt 0.4840583503246307 0.2684424519538879
vt 0.725870668888092 0.2666282951831818
vt 0.9676830172538757 0.2648141384124756
vt 0.9693871736526489 0.2648769617080688
vt 0.9713524580001831 0.2651394009590149
vt 0.9732322692871094 0.2655887007713318
vt 0.9751033782958984 0.2662432193756104
vt 0.9769326448440552 0.2671061158180237
vt 0.9786856770515442 0.2681736350059509
vt 0.9803287982940674 0.2694344818592072
vt 0.9818307757377625 0.2708700597286224
vt 0.9831649661064148 0.2724554836750031
vt 0.9843108654022217 0.2741608321666718
vt 0.985267162322998 0.2759793698787689
vt 0.9860179424285889 0.2778765261173248
vt 0.9865507483482361 0.2797926068305969
vt 0.9868742823600769 0.2816942930221558
vt 0.987004816532135 0.2836653292179108
vt 0.9883522391319275 0.3779361248016357
vt 0.9896997213363647 0.4722069501876831
vt 0.9910471439361572 0.5664777159690857
vt 0.6173958778381348 0.5664777159690857
vt 0.2347579747438431 0.1474351584911346
vt 0.2347579747438431 0.2633492946624756
vt 0.9834937453269958 0.1474351584911346
vt 0.9834937453269958 0.2633492946624756
vt 0.6091258525848389 0.1474351584911346
vt 0.9834937453269958 0.2053922265768051
vt 0.6091258525848389 0.2633492946624756
vt 0.1159141436219215 0
vt 0 0
vt 0.1159141436219215 0.2976491153240204
vt 0 0.2976491153240204
vt 0.1159141436219215 0.1488245576620102
vt 0 0.1488245576620102
vt 0.2332931309938431 0
vt 0.1173789873719215 0
vt 0.2332931309938431 0.7268489003181458
vt 0.1173789873719215 0.7268489003181458
vt 0.2332931309938431 0.2422829866409302
vt 0.2332931309938431 0.4845659732818604
vt 0.1173789873719215 0.4845659732818604
vt 0.1173789873719215 0.2422829866409302
vt 0.3521369695663452 0
vt 0.2347579747438431 0
vt 0.3521369695663452 0.002054271753877401
vt 0.2347579747438431 0.002054271753877401
vt 0.3521369695663452 0.003988988231867552
vt 0.2347579747438431 0.003988988231867552
vt 0.3521369695663452 0.00592370517551899
vt 0.2347579747438431 0.00592370517551899
vt 0.3521369695663452 0.00785842165350914
vt 0.2347579747438431 0.00785842165350914
vt 0.3521369695663452 0.009767964482307434
vt 0.2347579747438431 0.009767964482307434
vt 0.3521369695663452 0.01165029965341091
vt 0.2347579747438431 0.01165029965341091
vt 0.3521369695663452 0.01353263482451439
vt 0.2347579747438431 0.01353263482451439
vt 0.3521369695663452 0.01541497092694044
vt 0.2347579747438431 0.01541497092694044
vt 0.3521369695663452 0.01729730702936649
vt 0.2347579747438431 0.01729730702936649
vt 0.3521369695663452 0.01917964220046997
vt 0.2347579747438431 0.01917964220046997
vt 0.3521369695663452 0.02106197737157345
vt 0.2347579747438431 0.02106197737157345
vt 0.3521369695663452 0.02294431254267693
vt 0.2347579747438431 0.02294431254267693
vt 0.3521369695663452 0.0248266477137804
vt 0.2347579747438431 0.0248266477137804
vt 0.3521369695663452 0.02681838348507881
vt 0.2347579747438431 0.02681838348507881
vt 0.3521369695663452 0.02859131991863251
vt 0.2347579747438431 0.02859131991863251
vt 0.2347579747438431 0.03005616366863251
vt 0.2347579747438431 0.1459703147411346
vt 0.5189589262008667 0.03005616366863251
vt 0.5189589262008667 0.1459703147411346
vt 0.3294916450977325 0.03005616366863251
vt 0.4242253005504608 0.03005616366863251
vt 0.2347579747438431 0.08801323920488358
vt 0.4242253005504608 0.1459703147411346
vt 0.3294916450977325 0.1459703147411346
vn 0 -1 0
vn 0 -1 0
vn 0 -1 0
vn 0 -1 0
vn 0 -1 0
vn 0 -1 0
vn 0 -1 0
vn 0 -1 0
vn 0 -1 0
vn 0 -1 0
vn 0 -1 0
vn 0 -1 0
vn 0 -1 0
vn 0 -1 0
vn 0 -1 0
vn 0 -1 0
vn 0 -1 0
vn 0 -1 0
vn 0 -1 0
vn 0 -1 0
vn 0 -1 0
vn 0 -1 0
vn 0 -1 0
vn 0 -1 0
vn 0 -1 0
vn 0 1 0
vn 0 1 0
vn 0 1 0
vn 0 1 0
vn 0 1 0
vn 0 1 0
vn 0 1 0
vn 0 1 0
vn 0 1 0
vn 0 1 0
vn 0 1 0
vn 0 1 0
vn 0 1 0
vn 0 1 0
vn 0 1 0
vn 0 1 0
vn 0 1 0
vn 0 1 0
vn 0 1 0
vn 0 1 0
vn 0 1 0
vn 0 1 0
vn 0 1 0
vn 0 1 0
vn 0 1 0
vn 1 0 0
vn 1 0 0
vn 1 0 0
vn 1 0 0
vn 1 0 0
vn 1 0 0
vn 1 0 0
vn 0.00504460372030735 0 -0.9999873042106628
vn 0.00504460372030735 0 -0.9999873042106628
vn 0.00504460372030735 0 -0.9999873042106628
vn 0.00504460372030735 0 -0.9999873042106628
vn 0.00504460372030735 0 -0.9999873042106628
vn 0.00504460372030735 0 -0.9999873042106628
vn -0.9999716877937317 0 -0.007523726671934128
vn -0.9999716877937317 0 -0.007523726671934128
vn -0.9999716877937317 0 -0.007523726671934128
vn -0.9999716877937317 0 -0.007523726671934128
vn -0.9999716877937317 0 -0.007523726671934128
vn -0.9999716877937317 0 -0.007523726671934128
vn -0.9999716877937317 0 -0.007523726671934128
vn -0.9999716877937317 0 -0.007523726671934128
vn -0.01425083354115486 0 0.9998984336853027
vn -0.01425083354115486 0 0.9998984336853027
vn -0.1173155307769775 0 0.9930946826934814
vn -0.1173155307769775 0 0.9930946826934814
vn -0.2167540043592453 0 0.976226270198822
vn -0.2167540043592453 0 0.976226270198822
vn -0.3169451057910919 0 0.9484438896179199
vn -0.3169451057910919 0 0.9484438896179199
vn -0.4161455929279327 0 0.9092980027198792
vn -0.4161455929279327 0 0.9092980027198792
vn -0.5112373232841492 0 0.8594395518302917
vn -0.5112373232841492 0 0.8594395518302917
vn -0.6004085540771484 0 0.7996934056282043
vn -0.6004085540771484 0 0.7996934056282043
vn -0.6833096742630005 0 0.7301287055015564
vn -0.6833096742630005 0 0.7301287055015564
vn -0.7583763599395752 0 0.6518169641494751
vn -0.7583763599395752 0 0.6518169641494751
vn -0.8243044018745422 0 0.5661468505859375
vn -0.8243044018745422 0 0.5661468505859375
vn -0.8801244497299194 0 0.4747430384159088
vn -0.8801244497299194 0 0.4747430384159088
vn -0.9252463579177856 0 0.3793667554855347
vn -0.9252463579177856 0 0.3793667554855347
vn -0.959470272064209 0 0.28180992603302
vn -0.959470272064209 0 0.28180992603302
vn -0.9829643964767456 0 0.1837961077690125
vn -0.9829643964767456 0 0.1837961077690125
vn -0.9966871738433838 0 0.08133033663034439
vn -0.9966871738433838 0 0.08133033663034439
vn -0.9999716877937317 0 -0.007523726671934128
vn -0.9999716877937317 0 -0.007523726671934128
vn -0.01425083354115486 0 0.9998984336853027
vn -0.01425083354115486 0 0.9998984336853027
vn -0.01425083354115486 0 0.9998984336853027
vn -0.01425083354115486 0 0.9998984336853027
vn -0.01425083354115486 0 0.9998984336853027
vn -0.01425083354115486 0 0.9998984336853027
vn -0.01425083354115486 0 0.9998984336853027
vn -0.01425083354115486 0 0.9998984336853027
vn -0.01425083354115486 0 0.9998984336853027
f 3788/3788/3788 3787/3787/3787 3784/3784/3784
f 3788/3788/3788 3784/3784/3784 3789/3789/3789
f 3791/3791/3791 3790/3790/3790 3784/3784/3784
f 3784/3784/3784 3790/3790/3790 3789/3789/3789
f 3792/3792/3792 3791/3791/3791 3784/3784/3784
f 3786/3786/3786 3785/3785/3785 3784/3784/3784
f 3784/3784/3784 3787/3787/3787 3786/3786/3786
f 3784/3784/3784 3783/3783/3783 3799/3799/3799
f 3782/3782/3782 3780/3780/3780 3783/3783/3783
f 3781/3781/3781 3780/3780/3780 3782/3782/3782
f 3784/3784/3784 3793/3793/3793 3792/3792/3792
f 3784/3784/3784 3798/3798/3798 3797/3797/3797
f 3799/3799/3799 3798/3798/3798 3784/3784/3784
f 3801/3801/3801 3800/3800/3800 3778/3778/3778
f 3780/3780/3780 3800/3800/3800 3783/3783/3783
f 3777/3777/3777 3801/3801/3801 3778/3778/3778
f 3784/3784/3784 3795/3795/3795 3794/3794/3794
f 3784/3784/3784 3796/3796/3796 3795/3795/3795
f 3783/3783/3783 3800/3800/3800 3799/3799/3799
f 3778/3778/3778 3800/3800/3800 3780/3780/3780
f 3778/3778/3778 3780/3780/3780 3779/3779/3779
f 3797/3797/3797 3796/3796/3796 3784/3784/3784
f 3784/3784/3784 3794/3794/3794 3793/3793/3793
f 3811/3811/3811 3807/3807/3807 3810/3810/3810
f 3811/3811/3811 3812/3812/3812 3807/3807/3807
f 3814/3814/3814 3807/3807/3807 3813/3813/3813
f 3807/3807/3807 3812/3812/3812 3813/3813/3813
f 3815/3815/3815 3807/3807/3807 3814/3814/3814
f 3809/3809/3809 3807/3807/3807 3808/3808/3808
f 3807/3807/3807 3809/3809/3809 3810/3810/3810
f 3807/3807/3807 3822/3822/3822 3806/3806/3806
f 3805/3805/3805 3806/3806/3806 3803/3803/3803
f 3804/3804/3804 3805/3805/3805 3803/3803/3803
f 3807/3807/3807 3815/3815/3815 3816/3816/3816
f 3807/3807/3807 3820/3820/3820 3821/3821/3821
f 3822/3822/3822 3807/3807/3807 3821/3821/3821
f 3824/3824/3824 3826/3826/3826 3823/3823/3823
f 3803/3803/3803 3806/3806/3806 3823/3823/3823
f 3825/3825/3825 3826/3826/3826 3824/3824/3824
f 3807/3807/3807 3817/3817/3817 3818/3818/3818
f 3807/3807/3807 3818/3818/3818 3819/3819/3819
f 3806/3806/3806 3822/3822/3822 3823/3823/3823
f 3826/3826/3826 3803/3803/3803 3823/3823/3823
f 3826/3826/3826 3802/3802/3802 3803/3803/3803
f 3820/3820/3820 3807/3807/3807 3819/3819/3819
f 3807/3807/3807 3816/3816/3816 3817/3817/3817
f 3828/3828/3828 3827/3827/3827 3831/3831/3831 3833/3833/3833
f 3831/3831/3831 3832/3832/3832 3833/3833/3833
f 3832/3832/3832 3830/3830/3830 3833/3833/3833
f 3829/3829/3829 3832/3832/3832 3831/3831/3831
f 3839/3839/3839 3835/3835/3835 3834/3834/3834 3838/3838/3838
f 3838/3838/3838 3836/3836/3836 3837/3837/3837 3839/3839/3839
f 3844/3844/3844 3847/3847/3847 3841/3841/3841 3840/3840/3840
f 3844/3844/3844 3845/3845/3845 3846/3846/3846 3847/3847/3847
f 3845/3845/3845 3842/3842/3842 3843/3843/3843 3846/3846/3846
f 3850/3850/3850 3851/3851/3851 3849/3849/3849 3848/3848/3848
f 3854/3854/3854 3855/3855/3855 3853/3853/3853 3852/3852/3852
f 3852/3852/3852 3853/3853/3853 3851/3851/3851 3850/3850/3850
f 3858/3858/3858 3859/3859/3859 3857/3857/3857 3856/3856/3856
f 3862/3862/3862 3863/3863/3863 3861/3861/3861 3860/3860/3860
f 3860/3860/3860 3861/3861/3861 3859/3859/3859 3858/3858/3858
f 3856/3856/3856 3857/3857/3857 3855/3855/3855 3854/3854/3854
f 3863/3863/3863 3862/3862/3862 3864/3864/3864 3865/3865/3865
f 3866/3866/3866 3867/3867/3867 3865/3865/3865 3864/3864/3864
f 3870/3870/3870 3871/3871/3871 3869/3869/3869 3868/3868/3868
f 3868/3868/3868 3869/3869/3869 3867/3867/3867 3866/3866/3866
f 3874/3874/3874 3875/3875/3875 3873/3873/3873 3872/3872/3872
f 3878/3878/3878 3879/3879/3879 3877/3877/3877 3876/3876/3876
f 3876/3876/3876 3877/3877/3877 3875/3875/3875 3874/3874/3874
f 3872/3872/3872 3873/3873/3873 3871/3871/3871 3870/3870/3870
f 3886/3886/3886 3880/3880/3880 3884/3884/3884
f 3886/3886/3886 3888/3888/3888 3881/3881/3881
f 3888/3888/3888 3886/3886/3886 3884/3884/3884
f 3882/3882/3882 3883/3883/3883 3887/3887/3887 3885/3885/3885
f 3885/3885/3885 3887/3887/3887 3888/3888/3888 3884/3884/3884
g object_20
v 662.1788940429688 -18.32500076293945 -608.0026245117188
v 662.1788940429688 -18.32500076293945 -549.5477294921875
v 662.1788940429688 -18.32500076293945 -491.0928955078125
v 700.1788940429688 -18.32500076293945 -490.5513000488281
v 700.1788940429688 -18.32500076293945 -549.1810913085938
v 700.1788940429688 -18.32500076293945 -607.8109130859375
v 681.1788940429688 -18.32500076293945 -490.8220825195312
v 681.1788940429688 -18.32500076293945 -607.90673828125
v 662.1788940429688 0 -608.0026245117188
v 662.1788940429688 0 -549.5477294921875
v 662.1788940429688 0 -491.0928955078125
v 700.1788940429688 0 -490.5513000488281
v 700.1788940429688 0 -549.1810913085938
v 700.1788940429688 0 -607.8109130859375
v 681.1788940429688 0 -607.90673828125
v 681.1788940429688 0 -490.8220825195312
v 662.1788940429688 0 -491.0928955078125
v 662.1788940429688 -18.32500076293945 -491.0928955078125
v 662.1788940429688 0 -608.0026245117188
v 662.1788940429688 -18.32500076293945 -608.0026245117188
v 662.1788940429688 -18.32500076293945 -549.5477294921875
v 662.1788940429688 0 -549.5477294921875
v 700.1788940429688 0 -490.5513000488281
v 700.1788940429688 -18.32500076293945 -490.5513000488281
v 662.1788940429688 0 -491.0928955078125
v 662.1788940429688 -18.32500076293945 -491.0928955078125
v 681.1788940429688 0 -490.8220825195312
v 681.1788940429688 -18.32500076293945 -490.8220825195312
v 700.1788940429688 0 -607.8109130859375
v 700.1788940429688 -18.32500076293945 -607.8109130859375
v 700.1788940429688 0 -490.5513000488281
v 700.1788940429688 -18.32500076293945 -490.5513000488281
v 700.1788940429688 -18.32500076293945 -549.1810913085938
v 700.1788940429688 0 -549.1810913085938
v 662.1788940429688 0 -608.0026245117188
v 662.1788940429688 -18.32500076293945 -608.0026245117188
v 700.1788940429688 0 -607.8109130859375
v 700.1788940429688 -18.32500076293945 -607.8109130859375
v 681.1788940429688 0 -607.90673828125
v 681.1788940429688 -18.32500076293945 -607.90673828125
vt 0.7455101013183594 0.7850885391235352
vt 0.7455101013183594 0.3982230424880981
vt 0.7455101013183594 0.01135747879743576
vt 0.9960299730300903 0.00777315441519022
vt 0.9960299730300903 0.3957965075969696
vt 0.9960299730300903 0.7838199138641357
vt 0.8707700371742249 0.009565317071974277
vt 0.8707700371742249 0.7844542860984802
vt 0.4885150194168091 0.7850885391235352
vt 0.4885150194168091 0.3982230424880981
vt 0.4885150194168091 0.01135747879743576
vt 0.73903489112854 0.00777315441519022
vt 0.73903489112854 0.3957965075969696
vt 0.73903489112854 0.7838199138641357
vt 0.6137749552726746 0.7844542860984802
vt 0.6137749552726746 0.009565317071974277
vt 0.3630425333976746 0
vt 0.2430049180984497 0
vt 0.3630425333976746 0.7751606106758118
vt 0.2430049180984497 0.7751606106758118
vt 0.2430049180984497 0.3875803053379059
vt 0.3630425333976746 0.3875803053379059
vt 0.2415400743484497 0
vt 0.1215024590492249 0
vt 0.2415400743484497 0.2519815564155579
vt 0.1215024590492249 0.2519815564155579
vt 0.2415400743484497 0.1259907782077789
vt 0.1215024590492249 0.1259907782077789
vt 0.4845449924468994 0
vt 0.3645073771476746 0
vt 0.4845449924468994 0.7774805426597595
vt 0.3645073771476746 0.7774805426597595
vt 0.3645073771476746 0.3887402713298798
vt 0.4845449924468994 0.3887402713298798
vt 0.1200376152992249 0
vt 0 0
vt 0.1200376152992249 0.2519591748714447
vt 0 0.2519591748714447
vt 0.1200376152992249 0.1259795874357224
vt 0 0.1259795874357224
vn 0 -1 0
vn 0 -1 0
vn 0 -1 0
vn 0 -1 0
vn 0 -1 0
vn 0 -1 0
vn 0 -1 0
vn 0 -1 0
vn 0 1 0
vn 0 1 0
vn 0 1 0
vn 0 1 0
vn 0 1 0
vn 0 1 0
vn 0 1 0
vn 0 1 0
vn -1 0 0
vn -1 0 0
vn -1 0 0
vn -1 0 0
vn -1 0 0
vn -1 0 1.944865362168784e-15
vn -0.01425083354115486 0 0.9998984336853027
vn -0.01425083354115486 0 0.9998984336853027
vn -0.01425083354115486 0 0.9998984336853027
vn -0.01425083354115486 0 0.9998984336853027
vn -0.01425083354115486 0 0.9998984336853027
vn -0.01425083354115486 0 0.9998984336853027
vn 1 0 3.552714102316975e-15
vn 1 0 3.552714102316975e-15
vn 1 0 3.552714102316975e-15
vn 1 0 3.552714102316975e-15
vn 1 0 1.939062127688908e-15
vn 1 0 1.939062127688908e-15
vn 0.00504460372030735 0 -0.9999873042106628
vn 0.00504460372030735 0 -0.9999873042106628
vn 0.00504460372030735 0 -0.9999873042106628
vn 0.00504460372030735 0 -0.9999873042106628
vn 0.00504460372030735 0 -0.9999873042106628
vn 0.00504460372030735 0 -0.9999873042106628
f 3890/3890/3890 3895/3895/3895 3891/3891/3891
f 3890/3890/3890 3889/3889/3889 3896/3896/3896
f 3896/3896/3896 3895/3895/3895 3890/3890/3890
f 3895/3895/3895 3896/3896/3896 3893/3893/3893
f 3893/3893/3893 3896/3896/3896 3894/3894/3894
f 3892/3892/3892 3895/3895/3895 3893/3893/3893
f 3898/3898/3898 3899/3899/3899 3904/3904/3904
f 3898/3898/3898 3903/3903/3903 3897/3897/3897
f 3903/3903/3903 3898/3898/3898 3904/3904/3904
f 3904/3904/3904 3901/3901/3901 3903/3903/3903
f 3901/3901/3901 3902/3902/3902 3903/3903/3903
f 3900/3900/3900 3901/3901/3901 3904/3904/3904
f 3909/3909/3909 3906/3906/3906 3905/3905/3905 3910/3910/3910
f 3910/3910/3910 3907/3907/3907 3908/3908/3908 3909/3909/3909
f 3911/3911/3911 3915/3915/3915 3916/3916/3916 3912/3912/3912
f 3914/3914/3914 3916/3916/3916 3915/3915/3915 3913/3913/3913
f 3921/3921/3921 3918/3918/3918 3917/3917/3917 3922/3922/3922
f 3922/3922/3922 3919/3919/3919 3920/3920/3920 3921/3921/3921
f 3924/3924/3924 3923/3923/3923 3927/3927/3927 3928/3928/3928
f 3925/3925/3925 3926/3926/3926 3928/3928/3928 3927/3927/3927
g object_21
v 532.1929321289062 -18.32500076293945 -491.1213989257812
v 532.1929321289062 -18.32500076293945 -549.5670166015625
v 532.1929321289062 -18.32500076293945 -608.0126953125
v 508.9590148925781 -18.32500076293945 -608.1298828125
v 485.7250671386719 -18.32500076293945 -608.2471313476562
v 485.2981872558594 -18.32500076293945 -551.5115356445312
v 484.871337890625 -18.32500076293945 -494.7759399414062
v 484.9169616699219 -18.32500076293945 -494.231689453125
v 484.9800720214844 -18.32500076293945 -493.9526977539062
v 485.0720520019531 -18.32500076293945 -493.6742553710938
v 485.1934814453125 -18.32500076293945 -493.4007263183594
v 485.3441162109375 -18.32500076293945 -493.13671875
v 485.5226440429688 -18.32500076293945 -492.8868103027344
v 485.7269592285156 -18.32500076293945 -492.6552734375
v 485.9539794921875 -18.32500076293945 -492.4459838867188
v 486.199951171875 -18.32500076293945 -492.2620544433594
v 486.4606018066406 -18.32500076293945 -492.105712890625
v 486.7314147949219 -18.32500076293945 -491.9783630371094
v 487.0077819824219 -18.32500076293945 -491.8803405761719
v 487.2853393554688 -18.32500076293945 -491.8111572265625
v 487.8284912109375 -18.32500076293945 -491.7536926269531
v 502.6166381835938 -18.32500076293945 -491.5429077148438
v 517.40478515625 -18.32500076293945 -491.3321533203125
v 532.1929321289062 0 -608.0126953125
v 508.9590148925781 0 -608.1298828125
v 485.7250671386719 0 -608.2471313476562
v 485.2981872558594 0 -551.5115356445312
v 484.871337890625 0 -494.7759399414062
v 484.9169616699219 0 -494.231689453125
v 484.9800720214844 0 -493.9526977539062
v 485.0720520019531 0 -493.6742553710938
v 485.1934814453125 0 -493.4007263183594
v 485.3441162109375 0 -493.13671875
v 485.5226440429688 0 -492.8868103027344
v 485.7269592285156 0 -492.6552734375
v 485.9539794921875 0 -492.4459838867188
v 486.199951171875 0 -492.2620544433594
v 486.4606018066406 0 -492.105712890625
v 486.7314147949219 0 -491.9783630371094
v 487.0077819824219 0 -491.8803405761719
v 487.2853393554688 0 -491.8111572265625
v 487.8284912109375 0 -491.7536926269531
v 502.6166381835938 0 -491.5429077148438
v 517.40478515625 0 -491.3321533203125
v 532.1929321289062 0 -491.1213989257812
v 532.1929321289062 0 -549.5670166015625
v 532.1929321289062 0 -608.0126953125
v 532.1929321289062 -18.32500076293945 -608.0126953125
v 532.1929321289062 0 -491.1213989257812
v 532.1929321289062 -18.32500076293945 -491.1213989257812
v 532.1929321289062 0 -549.5670166015625
v 532.1929321289062 -9.162500381469727 -491.1213989257812
v 532.1929321289062 -18.32500076293945 -549.5670166015625
v 485.7250671386719 0 -608.2471313476562
v 485.7250671386719 -18.32500076293945 -608.2471313476562
v 532.1929321289062 0 -608.0126953125
v 532.1929321289062 -18.32500076293945 -608.0126953125
v 508.9590148925781 0 -608.1298828125
v 508.9590148925781 -18.32500076293945 -608.1298828125
v 484.871337890625 0 -494.7759399414062
v 484.871337890625 -18.32500076293945 -494.7759399414062
v 485.7250671386719 0 -608.2471313476562
v 485.7250671386719 -18.32500076293945 -608.2471313476562
v 485.2981872558594 0 -551.5115356445312
v 485.2981872558594 -18.32500076293945 -551.5115356445312
v 487.8284912109375 0 -491.7536926269531
v 487.8284912109375 -18.32500076293945 -491.7536926269531
v 487.2853393554688 0 -491.8111572265625
v 487.2853393554688 -18.32500076293945 -491.8111572265625
v 487.0077819824219 0 -491.8803405761719
v 487.0077819824219 -18.32500076293945 -491.8803405761719
v 486.7314147949219 0 -491.9783630371094
v 486.7314147949219 -18.32500076293945 -491.9783630371094
v 486.4606018066406 0 -492.105712890625
v 486.4606018066406 -18.32500076293945 -492.105712890625
v 486.199951171875 0 -492.2620544433594
v 486.199951171875 -18.32500076293945 -492.2620544433594
v 485.9539794921875 0 -492.4459838867188
v 485.9539794921875 -18.32500076293945 -492.4459838867188
v 485.7269592285156 0 -492.6552734375
v 485.7269592285156 -18.32500076293945 -492.6552734375
v 485.5226440429688 0 -492.8868103027344
v 485.5226440429688 -18.32500076293945 -492.8868103027344
v 485.3441162109375 0 -493.13671875
v 485.3441162109375 -18.32500076293945 -493.13671875
v 485.1934814453125 0 -493.4007263183594
v 485.1934814453125 -18.32500076293945 -493.4007263183594
v 485.0720520019531 0 -493.6742553710938
v 485.0720520019531 -18.32500076293945 -493.6742553710938
v 484.9800720214844 0 -493.9526977539062
v 484.9800720214844 -18.32500076293945 -493.9526977539062
v 484.9169616699219 0 -494.231689453125
v 484.9169616699219 -18.32500076293945 -494.231689453125
v 484.871337890625 0 -494.7759399414062
v 484.871337890625 -18.32500076293945 -494.7759399414062
v 532.1929321289062 0 -491.1213989257812
v 532.1929321289062 -18.32500076293945 -491.1213989257812
v 487.8284912109375 0 -491.7536926269531
v 487.8284912109375 -18.32500076293945 -491.7536926269531
v 517.40478515625 0 -491.3321533203125
v 502.6166381835938 0 -491.5429077148438
v 532.1929321289062 -9.162500381469727 -491.1213989257812
v 502.6166381835938 -18.32500076293945 -491.5429077148438
v 517.40478515625 -18.32500076293945 -491.3321533203125
vt 0.9910471439361572 0.8726042509078979
vt 0.6173958778381348 0.8726042509078979
vt 0.2437446415424347 0.8726042509078979
vt 0.2429953068494797 0.724493682384491
vt 0.2422460168600082 0.5763830542564392
vt 0.604964554309845 0.5736618638038635
vt 0.9676830172538757 0.5709406137466431
vt 0.9711626172065735 0.571231484413147
vt 0.9729462862014771 0.5716338157653809
vt 0.9747263789176941 0.5722202062606812
vt 0.9764750003814697 0.5729943513870239
vt 0.9781628251075745 0.5739544630050659
vt 0.9797606468200684 0.5750926733016968
vt 0.9812407493591309 0.5763950347900391
vt 0.9825788140296936 0.5778422355651855
vt 0.9837548136711121 0.5794102549552917
vt 0.984754204750061 0.5810719132423401
vt 0.9855684638023376 0.5827982425689697
vt 0.9861951470375061 0.5845600366592407
vt 0.9866374135017395 0.5863293409347534
vt 0.987004816532135 0.5897918343544006
vt 0.9883522391319275 0.6840626001358032
vt 0.9896997213363647 0.7783334255218506
vt 0.2437446415424347 0.5664577484130859
vt 0.2429953068494797 0.4183471500873566
vt 0.2422460168600082 0.2702365815639496
vt 0.604964554309845 0.2675153613090515
vt 0.9676830172538757 0.2647941410541534
vt 0.9711626172065735 0.265084981918335
vt 0.9729462862014771 0.2654873430728912
vt 0.9747263789176941 0.2660737037658691
vt 0.9764750003814697 0.2668478786945343
vt 0.9781628251075745 0.2678079605102539
vt 0.9797606468200684 0.2689461410045624
vt 0.9812407493591309 0.2702485322952271
vt 0.9825788140296936 0.2716957032680511
vt 0.9837548136711121 0.2732637226581573
vt 0.984754204750061 0.2749253809452057
vt 0.9855684638023376 0.2766517102718353
vt 0.9861951470375061 0.2784135043621063
vt 0.9866374135017395 0.2801828384399414
vt 0.987004816532135 0.2836453020572662
vt 0.9883522391319275 0.3779161274433136
vt 0.9896997213363647 0.4721869230270386
vt 0.9910471439361572 0.5664577484130859
vt 0.6173958778381348 0.5664577484130859
vt 0.2347579747438431 0.1474151462316513
vt 0.2347579747438431 0.2633292973041534
vt 0.9834937453269958 0.1474151462316513
vt 0.9834937453269958 0.2633292973041534
vt 0.6091258525848389 0.1474151462316513
vt 0.9834937453269958 0.2053722143173218
vt 0.6091258525848389 0.2633292973041534
vt 0.1159141436219215 0
vt 0 0
vt 0.1159141436219215 0.2976491153240204
vt 0 0.2976491153240204
vt 0.1159141436219215 0.1488245576620102
vt 0 0.1488245576620102
vt 0.2332931309938431 0
vt 0.1173789873719215 0
vt 0.2332931309938431 0.7268489003181458
vt 0.1173789873719215 0.7268489003181458
vt 0.2332931309938431 0.3634244501590729
vt 0.1173789873719215 0.3634244501590729
vt 0.3521369695663452 0
vt 0.2347579747438431 0
vt 0.3521369695663452 0.003571413457393646
vt 0.2347579747438431 0.003571413457393646
vt 0.3521369695663452 0.005357120186090469
vt 0.2347579747438431 0.005357120186090469
vt 0.3521369695663452 0.007142826914787292
vt 0.2347579747438431 0.007142826914787292
vt 0.3521369695663452 0.008928533643484116
vt 0.2347579747438431 0.008928533643484116
vt 0.3521369695663452 0.01071424037218094
vt 0.2347579747438431 0.01071424037218094
vt 0.3521369695663452 0.01249994710087776
vt 0.2347579747438431 0.01249994710087776
vt 0.3521369695663452 0.01428565382957458
vt 0.2347579747438431 0.01428565382957458
vt 0.3521369695663452 0.01607136055827141
vt 0.2347579747438431 0.01607136055827141
vt 0.3521369695663452 0.01785706728696823
vt 0.2347579747438431 0.01785706728696823
vt 0.3521369695663452 0.01964277401566505
vt 0.2347579747438431 0.01964277401566505
vt 0.3521369695663452 0.02142848074436188
vt 0.2347579747438431 0.02142848074436188
vt 0.3521369695663452 0.0232141874730587
vt 0.2347579747438431 0.0232141874730587
vt 0.3521369695663452 0.02499989420175552
vt 0.2347579747438431 0.02499989420175552
vt 0.3521369695663452 0.02857130765914917
vt 0.2347579747438431 0.02857130765914917
vt 0.2347579747438431 0.03003615140914917
vt 0.2347579747438431 0.1459503024816513
vt 0.5189589262008667 0.03003615140914917
vt 0.5189589262008667 0.1459503024816513
vt 0.3294916450977325 0.03003615140914917
vt 0.4242253005504608 0.03003615140914917
vt 0.2347579747438431 0.08799322694540024
vt 0.4242253005504608 0.1459503024816513
vt 0.3294916450977325 0.1459503024816513
vn 0 -1 0
vn 0 -1 0
vn 0 -1 0
vn 0 -1 0
vn 0 -1 0
vn 0 -1 0
vn 0 -1 0
vn 0 -1 0
vn 0 -1 0
vn 0 -1 0
vn 0 -1 0
vn 0 -1 0
vn 0 -1 0
vn 0 -1 0
vn 0 -1 0
vn 0 -1 0
vn 0 -1 0
vn 0 -1 0
vn 0 -1 0
vn 0 -1 0
vn 0 -1 0
vn 0 -1 0
vn 0 -1 0
vn 0 1 0
vn 0 1 0
vn 0 1 0
vn 0 1 0
vn 0 1 0
vn 0 1 0
vn 0 1 0
vn 0 1 0
vn 0 1 0
vn 0 1 0
vn 0 1 0
vn 0 1 0
vn 0 1 0
vn 0 1 0
vn 0 1 0
vn 0 1 0
vn 0 1 0
vn 0 1 0
vn 0 1 0
vn 0 1 0
vn 0 1 0
vn 0 1 0
vn 0 1 0
vn 1 0 0
vn 1 0 0
vn 1 0 0
vn 1 0 0
vn 1 0 0
vn 1 0 0
vn 1 0 0
vn 0.00504460372030735 0 -0.9999873042106628
vn 0.00504460372030735 0 -0.9999873042106628
vn 0.00504460372030735 0 -0.9999873042106628
vn 0.00504460372030735 0 -0.9999873042106628
vn 0.00504460372030735 0 -0.9999873042106628
vn 0.00504460372030735 0 -0.9999873042106628
vn -0.9999716877937317 0 -0.007523726671934128
vn -0.9999716877937317 0 -0.007523726671934128
vn -0.9999716877937317 0 -0.007523726671934128
vn -0.9999716877937317 0 -0.007523726671934128
vn -0.9999716877937317 0 -0.007523726671934128
vn -0.9999716877937317 0 -0.007523726671934128
vn -0.01425083354115486 0 0.9998984336853027
vn -0.01425083354115486 0 0.9998984336853027
vn -0.1953014433383942 0 0.9807432889938354
vn -0.1953014433383942 0 0.9807432889938354
vn -0.2878195345401764 0 0.9576846361160278
vn -0.2878195345401764 0 0.9576846361160278
vn -0.3799433410167694 0 0.9250097870826721
vn -0.3799433410167694 0 0.9250097870826721
vn -0.4702117145061493 0 0.8825536370277405
vn -0.4702117145061493 0 0.8825536370277405
vn -0.5570992231369019 0 0.8304459452629089
vn -0.5570992231369019 0 0.8304459452629089
vn -0.639090895652771 0 0.7691312432289124
vn -0.639090895652771 0 0.7691312432289124
vn -0.7147634029388428 0 0.6993663311004639
vn -0.7147634029388428 0 0.6993663311004639
vn -0.7828640937805176 0 0.6221928000450134
vn -0.7828640937805176 0 0.6221928000450134
vn -0.8423790335655212 0 0.5388855338096619
vn -0.8423790335655212 0 0.5388855338096619
vn -0.8925825357437134 0 0.4508840441703796
vn -0.8925825357437134 0 0.4508840441703796
vn -0.9330631494522095 0 0.3597126603126526
vn -0.9330631494522095 0 0.3597126603126526
vn -0.9637244343757629 0 0.2668992578983307
vn -0.9637244343757629 0 0.2668992578983307
vn -0.9847631454467773 0 0.1739010214805603
vn -0.9847631454467773 0 0.1739010214805603
vn -0.9999716877937317 0 -0.007523726671934128
vn -0.9999716877937317 0 -0.007523726671934128
vn -0.01425083354115486 0 0.9998984336853027
vn -0.01425083354115486 0 0.9998984336853027
vn -0.01425083354115486 0 0.9998984336853027
vn -0.01425083354115486 0 0.9998984336853027
vn -0.01425083354115486 0 0.9998984336853027
vn -0.01425083354115486 0 0.9998984336853027
vn -0.01425083354115486 0 0.9998984336853027
vn -0.01425083354115486 0 0.9998984336853027
vn -0.01425083354115486 0 0.9998984336853027
f 3940/3940/3940 3939/3939/3939 3935/3935/3935
f 3942/3942/3942 3941/3941/3941 3935/3935/3935
f 3935/3935/3935 3941/3941/3941 3940/3940/3940
f 3943/3943/3943 3942/3942/3942 3935/3935/3935
f 3937/3937/3937 3936/3936/3936 3935/3935/3935
f 3938/3938/3938 3937/3937/3937 3935/3935/3935
f 3935/3935/3935 3934/3934/3934 3949/3949/3949
f 3932/3932/3932 3934/3934/3934 3933/3933/3933
f 3938/3938/3938 3935/3935/3935 3939/3939/3939
f 3943/3943/3943 3935/3935/3935 3944/3944/3944
f 3935/3935/3935 3948/3948/3948 3947/3947/3947
f 3949/3949/3949 3948/3948/3948 3935/3935/3935
f 3951/3951/3951 3950/3950/3950 3930/3930/3930
f 3934/3934/3934 3930/3930/3930 3950/3950/3950
f 3929/3929/3929 3951/3951/3951 3930/3930/3930
f 3935/3935/3935 3946/3946/3946 3945/3945/3945
f 3946/3946/3946 3935/3935/3935 3947/3947/3947
f 3931/3931/3931 3930/3930/3930 3932/3932/3932
f 3949/3949/3949 3934/3934/3934 3950/3950/3950
f 3934/3934/3934 3932/3932/3932 3930/3930/3930
f 3945/3945/3945 3944/3944/3944 3935/3935/3935
f 3961/3961/3961 3956/3956/3956 3960/3960/3960
f 3963/3963/3963 3956/3956/3956 3962/3962/3962
f 3956/3956/3956 3961/3961/3961 3962/3962/3962
f 3964/3964/3964 3956/3956/3956 3963/3963/3963
f 3958/3958/3958 3956/3956/3956 3957/3957/3957
f 3959/3959/3959 3956/3956/3956 3958/3958/3958
f 3956/3956/3956 3970/3970/3970 3955/3955/3955
f 3953/3953/3953 3954/3954/3954 3955/3955/3955
f 3959/3959/3959 3960/3960/3960 3956/3956/3956
f 3964/3964/3964 3965/3965/3965 3956/3956/3956
f 3956/3956/3956 3968/3968/3968 3969/3969/3969
f 3970/3970/3970 3956/3956/3956 3969/3969/3969
f 3972/3972/3972 3974/3974/3974 3971/3971/3971
f 3955/3955/3955 3971/3971/3971 3974/3974/3974
f 3973/3973/3973 3974/3974/3974 3972/3972/3972
f 3956/3956/3956 3966/3966/3966 3967/3967/3967
f 3967/3967/3967 3968/3968/3968 3956/3956/3956
f 3952/3952/3952 3953/3953/3953 3974/3974/3974
f 3970/3970/3970 3971/3971/3971 3955/3955/3955
f 3955/3955/3955 3974/3974/3974 3953/3953/3953
f 3966/3966/3966 3956/3956/3956 3965/3965/3965
f 3976/3976/3976 3975/3975/3975 3979/3979/3979 3981/3981/3981
f 3979/3979/3979 3980/3980/3980 3981/3981/3981
f 3980/3980/3980 3978/3978/3978 3981/3981/3981
f 3977/3977/3977 3980/3980/3980 3979/3979/3979
f 3983/3983/3983 3982/3982/3982 3986/3986/3986 3987/3987/3987
f 3984/3984/3984 3985/3985/3985 3987/3987/3987 3986/3986/3986
f 3989/3989/3989 3988/3988/3988 3992/3992/3992 3993/3993/3993
f 3990/3990/3990 3991/3991/3991 3993/3993/3993 3992/3992/3992
f 3996/3996/3996 3997/3997/3997 3995/3995/3995 3994/3994/3994
f 3998/3998/3998 3999/3999/3999 3997/3997/3997 3996/3996/3996
f 4002/4002/4002 4003/4003/4003 4001/4001/4001 4000/4000/4000
f 4006/4006/4006 4007/4007/4007 4005/4005/4005 4004/4004/4004
f 4004/4004/4004 4005/4005/4005 4003/4003/4003 4002/4002/4002
f 4000/4000/4000 4001/4001/4001 3999/3999/3999 3998/3998/3998
f 4008/4008/4008 4009/4009/4009 4007/4007/4007 4006/4006/4006
f 4012/4012/4012 4013/4013/4013 4011/4011/4011 4010/4010/4010
f 4014/4014/4014 4015/4015/4015 4013/4013/4013 4012/4012/4012
f 4018/4018/4018 4019/4019/4019 4017/4017/4017 4016/4016/4016
f 4022/4022/4022 4023/4023/4023 4021/4021/4021 4020/4020/4020
f 4020/4020/4020 4021/4021/4021 4019/4019/4019 4018/4018/4018
f 4016/4016/4016 4017/4017/4017 4015/4015/4015 4014/4014/4014
f 4010/4010/4010 4011/4011/4011 4009/4009/4009 4008/4008/4008
f 4030/4030/4030 4024/4024/4024 4028/4028/4028
f 4030/4030/4030 4032/4032/4032 4025/4025/4025
f 4032/4032/4032 4030/4030/4030 4028/4028/4028
f 4026/4026/4026 4027/4027/4027 4031/4031/4031 4029/4029/4029
f 4029/4029/4029 4031/4031/4031 4032/4032/4032 4028/4028/4028
g object_22
v 534.1929321289062 -18.32500076293945 -608.0026245117188
v 534.1929321289062 -18.32500076293945 -549.5477294921875
v 534.1929321289062 -18.32500076293945 -491.0928955078125
v 572.1929321289062 -18.32500076293945 -490.5513000488281
v 572.1929321289062 -18.32500076293945 -549.1810913085938
v 572.1929321289062 -18.32500076293945 -607.8109130859375
v 553.1929321289062 -18.32500076293945 -490.8220825195312
v 553.1929321289062 -18.32500076293945 -607.90673828125
v 534.1929321289062 0 -608.0026245117188
v 534.1929321289062 0 -549.5477294921875
v 534.1929321289062 0 -491.0928955078125
v 572.1929321289062 0 -490.5513000488281
v 572.1929321289062 0 -549.1810913085938
v 572.1929321289062 0 -607.8109130859375
v 553.1929321289062 0 -607.90673828125
v 553.1929321289062 0 -490.8220825195312
v 534.1929321289062 0 -491.0928955078125
v 534.1929321289062 -18.32500076293945 -491.0928955078125
v 534.1929321289062 0 -608.0026245117188
v 534.1929321289062 -18.32500076293945 -608.0026245117188
v 534.1929321289062 -18.32500076293945 -549.5477294921875
v 534.1929321289062 0 -549.5477294921875
v 572.1929321289062 0 -490.5513000488281
v 572.1929321289062 -18.32500076293945 -490.5513000488281
v 534.1929321289062 0 -491.0928955078125
v 534.1929321289062 -18.32500076293945 -491.0928955078125
v 553.1929321289062 0 -490.8220825195312
v 553.1929321289062 -18.32500076293945 -490.8220825195312
v 572.1929321289062 0 -607.8109130859375
v 572.1929321289062 -18.32500076293945 -607.8109130859375
v 572.1929321289062 0 -490.5513000488281
v 572.1929321289062 -18.32500076293945 -490.5513000488281
v 572.1929321289062 -18.32500076293945 -549.1810913085938
v 572.1929321289062 0 -549.1810913085938
v 534.1929321289062 0 -608.0026245117188
v 534.1929321289062 -18.32500076293945 -608.0026245117188
v 572.1929321289062 0 -607.8109130859375
v 572.1929321289062 -18.32500076293945 -607.8109130859375
v 553.1929321289062 0 -607.90673828125
v 553.1929321289062 -18.32500076293945 -607.90673828125
vt 0.7455101013183594 0.7850885391235352
vt 0.7455101013183594 0.3982230424880981
vt 0.7455101013183594 0.01135747879743576
vt 0.9960299730300903 0.00777315441519022
vt 0.9960299730300903 0.3957965075969696
vt 0.9960299730300903 0.7838199138641357
vt 0.8707700371742249 0.009565317071974277
vt 0.8707700371742249 0.7844542860984802
vt 0.4885150194168091 0.7850885391235352
vt 0.4885150194168091 0.3982230424880981
vt 0.4885150194168091 0.01135747879743576
vt 0.73903489112854 0.00777315441519022
vt 0.73903489112854 0.3957965075969696
vt 0.73903489112854 0.7838199138641357
vt 0.6137749552726746 0.7844542860984802
vt 0.6137749552726746 0.009565317071974277
vt 0.3630425333976746 0
vt 0.2430049180984497 0
vt 0.3630425333976746 0.7751606106758118
vt 0.2430049180984497 0.7751606106758118
vt 0.2430049180984497 0.3875803053379059
vt 0.3630425333976746 0.3875803053379059
vt 0.2415400743484497 0
vt 0.1215024590492249 0
vt 0.2415400743484497 0.2519815564155579
vt 0.1215024590492249 0.2519815564155579
vt 0.2415400743484497 0.1259907782077789
vt 0.1215024590492249 0.1259907782077789
vt 0.4845449924468994 0
vt 0.3645073771476746 0
vt 0.4845449924468994 0.7774805426597595
vt 0.3645073771476746 0.7774805426597595
vt 0.3645073771476746 0.3887402713298798
vt 0.4845449924468994 0.3887402713298798
vt 0.1200376152992249 0
vt 0 0
vt 0.1200376152992249 0.2519591748714447
vt 0 0.2519591748714447
vt 0.1200376152992249 0.1259795874357224
vt 0 0.1259795874357224
vn 0 -1 0
vn 0 -1 0
vn 0 -1 0
vn 0 -1 0
vn 0 -1 0
vn 0 -1 0
vn 0 -1 0
vn 0 -1 0
vn 0 1 0
vn 0 1 0
vn 0 1 0
vn 0 1 0
vn 0 1 0
vn 0 1 0
vn 0 1 0
vn 0 1 0
vn -1 0 0
vn -1 0 0
vn -1 0 0
vn -1 0 0
vn -1 0 0
vn -1 0 0
vn -0.01425083354115486 0 0.9998984336853027
vn -0.01425083354115486 0 0.9998984336853027
vn -0.01425083354115486 0 0.9998984336853027
vn -0.01425083354115486 0 0.9998984336853027
vn -0.01425083354115486 0 0.9998984336853027
vn -0.01425083354115486 0 0.9998984336853027
vn 1 0 0
vn 1 0 0
vn 1 0 0
vn 1 0 0
vn 1 0 1.939062127688908e-15
vn 1 0 1.939062127688908e-15
vn 0.00504460372030735 0 -0.9999873042106628
vn 0.00504460372030735 0 -0.9999873042106628
vn 0.00504460372030735 0 -0.9999873042106628
vn 0.00504460372030735 0 -0.9999873042106628
vn 0.00504460372030735 0 -0.9999873042106628
vn 0.00504460372030735 0 -0.9999873042106628
f 4034/4034/4034 4039/4039/4039 4035/4035/4035
f 4034/4034/4034 4033/4033/4033 4040/4040/4040
f 4040/4040/4040 4039/4039/4039 4034/4034/4034
f 4039/4039/4039 4040/4040/4040 4037/4037/4037
f 4037/4037/4037 4040/4040/4040 4038/4038/4038
f 4036/4036/4036 4039/4039/4039 4037/4037/4037
f 4042/4042/4042 4043/4043/4043 4048/4048/4048
f 4042/4042/4042 4047/4047/4047 4041/4041/4041
f 4047/4047/4047 4042/4042/4042 4048/4048/4048
f 4048/4048/4048 4045/4045/4045 4047/4047/4047
f 4045/4045/4045 4046/4046/4046 4047/4047/4047
f 4044/4044/4044 4045/4045/4045 4048/4048/4048
f 4053/4053/4053 4050/4050/4050 4049/4049/4049 4054/4054/4054
f 4054/4054/4054 4051/4051/4051 4052/4052/4052 4053/4053/4053
f 4056/4056/4056 4055/4055/4055 4059/4059/4059 4060/4060/4060
f 4057/4057/4057 4058/4058/4058 4060/4060/4060 4059/4059/4059
f 4062/4062/4062 4061/4061/4061 4066/4066/4066 4065/4065/4065
f 4063/4063/4063 4064/4064/4064 4065/4065/4065 4066/4066/4066
f 4068/4068/4068 4067/4067/4067 4071/4071/4071 4072/4072/4072
f 4069/4069/4069 4070/4070/4070 4072/4072/4072 4071/4071/4071
